<?xml version="1.0" encoding="utf-8"?><?xml-stylesheet type='text/xsl' href='STIG_unclass.xsl'?><Benchmark xmlns:dc="http://purl.org/dc/elements/1.1/" xmlns:xsi="http://www.w3.org/2001/XMLSchema-instance" xmlns:cpe="http://cpe.mitre.org/language/2.0" xmlns:xhtml="http://www.w3.org/1999/xhtml" xmlns:dsig="http://www.w3.org/2000/09/xmldsig#" xsi:schemaLocation="http://checklists.nist.gov/xccdf/1.1 http://nvd.nist.gov/schema/xccdf-1.1.4.xsd http://cpe.mitre.org/dictionary/2.0 http://cpe.mitre.org/files/cpe-dictionary_2.1.xsd" id="zOS_BMC_CONTROL-M_Restart_for_RACF_STIG" xml:lang="en" xmlns="http://checklists.nist.gov/xccdf/1.1"><status date="2022-10-07">accepted</status><title>z/OS BMC CONTROL-M/Restart for RACF Security Technical Implementation Guide</title><description>This Security Technical Implementation Guide is published as a tool to improve the security of Department of Defense (DoD) information systems. The requirements are derived from the National Institute of Standards and Technology (NIST) 800-53 and related documents. Comments or proposed revisions to this document should be sent via email to the following address: disa.stig_spt@mail.mil.</description><notice id="terms-of-use" xml:lang="en"></notice><front-matter xml:lang="en"></front-matter><rear-matter xml:lang="en"></rear-matter><reference href="https://cyber.mil"><dc:publisher>DISA</dc:publisher><dc:source>STIG.DOD.MIL</dc:source></reference><plain-text id="release-info">Release: 6 Benchmark Date: 23 Nov 2022</plain-text><plain-text id="generator">3.4.0.34222</plain-text><plain-text id="conventionsVersion">1.10.0</plain-text><version>6</version><Profile id="MAC-1_Classified"><title>I - Mission Critical Classified</title><description>&lt;ProfileDescription&gt;&lt;/ProfileDescription&gt;</description><select idref="V-224405" selected="true" /><select idref="V-224406" selected="true" /></Profile><Profile id="MAC-1_Public"><title>I - Mission Critical Public</title><description>&lt;ProfileDescription&gt;&lt;/ProfileDescription&gt;</description><select idref="V-224405" selected="true" /><select idref="V-224406" selected="true" /></Profile><Profile id="MAC-1_Sensitive"><title>I - Mission Critical Sensitive</title><description>&lt;ProfileDescription&gt;&lt;/ProfileDescription&gt;</description><select idref="V-224405" selected="true" /><select idref="V-224406" selected="true" /></Profile><Profile id="MAC-2_Classified"><title>II - Mission Support Classified</title><description>&lt;ProfileDescription&gt;&lt;/ProfileDescription&gt;</description><select idref="V-224405" selected="true" /><select idref="V-224406" selected="true" /></Profile><Profile id="MAC-2_Public"><title>II - Mission Support Public</title><description>&lt;ProfileDescription&gt;&lt;/ProfileDescription&gt;</description><select idref="V-224405" selected="true" /><select idref="V-224406" selected="true" /></Profile><Profile id="MAC-2_Sensitive"><title>II - Mission Support Sensitive</title><description>&lt;ProfileDescription&gt;&lt;/ProfileDescription&gt;</description><select idref="V-224405" selected="true" /><select idref="V-224406" selected="true" /></Profile><Profile id="MAC-3_Classified"><title>III - Administrative Classified</title><description>&lt;ProfileDescription&gt;&lt;/ProfileDescription&gt;</description><select idref="V-224405" selected="true" /><select idref="V-224406" selected="true" /></Profile><Profile id="MAC-3_Public"><title>III - Administrative Public</title><description>&lt;ProfileDescription&gt;&lt;/ProfileDescription&gt;</description><select idref="V-224405" selected="true" /><select idref="V-224406" selected="true" /></Profile><Profile id="MAC-3_Sensitive"><title>III - Administrative Sensitive</title><description>&lt;ProfileDescription&gt;&lt;/ProfileDescription&gt;</description><select idref="V-224405" selected="true" /><select idref="V-224406" selected="true" /></Profile><Group id="V-224405"><title>SRG-OS-000080</title><description>&lt;GroupDescription&gt;&lt;/GroupDescription&gt;</description><Rule id="SV-224405r870222_rule" weight="10.0" severity="medium"><version>ZCTRR000</version><title>BMC CONTROL-M/Restart installation data sets will be not properly protected.</title><description>&lt;VulnDiscussion&gt;BMC CONTROL-M/Restart installation data sets have the ability to use privileged functions and/or have access to sensitive data. Failure to properly restrict access to these data sets could result in violating the integrity of the base product which could result in compromising the operating system or sensitive data.&lt;/VulnDiscussion&gt;&lt;FalsePositives&gt;&lt;/FalsePositives&gt;&lt;FalseNegatives&gt;&lt;/FalseNegatives&gt;&lt;Documentable&gt;false&lt;/Documentable&gt;&lt;Mitigations&gt;&lt;/Mitigations&gt;&lt;SeverityOverrideGuidance&gt;&lt;/SeverityOverrideGuidance&gt;&lt;PotentialImpacts&gt;&lt;/PotentialImpacts&gt;&lt;ThirdPartyTools&gt;&lt;/ThirdPartyTools&gt;&lt;MitigationControl&gt;&lt;/MitigationControl&gt;&lt;Responsibility&gt;&lt;/Responsibility&gt;&lt;IAControls&gt;&lt;/IAControls&gt;</description><reference><dc:title>DPMS Target zOS BMC CONTROL-M Restart for RACF</dc:title><dc:publisher>DISA</dc:publisher><dc:type>DPMS Target</dc:type><dc:subject>zOS BMC CONTROL-M Restart for RACF</dc:subject><dc:identifier>4137</dc:identifier></reference><ident system="http://cyber.mil/legacy">V-16932</ident><ident system="http://cyber.mil/legacy">SV-31832</ident><ident system="http://cyber.mil/cci">CCI-000213</ident><ident system="http://cyber.mil/cci">CCI-002234</ident><fixtext fixref="F-26070r870221_fix">The ISSO will ensure that WRITE and/or greater access to BMC CONTROL-M/Restart installation data sets are limited to systems programmers only, and all WRITE and/or greater access is logged. READ access can be given to auditors, BMC users, and BMC STCs and/or batch users. All failures and successful WRITE and/or greater accesses are logged.

The installing systems programmer will identify and document the product data sets and categorize them according to who will have update and alter access and if required that all update and allocate access is logged. The installing systems programmer will identify if any additional groups have update and/or alter access for specific data sets, and once documented will work with the ISSO to ensure they are properly restricted to the ACP (Access Control Program) active on the system.

(Note: The data sets and/or data set prefixes identified below are examples of a possible installation. The actual data sets and/or prefixes are determined when the product is actually installed on a system through the product's installation guide and can be site specific.)

Data sets to be protected will be: 
SYS2.IOA.*.CTRO.

The following commands are provided as a sample for implementing data set controls: 

ad 'SYS2.IOA.*.CTRO.**' uacc(none) owner(sys2) -
	audit(success(update) failures(read)) -
	data('Vendor DS Profile: BMC CONTROL-M/Restart')
pe 'SYS2.IOA.*.CTRO.**' id(&lt;syspaudt&gt;) acc(a)
pe 'SYS2.IOA.*.CTRO.**' id(&lt;audtaudt&gt; &lt;bmcuser&gt;) acc(r)
pe 'SYS2.IOA.*.CTRO.**' id(CONTROLR) acc(r)

setr generic(dataset) refresh</fixtext><fix id="F-26070r870221_fix" /><check system="C-26082r868385_chk"><check-content-ref href="zOS_BMC_CONTROL-M_Restart_for_RACF_STIG.xml" name="M" /><check-content>Refer to the following report produced by the Data Set and Resource Data Collection:

- SENSITVE.RPT(CTRRPT)

Automated Analysis
Refer to the following report produced by the Data Set and Resource Data Collection:

- PDI(ZCTR0000)

Verify that the accesses to the BMC CONTROL-M/Restart installation data sets are properly restricted. If the following guidance is true, this is not a finding.
 
___ The RACF data set access authorizations restrict READ access to auditors, BMC users, and BMC STCs and/or batch users.

___ The RACF data set access authorizations restrict WRITE and/or greater access to systems programming personnel.

___ The RACF data set access authorizations specify that all (i.e., failures and successes) WRITE and/or greater access are logged.

___ The RACF data set access authorizations specify UACC(NONE) and NOWARNING.</check-content></check></Rule></Group><Group id="V-224406"><title>SRG-OS-000080</title><description>&lt;GroupDescription&gt;&lt;/GroupDescription&gt;</description><Rule id="SV-224406r868395_rule" weight="10.0" severity="medium"><version>ZCTRR002</version><title>BMC CONTROL-M/Restart Archived Sysout data sets must be properly protected.</title><description>&lt;VulnDiscussion&gt;BMC CONTROL-M/Restart Archived Sysout data sets have the ability to use privileged functions and/or have access to sensitive data. Failure to properly restrict access to these data sets could result in violating the integrity of the base product which could result in compromising the operating system or sensitive data.&lt;/VulnDiscussion&gt;&lt;FalsePositives&gt;&lt;/FalsePositives&gt;&lt;FalseNegatives&gt;&lt;/FalseNegatives&gt;&lt;Documentable&gt;false&lt;/Documentable&gt;&lt;Mitigations&gt;&lt;/Mitigations&gt;&lt;SeverityOverrideGuidance&gt;&lt;/SeverityOverrideGuidance&gt;&lt;PotentialImpacts&gt;&lt;/PotentialImpacts&gt;&lt;ThirdPartyTools&gt;&lt;/ThirdPartyTools&gt;&lt;MitigationControl&gt;&lt;/MitigationControl&gt;&lt;Responsibility&gt;&lt;/Responsibility&gt;&lt;IAControls&gt;&lt;/IAControls&gt;</description><reference><dc:title>DPMS Target zOS BMC CONTROL-M Restart for RACF</dc:title><dc:publisher>DISA</dc:publisher><dc:type>DPMS Target</dc:type><dc:subject>zOS BMC CONTROL-M Restart for RACF</dc:subject><dc:identifier>4137</dc:identifier></reference><ident system="http://cyber.mil/legacy">V-21592</ident><ident system="http://cyber.mil/legacy">SV-32219</ident><ident system="http://cyber.mil/cci">CCI-000213</ident><fixtext fixref="F-26071r868393_fix">Ensure that WRITE and/or greater access to BMC CONTROL-M/Restart Archived Sysout data sets are limited to production control scheduling personnel, scheduled batch users, systems programmers, and the BMC STCs and/or batch users only. READ access can be given to auditors and BMC users.

The installing Systems Programmer will identify and document the product data sets and categorize them according to who will have update and alter access and if required that all update and allocate access is logged. 

The installing Systems Programmer will identify if any additional groups have update and/or alter access for specific data sets, and once documented will work with the ISSO to see that they are properly restricted to the ACP (Access Control Program) active on the system.

(Note: The data sets and/or data set prefixes identified below are examples of a possible installation. The actual data sets and/or prefixes are determined when the product is actually installed on a system through the product's installation guide and can be site specific.)

Data sets to be protected will be: 
CTRSYS.

The following commands are provided as a sample for implementing data set controls: 

ad 'CTRSYS.**' uacc(none) owner(CTRSYS) -
data('BMC CONTROL-M/Restart Archived Sysout')
pe 'CTRSYS.**' id(CONTROLM CONTDAY) acc(a)
pe 'CTRSYS.**' id(&lt;syspaudt&gt; &lt;autoaudt&gt; &lt;pcspaudt&gt;) acc(a)
pe 'CTRSYS.**' id(&lt;audtaudt&gt;) acc(r)
pe 'CTRSYS.**' id(&lt;bmcuser&gt;) acc(r)
setr generic(dataset) refresh</fixtext><fix id="F-26071r868393_fix" /><check system="C-26083r868390_chk"><check-content-ref href="zOS_BMC_CONTROL-M_Restart_for_RACF_STIG.xml" name="M" /><check-content>Refer to the following report produced by the Data Set and Resource Data Collection:

- SENSITVE.RPT(CTRUSER)

Automated Analysis
Refer to the following report produced by the Data Set and Resource Data Collection:

- PDI(ZCTR0002)

Verify that the accesses to the BMC CONTROL-M/Restart Archived Sysout data sets are properly restricted. If the following guidance is true, this is not a finding.

___ The RACF data set access authorizations restrict READ access to auditors and BMC users.

___ The RACF data set access authorizations restrict WRITE and/or greater access to Production Control Scheduling personnel, scheduled batch user(s), systems programming personnel, and the BMC STCs and/or batch users.

___ The RACF data set access authorizations specify UACC(NONE) and NOWARNING.</check-content></check></Rule></Group></Benchmark>