<?xml version="1.0" encoding="utf-8"?><?xml-stylesheet type='text/xsl' href='STIG_unclass.xsl'?><Benchmark xmlns:dc="http://purl.org/dc/elements/1.1/" xmlns:xsi="http://www.w3.org/2001/XMLSchema-instance" xmlns:cpe="http://cpe.mitre.org/language/2.0" xmlns:xhtml="http://www.w3.org/1999/xhtml" xmlns:dsig="http://www.w3.org/2000/09/xmldsig#" xsi:schemaLocation="http://checklists.nist.gov/xccdf/1.1 http://nvd.nist.gov/schema/xccdf-1.1.4.xsd http://cpe.mitre.org/dictionary/2.0 http://cpe.mitre.org/files/cpe-dictionary_2.1.xsd" id="F5_BIG-IP_TMOS_VPN_STIG" xml:lang="en" xmlns="http://checklists.nist.gov/xccdf/1.1"><status date="2024-09-09">accepted</status><title>F5 BIG-IP TMOS VPN Security Technical Implementation Guide</title><description>This Security Technical Implementation Guide is published as a tool to improve the security of Department of Defense (DOD) information systems. The requirements are derived from the National Institute of Standards and Technology (NIST) 800-53 and related documents. Comments or proposed revisions to this document should be sent via email to the following address: disa.stig_spt@mail.mil.</description><notice id="terms-of-use" xml:lang="en"></notice><front-matter xml:lang="en"></front-matter><rear-matter xml:lang="en"></rear-matter><reference href="https://cyber.mil"><dc:publisher></dc:publisher><dc:source>STIG.DOD.MIL</dc:source></reference><plain-text id="release-info">Release: 1 Benchmark Date: 26 Sep 2024</plain-text><plain-text id="generator">3.5</plain-text><plain-text id="conventionsVersion">1.10.0</plain-text><version>1</version><Profile id="MAC-1_Classified"><title>I - Mission Critical Classified</title><description>&lt;ProfileDescription&gt;&lt;/ProfileDescription&gt;</description><select idref="V-266277" selected="true" /><select idref="V-266278" selected="true" /><select idref="V-266279" selected="true" /><select idref="V-266280" selected="true" /><select idref="V-266281" selected="true" /><select idref="V-266282" selected="true" /><select idref="V-266283" selected="true" /><select idref="V-266284" selected="true" /><select idref="V-266285" selected="true" /><select idref="V-266286" selected="true" /><select idref="V-266287" selected="true" /><select idref="V-266288" selected="true" /></Profile><Profile id="MAC-1_Public"><title>I - Mission Critical Public</title><description>&lt;ProfileDescription&gt;&lt;/ProfileDescription&gt;</description><select idref="V-266277" selected="true" /><select idref="V-266278" selected="true" /><select idref="V-266279" selected="true" /><select idref="V-266280" selected="true" /><select idref="V-266281" selected="true" /><select idref="V-266282" selected="true" /><select idref="V-266283" selected="true" /><select idref="V-266284" selected="true" /><select idref="V-266285" selected="true" /><select idref="V-266286" selected="true" /><select idref="V-266287" selected="true" /><select idref="V-266288" selected="true" /></Profile><Profile id="MAC-1_Sensitive"><title>I - Mission Critical Sensitive</title><description>&lt;ProfileDescription&gt;&lt;/ProfileDescription&gt;</description><select idref="V-266277" selected="true" /><select idref="V-266278" selected="true" /><select idref="V-266279" selected="true" /><select idref="V-266280" selected="true" /><select idref="V-266281" selected="true" /><select idref="V-266282" selected="true" /><select idref="V-266283" selected="true" /><select idref="V-266284" selected="true" /><select idref="V-266285" selected="true" /><select idref="V-266286" selected="true" /><select idref="V-266287" selected="true" /><select idref="V-266288" selected="true" /></Profile><Profile id="MAC-2_Classified"><title>II - Mission Support Classified</title><description>&lt;ProfileDescription&gt;&lt;/ProfileDescription&gt;</description><select idref="V-266277" selected="true" /><select idref="V-266278" selected="true" /><select idref="V-266279" selected="true" /><select idref="V-266280" selected="true" /><select idref="V-266281" selected="true" /><select idref="V-266282" selected="true" /><select idref="V-266283" selected="true" /><select idref="V-266284" selected="true" /><select idref="V-266285" selected="true" /><select idref="V-266286" selected="true" /><select idref="V-266287" selected="true" /><select idref="V-266288" selected="true" /></Profile><Profile id="MAC-2_Public"><title>II - Mission Support Public</title><description>&lt;ProfileDescription&gt;&lt;/ProfileDescription&gt;</description><select idref="V-266277" selected="true" /><select idref="V-266278" selected="true" /><select idref="V-266279" selected="true" /><select idref="V-266280" selected="true" /><select idref="V-266281" selected="true" /><select idref="V-266282" selected="true" /><select idref="V-266283" selected="true" /><select idref="V-266284" selected="true" /><select idref="V-266285" selected="true" /><select idref="V-266286" selected="true" /><select idref="V-266287" selected="true" /><select idref="V-266288" selected="true" /></Profile><Profile id="MAC-2_Sensitive"><title>II - Mission Support Sensitive</title><description>&lt;ProfileDescription&gt;&lt;/ProfileDescription&gt;</description><select idref="V-266277" selected="true" /><select idref="V-266278" selected="true" /><select idref="V-266279" selected="true" /><select idref="V-266280" selected="true" /><select idref="V-266281" selected="true" /><select idref="V-266282" selected="true" /><select idref="V-266283" selected="true" /><select idref="V-266284" selected="true" /><select idref="V-266285" selected="true" /><select idref="V-266286" selected="true" /><select idref="V-266287" selected="true" /><select idref="V-266288" selected="true" /></Profile><Profile id="MAC-3_Classified"><title>III - Administrative Classified</title><description>&lt;ProfileDescription&gt;&lt;/ProfileDescription&gt;</description><select idref="V-266277" selected="true" /><select idref="V-266278" selected="true" /><select idref="V-266279" selected="true" /><select idref="V-266280" selected="true" /><select idref="V-266281" selected="true" /><select idref="V-266282" selected="true" /><select idref="V-266283" selected="true" /><select idref="V-266284" selected="true" /><select idref="V-266285" selected="true" /><select idref="V-266286" selected="true" /><select idref="V-266287" selected="true" /><select idref="V-266288" selected="true" /></Profile><Profile id="MAC-3_Public"><title>III - Administrative Public</title><description>&lt;ProfileDescription&gt;&lt;/ProfileDescription&gt;</description><select idref="V-266277" selected="true" /><select idref="V-266278" selected="true" /><select idref="V-266279" selected="true" /><select idref="V-266280" selected="true" /><select idref="V-266281" selected="true" /><select idref="V-266282" selected="true" /><select idref="V-266283" selected="true" /><select idref="V-266284" selected="true" /><select idref="V-266285" selected="true" /><select idref="V-266286" selected="true" /><select idref="V-266287" selected="true" /><select idref="V-266288" selected="true" /></Profile><Profile id="MAC-3_Sensitive"><title>III - Administrative Sensitive</title><description>&lt;ProfileDescription&gt;&lt;/ProfileDescription&gt;</description><select idref="V-266277" selected="true" /><select idref="V-266278" selected="true" /><select idref="V-266279" selected="true" /><select idref="V-266280" selected="true" /><select idref="V-266281" selected="true" /><select idref="V-266282" selected="true" /><select idref="V-266283" selected="true" /><select idref="V-266284" selected="true" /><select idref="V-266285" selected="true" /><select idref="V-266286" selected="true" /><select idref="V-266287" selected="true" /><select idref="V-266288" selected="true" /></Profile><Group id="V-266277"><title>SRG-NET-000074-VPN-000250</title><description>&lt;GroupDescription&gt;&lt;/GroupDescription&gt;</description><Rule id="SV-266277r1024911_rule" weight="10.0" severity="high"><version>F5BI-VN-300004</version><title>The F5 BIG-IP appliance must be configured to use a Diffie-Hellman (DH) Group of 16 or greater for Internet Key Exchange (IKE) Phase 1.</title><description>&lt;VulnDiscussion&gt;NIST cryptographic algorithms approved by NSA to protect NSS. Based on an analysis of the impact of quantum computing, cryptographic algorithms specified by CNSSP-15 and approved for use in products in the CSfC program, the approved algorithms have been changed to more stringent protocols configure with increased bit sizes and other secure characteristics to protect against quantum computing threats. The Commercial National Security Algorithm Suite (CNSA Suite) replaces Suite B.&lt;/VulnDiscussion&gt;&lt;FalsePositives&gt;&lt;/FalsePositives&gt;&lt;FalseNegatives&gt;&lt;/FalseNegatives&gt;&lt;Documentable&gt;false&lt;/Documentable&gt;&lt;Mitigations&gt;&lt;/Mitigations&gt;&lt;SeverityOverrideGuidance&gt;&lt;/SeverityOverrideGuidance&gt;&lt;PotentialImpacts&gt;&lt;/PotentialImpacts&gt;&lt;ThirdPartyTools&gt;&lt;/ThirdPartyTools&gt;&lt;MitigationControl&gt;&lt;/MitigationControl&gt;&lt;Responsibility&gt;&lt;/Responsibility&gt;&lt;IAControls&gt;&lt;/IAControls&gt;</description><reference><dc:title>DPMS Target F5 BIG-IP TMOS VPN</dc:title><dc:publisher>DISA</dc:publisher><dc:type>DPMS Target</dc:type><dc:subject>F5 BIG-IP TMOS VPN</dc:subject><dc:identifier>5642</dc:identifier></reference><ident system="http://cyber.mil/cci">CCI-000068</ident><fixtext fixref="F-70104r1024910_fix">From the BIG-IP GUI:
1. Network.
2. IPsec.
3. IKE Peers.
4. Click on the IKE Peer Name.
5. In "IKE Phase 1 Algorithms", select "MODP4096" or higher for "Perfect Forward Secrecy".
6. Click "Update".</fixtext><fix id="F-70104r1024910_fix" /><check system="C-70201r1024909_chk"><check-content-ref href="F5_BIG-IP_TMOS_VPN_STIG.xml" name="M" /><check-content>From the BIG-IP GUI:
1. Network.
2. IPsec.
3. IKE Peers.
4. Click on the IKE Peer Name.
5. In "IKE Phase 1 Algorithms", verify "MODP4096" or higher is selected for "Perfect Forward Secrecy".

If the BIG-IP appliance is not configured to use a Diffie-Hellman (DH) Group of 16 or greater for Internet Key Exchange (IKE) Phase 1, this is a finding.</check-content></check></Rule></Group><Group id="V-266278"><title>SRG-NET-000317-VPN-001090</title><description>&lt;GroupDescription&gt;&lt;/GroupDescription&gt;</description><Rule id="SV-266278r1024913_rule" weight="10.0" severity="high"><version>F5BI-VN-300005</version><title>The F5 BIG-IP appliance IPsec VPN Gateway must use AES256 or higher encryption for the Internet Key Exchange (IKE) proposal to protect confidentiality of remote access sessions.</title><description>&lt;VulnDiscussion&gt;Without confidentiality protection mechanisms, unauthorized individuals may gain access to sensitive information via a remote access session.

Remote access is access to DOD nonpublic information systems by an authorized user (or an information system) communicating through an external, nonorganization-controlled network.

AES is the FIPS-validated cipher block cryptographic algorithm approved for use in DOD. For an algorithm implementation to be listed on a FIPS 140-2/140-3 cryptographic module validation certificate as an approved security function, the algorithm implementation must meet all the requirements of FIPS 140-2/140-3 and must successfully complete the cryptographic algorithm validation process. Currently, NIST has approved the following confidentiality modes to be used with approved block ciphers in a series of special publications: ECB, CBC, OFB, CFB, CTR, XTS-AES, FF1, FF3, CCM, GCM, KW, KWP, and TKW.&lt;/VulnDiscussion&gt;&lt;FalsePositives&gt;&lt;/FalsePositives&gt;&lt;FalseNegatives&gt;&lt;/FalseNegatives&gt;&lt;Documentable&gt;false&lt;/Documentable&gt;&lt;Mitigations&gt;&lt;/Mitigations&gt;&lt;SeverityOverrideGuidance&gt;&lt;/SeverityOverrideGuidance&gt;&lt;PotentialImpacts&gt;&lt;/PotentialImpacts&gt;&lt;ThirdPartyTools&gt;&lt;/ThirdPartyTools&gt;&lt;MitigationControl&gt;&lt;/MitigationControl&gt;&lt;Responsibility&gt;&lt;/Responsibility&gt;&lt;IAControls&gt;&lt;/IAControls&gt;</description><reference><dc:title>DPMS Target F5 BIG-IP TMOS VPN</dc:title><dc:publisher>DISA</dc:publisher><dc:type>DPMS Target</dc:type><dc:subject>F5 BIG-IP TMOS VPN</dc:subject><dc:identifier>5642</dc:identifier></reference><ident system="http://cyber.mil/cci">CCI-000068</ident><fixtext fixref="F-70105r1024912_fix">From the BIG-IP GUI:
1. Network.
2. IPsec.
3. IKE Peers.
4. Click on the Name of the IKE peer.
5. Configure an AES256 encryption algorithm under IKE Phase 1 Algorithms &gt;&gt; Encryption Algorithm.
6. Click "Update".</fixtext><fix id="F-70105r1024912_fix" /><check system="C-70202r1024080_chk"><check-content-ref href="F5_BIG-IP_TMOS_VPN_STIG.xml" name="M" /><check-content>From the BIG-IP GUI:
1. Network.
2. IPsec.
3. IKE Peers.
4. Click on the Name of the IKE peer.
5. Verify an AES256 encryption algorithm is selected under IKE Phase 1 Algorithms &gt;&gt; Encryption Algorithm.

If the BIG-IP appliance is not configured to use AES256 or greater encryption for the IKE proposal, this is a finding.</check-content></check></Rule></Group><Group id="V-266279"><title>SRG-NET-000525-VPN-002330</title><description>&lt;GroupDescription&gt;&lt;/GroupDescription&gt;</description><Rule id="SV-266279r1024915_rule" weight="10.0" severity="high"><version>F5BI-VN-300006</version><title>The F5 BIG-IP appliance IPsec VPN must use AES256 or greater encryption for the IPsec proposal.</title><description>&lt;VulnDiscussion&gt;Without confidentiality protection mechanisms, unauthorized individuals may gain access to sensitive information via a remote access session.

Remote access is access to DOD nonpublic information systems by an authorized user (or an information system) communicating through an external, nonorganization-controlled network.

A block cipher mode is an algorithm that features the use of a symmetric key block cipher algorithm to provide an information service, such as confidentiality or authentication.

AES is the FIPS-validated cipher block cryptographic algorithm approved for use in DOD. For an algorithm implementation to be listed on a FIPS 140-2/140-3 cryptographic module validation certificate as an approved security function, the algorithm implementation must meet all the requirements of FIPS 140-2/140-3 and must successfully complete the cryptographic algorithm validation process. Currently, NIST has approved the following confidentiality modes to be used with approved block ciphers in a series of special publications: ECB, CBC, OFB, CFB, CTR, XTS-AES, FF1, FF3, CCM, GCM, KW, KWP, and TKW.&lt;/VulnDiscussion&gt;&lt;FalsePositives&gt;&lt;/FalsePositives&gt;&lt;FalseNegatives&gt;&lt;/FalseNegatives&gt;&lt;Documentable&gt;false&lt;/Documentable&gt;&lt;Mitigations&gt;&lt;/Mitigations&gt;&lt;SeverityOverrideGuidance&gt;&lt;/SeverityOverrideGuidance&gt;&lt;PotentialImpacts&gt;&lt;/PotentialImpacts&gt;&lt;ThirdPartyTools&gt;&lt;/ThirdPartyTools&gt;&lt;MitigationControl&gt;&lt;/MitigationControl&gt;&lt;Responsibility&gt;&lt;/Responsibility&gt;&lt;IAControls&gt;&lt;/IAControls&gt;</description><reference><dc:title>DPMS Target F5 BIG-IP TMOS VPN</dc:title><dc:publisher>DISA</dc:publisher><dc:type>DPMS Target</dc:type><dc:subject>F5 BIG-IP TMOS VPN</dc:subject><dc:identifier>5642</dc:identifier></reference><ident system="http://cyber.mil/cci">CCI-000068</ident><fixtext fixref="F-70106r1024914_fix">From the BIG-IP GUI:
1. Network.
2. IPsec.
3. IPsec Policies.
4. Click on the name of the IPsec Policy.
5. Configure AES256 or greater encryption algorithm.
6. Click "Update".</fixtext><fix id="F-70106r1024914_fix" /><check system="C-70203r1024083_chk"><check-content-ref href="F5_BIG-IP_TMOS_VPN_STIG.xml" name="M" /><check-content>From the BIG-IP GUI:
1. Network.
2. IPsec.
3. IPsec Policies.
4. Click on the Name of the IPsec Policy.
5. Verify an AES256 or greater encryption algorithm is selected.

If the BIG-IP appliance is not configured to use AES256 or greater encryption for the IPsec proposal, this is a finding.</check-content></check></Rule></Group><Group id="V-266280"><title>SRG-NET-000019-VPN-000040</title><description>&lt;GroupDescription&gt;&lt;/GroupDescription&gt;</description><Rule id="SV-266280r1024917_rule" weight="10.0" severity="high"><version>F5BI-VN-300009</version><title>The F5 BIG-IP appliance IPsec VPN must ensure inbound and outbound traffic is configured with a security policy.</title><description>&lt;VulnDiscussion&gt;Unrestricted traffic may contain malicious traffic which poses a threat to an enclave or to other connected networks. Additionally, unrestricted traffic may transit a network, which uses bandwidth and other resources.

VPN traffic received from another enclave with different security policy or level of trust must not bypass be inspected by the firewall before being forwarded to the private network.&lt;/VulnDiscussion&gt;&lt;FalsePositives&gt;&lt;/FalsePositives&gt;&lt;FalseNegatives&gt;&lt;/FalseNegatives&gt;&lt;Documentable&gt;false&lt;/Documentable&gt;&lt;Mitigations&gt;&lt;/Mitigations&gt;&lt;SeverityOverrideGuidance&gt;&lt;/SeverityOverrideGuidance&gt;&lt;PotentialImpacts&gt;&lt;/PotentialImpacts&gt;&lt;ThirdPartyTools&gt;&lt;/ThirdPartyTools&gt;&lt;MitigationControl&gt;&lt;/MitigationControl&gt;&lt;Responsibility&gt;&lt;/Responsibility&gt;&lt;IAControls&gt;&lt;/IAControls&gt;</description><reference><dc:title>DPMS Target F5 BIG-IP TMOS VPN</dc:title><dc:publisher>DISA</dc:publisher><dc:type>DPMS Target</dc:type><dc:subject>F5 BIG-IP TMOS VPN</dc:subject><dc:identifier>5642</dc:identifier></reference><ident system="http://cyber.mil/cci">CCI-001414</ident><fixtext fixref="F-70107r1024916_fix">From the BIG-IP GUI:
1. Network.
2. IPsec.
3. IPsec Policies.
4. Click on IPsec Policy for site to site IPsec.
5. Select "ESP" in the IPsec Protocol section.
6. Click "Update".</fixtext><fix id="F-70107r1024916_fix" /><check system="C-70204r1024086_chk"><check-content-ref href="F5_BIG-IP_TMOS_VPN_STIG.xml" name="M" /><check-content>From the BIG-IP GUI:
1. Network.
2. IPsec.
3. IPsec Policies.
4. Click on IPsec Policy for site to site IPsec.
5. Verify that "ESP" is selected in the IPsec Protocol section.

If the BIG-IP is not configured to ensure inbound and outbound traffic is configured with a security policy in compliance with information flow control policies, this is a finding.</check-content></check></Rule></Group><Group id="V-266281"><title>SRG-NET-000512-VPN-002220</title><description>&lt;GroupDescription&gt;&lt;/GroupDescription&gt;</description><Rule id="SV-266281r1024756_rule" weight="10.0" severity="high"><version>F5BI-VN-300021</version><title>The F5 BIG-IP appliance IPsec VPN Gateway must use Internet Key Exchange (IKE) for IPsec VPN Security Associations (SAs).</title><description>&lt;VulnDiscussion&gt;Without IKE, the SPI is manually specified for each security association. IKE peers will negotiate the encryption algorithm and authentication or hashing methods as well as generate the encryption keys.

An IPsec SA is established using either IKE or manual configuration. When using IKE, the security associations are established when needed and expire after a period of time or volume of traffic threshold. If manually configured, they are established as soon as the configuration is complete at both end points and they do not expire. When using IKE, the Security Parameter Index (SPI) for each security association is a pseudo-randomly derived number.

With manual configuration of the IPsec security association, both the cipher key and authentication key are static. Hence, if the keys are compromised, the traffic being protected by the current IPsec tunnel can be decrypted as well as traffic in any future tunnels established by this SA. Furthermore, the peers are not authenticated prior to establishing the SA, which could result in a rogue device establishing an IPsec SA with either of the VPN end points.

IKE provides primary authentication to verify the identity of the remote system before negotiation begins. This feature is lost when the IPsec security associations are manually configured, which results in a nonterminating session using static pre-shared keys.&lt;/VulnDiscussion&gt;&lt;FalsePositives&gt;&lt;/FalsePositives&gt;&lt;FalseNegatives&gt;&lt;/FalseNegatives&gt;&lt;Documentable&gt;false&lt;/Documentable&gt;&lt;Mitigations&gt;&lt;/Mitigations&gt;&lt;SeverityOverrideGuidance&gt;&lt;/SeverityOverrideGuidance&gt;&lt;PotentialImpacts&gt;&lt;/PotentialImpacts&gt;&lt;ThirdPartyTools&gt;&lt;/ThirdPartyTools&gt;&lt;MitigationControl&gt;&lt;/MitigationControl&gt;&lt;Responsibility&gt;&lt;/Responsibility&gt;&lt;IAControls&gt;&lt;/IAControls&gt;</description><reference><dc:title>DPMS Target F5 BIG-IP TMOS VPN</dc:title><dc:publisher>DISA</dc:publisher><dc:type>DPMS Target</dc:type><dc:subject>F5 BIG-IP TMOS VPN</dc:subject><dc:identifier>5642</dc:identifier></reference><ident system="http://cyber.mil/cci">CCI-000366</ident><fixtext fixref="F-70108r1024090_fix">From the BIG-IP GUI:
1. Network.
2. IPsec.
3. Manual Security Associations.
4. Delete any entries in this list.</fixtext><fix id="F-70108r1024090_fix" /><check system="C-70205r1024089_chk"><check-content-ref href="F5_BIG-IP_TMOS_VPN_STIG.xml" name="M" /><check-content>From the BIG-IP GUI:
1. Network.
2. IPsec.
3. Manual Security Associations.
4. Verify there are no Manual Security Associations listed.

If the BIG-IP appliance is not configured to use IKE for IPsec VPN SAs, this is a finding.</check-content></check></Rule></Group><Group id="V-266282"><title>SRG-NET-000132-VPN-000460</title><description>&lt;GroupDescription&gt;&lt;/GroupDescription&gt;</description><Rule id="SV-266282r1024757_rule" weight="10.0" severity="medium"><version>F5BI-VN-300024</version><title>The IPsec BIG-IP appliance must use IKEv2 for IPsec VPN security associations.</title><description>&lt;VulnDiscussion&gt;To prevent unauthorized connection of devices, unauthorized transfer of information, or unauthorized tunneling (i.e., embedding of data types within data types); organizations must disable or restrict unused or unnecessary physical and logical ports/protocols on information systems.

Use of IKEv2 leverages denial of service (DoS) protections because of improved bandwidth management and leverages more secure encryption algorithms.&lt;/VulnDiscussion&gt;&lt;FalsePositives&gt;&lt;/FalsePositives&gt;&lt;FalseNegatives&gt;&lt;/FalseNegatives&gt;&lt;Documentable&gt;false&lt;/Documentable&gt;&lt;Mitigations&gt;&lt;/Mitigations&gt;&lt;SeverityOverrideGuidance&gt;&lt;/SeverityOverrideGuidance&gt;&lt;PotentialImpacts&gt;&lt;/PotentialImpacts&gt;&lt;ThirdPartyTools&gt;&lt;/ThirdPartyTools&gt;&lt;MitigationControl&gt;&lt;/MitigationControl&gt;&lt;Responsibility&gt;&lt;/Responsibility&gt;&lt;IAControls&gt;&lt;/IAControls&gt;</description><reference><dc:title>DPMS Target F5 BIG-IP TMOS VPN</dc:title><dc:publisher>DISA</dc:publisher><dc:type>DPMS Target</dc:type><dc:subject>F5 BIG-IP TMOS VPN</dc:subject><dc:identifier>5642</dc:identifier></reference><ident system="http://cyber.mil/cci">CCI-000382</ident><fixtext fixref="F-70109r1024093_fix">From the BIG-IP GUI:
1. Network.
2. IPsec.
3. IKE Peers.
4. Click on the name of the IKE peer.
5. Select "Version 2" for "Version".
6. Click "Update".</fixtext><fix id="F-70109r1024093_fix" /><check system="C-70206r1024092_chk"><check-content-ref href="F5_BIG-IP_TMOS_VPN_STIG.xml" name="M" /><check-content>From the BIG-IP GUI:
1. Network.
2. IPsec.
3. IKE Peers.
4. Click on the name of the IKE peer.
5. Verify "Version 2" is selected for "Version".

If the BIG-IP appliance is not configured to use IKEv2 for IPsec VPN security associations, this is a finding.</check-content></check></Rule></Group><Group id="V-266283"><title>SRG-NET-000337-VPN-001290</title><description>&lt;GroupDescription&gt;&lt;/GroupDescription&gt;</description><Rule id="SV-266283r1024758_rule" weight="10.0" severity="medium"><version>F5BI-VN-300025</version><title>The F5 BIG-IP appliance IPsec VPN Gateway must renegotiate the IPsec Phase 1 security association after eight hours or less.</title><description>&lt;VulnDiscussion&gt;The IPsec security association (SA) and its corresponding key will expire either after the number of seconds or amount of traffic volume has exceeded the configured limit. A new SA is negotiated before the lifetime threshold of the existing SA is reached to ensure that a new SA is ready for use when the old one expires. The longer the lifetime of the IPsec SA, the longer the lifetime of the session key used to protect IP traffic. The SA is less secure with a longer lifetime because an attacker has a greater opportunity to collect traffic encrypted by the same key and subject it to cryptanalysis. However, a shorter lifetime causes IPsec peers to renegotiate Phase II more often resulting in the expenditure of additional resources.

Specify the lifetime (in seconds) of an Internet Key Exchange (IKE) SA. When the SA expires, it is replaced by a new SA, the security parameter index (SPI), or terminated if the peer cannot be contacted for renegotiation.&lt;/VulnDiscussion&gt;&lt;FalsePositives&gt;&lt;/FalsePositives&gt;&lt;FalseNegatives&gt;&lt;/FalseNegatives&gt;&lt;Documentable&gt;false&lt;/Documentable&gt;&lt;Mitigations&gt;&lt;/Mitigations&gt;&lt;SeverityOverrideGuidance&gt;&lt;/SeverityOverrideGuidance&gt;&lt;PotentialImpacts&gt;&lt;/PotentialImpacts&gt;&lt;ThirdPartyTools&gt;&lt;/ThirdPartyTools&gt;&lt;MitigationControl&gt;&lt;/MitigationControl&gt;&lt;Responsibility&gt;&lt;/Responsibility&gt;&lt;IAControls&gt;&lt;/IAControls&gt;</description><reference><dc:title>DPMS Target F5 BIG-IP TMOS VPN</dc:title><dc:publisher>DISA</dc:publisher><dc:type>DPMS Target</dc:type><dc:subject>F5 BIG-IP TMOS VPN</dc:subject><dc:identifier>5642</dc:identifier></reference><ident system="http://cyber.mil/cci">CCI-002038</ident><fixtext fixref="F-70110r1024096_fix">From the BIG-IP GUI:
1. Network.
2. IPsec.
3. IKE Peers.
4. Click on the Name of the IKE peer.
5. Configure the value for "Lifetime" under "IKE Phase 1 Algorithms" to 480 minutes or less, or an organization-defined time period.
6. Click "Update".</fixtext><fix id="F-70110r1024096_fix" /><check system="C-70207r1024095_chk"><check-content-ref href="F5_BIG-IP_TMOS_VPN_STIG.xml" name="M" /><check-content>From the BIG-IP GUI:
1. Network.
2. IPsec.
3. IKE Peers.
4. Click on the Name of the IKE peer.
5. Verify that the value for "Lifetime" under "IKE Phase 1 Algorithms" is set to 480 minutes or less, or an organization-defined time period.

If the BIG-IP appliance is not configured to renegotiate the security association after 8 hours or less, or an organization-defined period, this is a finding.</check-content></check></Rule></Group><Group id="V-266284"><title>SRG-NET-000337-VPN-001300</title><description>&lt;GroupDescription&gt;&lt;/GroupDescription&gt;</description><Rule id="SV-266284r1024759_rule" weight="10.0" severity="medium"><version>F5BI-VN-300026</version><title>The F5 BIG-IP appliance IPsec VPN must renegotiate the IKE Phase 2 security association after eight hours or less.</title><description>&lt;VulnDiscussion&gt;When a VPN gateway creates an IPsec Security Association (SA), resources must be allocated to maintain the SA. These resources are wasted during periods of IPsec endpoint inactivity, which could result in the gateway’s inability to create new SAs for other endpoints, thereby preventing new sessions from connecting. The Internet Key Exchange (IKE) idle timeout may also be set to allow SAs associated with inactive endpoints to be deleted before the SA lifetime has expired, although this setting is not recommended at this time. The value of one hour or less is a common best practice.&lt;/VulnDiscussion&gt;&lt;FalsePositives&gt;&lt;/FalsePositives&gt;&lt;FalseNegatives&gt;&lt;/FalseNegatives&gt;&lt;Documentable&gt;false&lt;/Documentable&gt;&lt;Mitigations&gt;&lt;/Mitigations&gt;&lt;SeverityOverrideGuidance&gt;&lt;/SeverityOverrideGuidance&gt;&lt;PotentialImpacts&gt;&lt;/PotentialImpacts&gt;&lt;ThirdPartyTools&gt;&lt;/ThirdPartyTools&gt;&lt;MitigationControl&gt;&lt;/MitigationControl&gt;&lt;Responsibility&gt;&lt;/Responsibility&gt;&lt;IAControls&gt;&lt;/IAControls&gt;</description><reference><dc:title>DPMS Target F5 BIG-IP TMOS VPN</dc:title><dc:publisher>DISA</dc:publisher><dc:type>DPMS Target</dc:type><dc:subject>F5 BIG-IP TMOS VPN</dc:subject><dc:identifier>5642</dc:identifier></reference><ident system="http://cyber.mil/cci">CCI-002038</ident><fixtext fixref="F-70111r1024099_fix">From the BIG-IP GUI:
1. Network.
2. IPsec.
3. IPsec Policies.
4. Click on the name of the IPsec Policy.
5. Configure the value for "Lifetime" under "IKE Phase 2" to 480 minutes or less.
6. Click "Update".</fixtext><fix id="F-70111r1024099_fix" /><check system="C-70208r1024098_chk"><check-content-ref href="F5_BIG-IP_TMOS_VPN_STIG.xml" name="M" /><check-content>From the BIG-IP GUI:
1. Network.
2. IPsec.
3. IPsec Policies.
4. Click on the name of the IPsec Policy.
5. Verify that the value for "Lifetime" under "IKE Phase 2" is set to 480 minutes or less.

If the BIG-IP appliance is not configured to renegotiate the security association after 8 hours or less, this is a finding.</check-content></check></Rule></Group><Group id="V-266285"><title>SRG-NET-000400-VPN-001940</title><description>&lt;GroupDescription&gt;&lt;/GroupDescription&gt;</description><Rule id="SV-266285r1024760_rule" weight="10.0" severity="high"><version>F5BI-VN-300033</version><title>For accounts using password authentication, the F5 BIG-IP appliance site-to-site IPsec VPN Gateway must use SHA-2 or later protocol to protect the integrity of the password authentication process.</title><description>&lt;VulnDiscussion&gt;Passwords need to be protected at all times, and encryption is the standard method for protecting passwords. If passwords are not encrypted, they can be plainly read (i.e., clear text) and easily compromised. Use of passwords for authentication is intended only for limited situations and must not be used as a replacement for two-factor CAC-enabled authentication.

Although allowed by SP800-131Ar2 for some applications, SHA-1 is considered a compromised hashing standard and is being phased out of use by industry and government standards. Unless required for legacy use, DOD systems must not be configured to use SHA-2 for integrity of remote access sessions.

The information system must specify the hash algorithm used for authenticating passwords. Implementation of this requirement requires configuration of FIPS-approved cipher block algorithm and block cipher modes for encryption.

Pre-shared key cipher suites may only be used in networks where both the client and server belong to the same organization. Cipher suites using pre-shared keys must not be used with TLS 1.0 or 1.1 and must not be used with TLS 1.2 when a government client or server communicates with nongovernment systems.&lt;/VulnDiscussion&gt;&lt;FalsePositives&gt;&lt;/FalsePositives&gt;&lt;FalseNegatives&gt;&lt;/FalseNegatives&gt;&lt;Documentable&gt;false&lt;/Documentable&gt;&lt;Mitigations&gt;&lt;/Mitigations&gt;&lt;SeverityOverrideGuidance&gt;&lt;/SeverityOverrideGuidance&gt;&lt;PotentialImpacts&gt;&lt;/PotentialImpacts&gt;&lt;ThirdPartyTools&gt;&lt;/ThirdPartyTools&gt;&lt;MitigationControl&gt;&lt;/MitigationControl&gt;&lt;Responsibility&gt;&lt;/Responsibility&gt;&lt;IAControls&gt;&lt;/IAControls&gt;</description><reference><dc:title>DPMS Target F5 BIG-IP TMOS VPN</dc:title><dc:publisher>DISA</dc:publisher><dc:type>DPMS Target</dc:type><dc:subject>F5 BIG-IP TMOS VPN</dc:subject><dc:identifier>5642</dc:identifier></reference><ident system="http://cyber.mil/cci">CCI-000197</ident><fixtext fixref="F-70112r1024102_fix">From the BIG-IP GUI:
1. Network.
2. IPsec.
3. IKE Peers.
4. Click on the Name of the IKE peer.
5. Configure the value for "Authentication Algorithm" under "IKE Phase 1 Algorithms" to "SHA-256" or higher.
6. Click "Update".</fixtext><fix id="F-70112r1024102_fix" /><check system="C-70209r1024101_chk"><check-content-ref href="F5_BIG-IP_TMOS_VPN_STIG.xml" name="M" /><check-content>From the BIG-IP GUI:
1. Network.
2. IPsec.
3. IKE Peers.
4. Click on the Name of the IKE peer.
5. Verify that the value for "Authentication Algorithm" under "IKE Phase 1 Algorithms" is set to "SHA-256" or higher.

If the BIG-IP appliance is not configured to use SHA-2 or later protocol to protect the integrity of the password authentication process, this is a finding.</check-content></check></Rule></Group><Group id="V-266286"><title>SRG-NET-000565-VPN-002400</title><description>&lt;GroupDescription&gt;&lt;/GroupDescription&gt;</description><Rule id="SV-266286r1024761_rule" weight="10.0" severity="high"><version>F5BI-VN-300040</version><title>The F5 BIG-IP appliance IPsec VPN must use cryptographic algorithms approved by NSA to protect NSS when transporting classified traffic across an unclassified network.</title><description>&lt;VulnDiscussion&gt;Use of weak or untested encryption algorithms undermines the purposes of using encryption to protect data. The VPN gateway must implement cryptographic modules adhering to the higher standards approved by the federal government since this provides assurance they have been tested and validated.

NIST cryptographic algorithms approved by NSA to protect NSS. Based on an analysis of the impact of quantum computing, cryptographic algorithms specified by CNSSP-15 and approved for use in products in the CSfC program, the approved algorithms have been changed to more stringent protocols configure with increased bit sizes and other secure characteristics to protect against quantum computing threats. The Commercial National Security Algorithm Suite (CNSA Suite) replaces Suite B.&lt;/VulnDiscussion&gt;&lt;FalsePositives&gt;&lt;/FalsePositives&gt;&lt;FalseNegatives&gt;&lt;/FalseNegatives&gt;&lt;Documentable&gt;false&lt;/Documentable&gt;&lt;Mitigations&gt;&lt;/Mitigations&gt;&lt;SeverityOverrideGuidance&gt;&lt;/SeverityOverrideGuidance&gt;&lt;PotentialImpacts&gt;&lt;/PotentialImpacts&gt;&lt;ThirdPartyTools&gt;&lt;/ThirdPartyTools&gt;&lt;MitigationControl&gt;&lt;/MitigationControl&gt;&lt;Responsibility&gt;&lt;/Responsibility&gt;&lt;IAControls&gt;&lt;/IAControls&gt;</description><reference><dc:title>DPMS Target F5 BIG-IP TMOS VPN</dc:title><dc:publisher>DISA</dc:publisher><dc:type>DPMS Target</dc:type><dc:subject>F5 BIG-IP TMOS VPN</dc:subject><dc:identifier>5642</dc:identifier></reference><ident system="http://cyber.mil/cci">CCI-002450</ident><fixtext fixref="F-70113r1024105_fix">From the BIG-IP GUI:
1. Network.
2. IPsec.
3. IKE Peers.
4. Click on the name of the IKE peer.
5. Configure "IKE Phase 1 Algorithms" to use cryptographic algorithms approved by NSA to protect NSS when transporting classified traffic across an unclassified network.
6. Click "Update".

From the BIG-IP GUI:
1. Network.
2. IPsec.
3. IPsec Policies.
4. Click on the name of the IPsec Policy.
5. Configure "IKE Phase 2" to use cryptographic algorithms approved by NSA to protect NSS when transporting classified traffic across an unclassified network.
6. Click "Update".</fixtext><fix id="F-70113r1024105_fix" /><check system="C-70210r1024104_chk"><check-content-ref href="F5_BIG-IP_TMOS_VPN_STIG.xml" name="M" /><check-content>From the BIG-IP GUI:
1. Network.
2. IPsec.
3. IKE Peers.
4. Click on the name of the IKE peer.
5. Verify that "IKE Phase 1 Algorithms" use cryptographic algorithms approved by NSA to protect NSS when transporting classified traffic across an unclassified network.

From the BIG-IP GUI:
1. Network.
2. IPsec.
3. IPsec Policies.
4. Click on the name of the IPsec Policy.
5. Verify that "IKE Phase 2" use cryptographic algorithms approved by NSA to protect NSS when transporting classified traffic across an unclassified network.

If the BIG-IP appliance is not configured to use cryptographic algorithms approved by NSA to protect NSS when transporting classified traffic across an unclassified network, this is a finding.</check-content></check></Rule></Group><Group id="V-266287"><title>SRG-NET-000230-VPN-000780</title><description>&lt;GroupDescription&gt;&lt;/GroupDescription&gt;</description><Rule id="SV-266287r1024762_rule" weight="10.0" severity="high"><version>F5BI-VN-300041</version><title>The F5 BIG-IP appliance IPsec VPN must be configured to use FIPS-validated SHA-2 or higher for Internet Key Exchange (IKE).</title><description>&lt;VulnDiscussion&gt;Without cryptographic integrity protections, information can be altered by unauthorized users without detection.

Although allowed by SP800-131Ar2 for some applications, SHA-1 is considered a compromised hashing standard and is being phased out of use by industry and government standards. Unless required for legacy use, DOD systems must not be configured to use SHA-2 for integrity of remote access sessions.

This requirement is applicable to the configuration of IKE Phase 1 and Phase 2.&lt;/VulnDiscussion&gt;&lt;FalsePositives&gt;&lt;/FalsePositives&gt;&lt;FalseNegatives&gt;&lt;/FalseNegatives&gt;&lt;Documentable&gt;false&lt;/Documentable&gt;&lt;Mitigations&gt;&lt;/Mitigations&gt;&lt;SeverityOverrideGuidance&gt;&lt;/SeverityOverrideGuidance&gt;&lt;PotentialImpacts&gt;&lt;/PotentialImpacts&gt;&lt;ThirdPartyTools&gt;&lt;/ThirdPartyTools&gt;&lt;MitigationControl&gt;&lt;/MitigationControl&gt;&lt;Responsibility&gt;&lt;/Responsibility&gt;&lt;IAControls&gt;&lt;/IAControls&gt;</description><reference><dc:title>DPMS Target F5 BIG-IP TMOS VPN</dc:title><dc:publisher>DISA</dc:publisher><dc:type>DPMS Target</dc:type><dc:subject>F5 BIG-IP TMOS VPN</dc:subject><dc:identifier>5642</dc:identifier></reference><ident system="http://cyber.mil/cci">CCI-001184</ident><fixtext fixref="F-70114r1024108_fix">From the BIG-IP GUI:
1. Network.
2. IPsec.
3. IKE Peers.
4. Click on the name of the IKE peer.
5. Configure SHA-2 or higher for the following:
IKE Phase 1 Algorithms &gt;&gt; Authentication Algorithm
IKE Phase 1 Algorithms &gt;&gt; Pseudo-Random Function
6. Click "Update".

From the BIG-IP GUI:
1. Network.
2. IPsec.
3. IPsec Policies.
4. Click the name of the IPsec Policy.
5. Configure SHA-2 or higher for the following:
IKE Phase 2 &gt;&gt; Authentication Algorithm
6. Click "Update".</fixtext><fix id="F-70114r1024108_fix" /><check system="C-70211r1024107_chk"><check-content-ref href="F5_BIG-IP_TMOS_VPN_STIG.xml" name="M" /><check-content>From the BIG-IP GUI:
1. Network.
2. IPsec.
3. IKE Peers.
4. Click on the name of the IKE peer.
5. Verify "SHA-1" or "MD5" is not selected for the following:
IKE Phase 1 Algorithms &gt;&gt; Authentication Algorithm
IKE Phase 1 Algorithms &gt;&gt; Pseudo-Random Function

From the BIG-IP GUI:
1. Network.
2. IPsec.
3. IPsec Policies.
4. Click the name of the IPsec Policy.
5. Verify "SHA-1" is not selected for the following:
IKE Phase 2 &gt;&gt; Authentication Algorithm

If the BIG-IP appliance is not configured to use FIPS-validated SHA-2 or higher for IKE, this is a finding.</check-content></check></Rule></Group><Group id="V-266288"><title>SRG-NET-000371-VPN-001640</title><description>&lt;GroupDescription&gt;&lt;/GroupDescription&gt;</description><Rule id="SV-266288r1024921_rule" weight="10.0" severity="medium"><version>F5BI-VN-300044</version><title>The F5 BIG-IP appliance IPsec VPN Gateway must specify Perfect Forward Secrecy (PFS) during Internet Key Exchange (IKE) negotiation.</title><description>&lt;VulnDiscussion&gt;PFS generates each new encryption key independently from the previous key. Without PFS, compromise of one key will compromise all communications.

The phase 2 (Quick Mode) Security Association (SA) is used to create an IPsec session key. Hence, its rekey or key regeneration procedure is very important. The phase 2 rekey can be performed with or without PFS. With PFS, every time a new IPsec Security Association is negotiated during the Quick Mode, a new Diffie-Hellman (DH) exchange occurs. The new DH shared secret will be included with original keying material (SYKEID_d, initiator nonce, and responder nonce) from phase 1 for generating a new IPsec session key. If PFS is not used, the IPsec session key will always be completely dependent on the original keying material from the Phase-1. Hence, if an older key is compromised at any time, it is possible that all new keys may be compromised.

The DH exchange is performed in the same manner as was done in phase 1 (Main or Aggressive Mode). However, the phase 2 exchange is protected by encrypting the phase 2 packets with the key derived from the phase 1 negotiation. Because DH negotiations during phase 2 are encrypted, the new IPsec session key has an added element of secrecy.&lt;/VulnDiscussion&gt;&lt;FalsePositives&gt;&lt;/FalsePositives&gt;&lt;FalseNegatives&gt;&lt;/FalseNegatives&gt;&lt;Documentable&gt;false&lt;/Documentable&gt;&lt;Mitigations&gt;&lt;/Mitigations&gt;&lt;SeverityOverrideGuidance&gt;&lt;/SeverityOverrideGuidance&gt;&lt;PotentialImpacts&gt;&lt;/PotentialImpacts&gt;&lt;ThirdPartyTools&gt;&lt;/ThirdPartyTools&gt;&lt;MitigationControl&gt;&lt;/MitigationControl&gt;&lt;Responsibility&gt;&lt;/Responsibility&gt;&lt;IAControls&gt;&lt;/IAControls&gt;</description><reference><dc:title>DPMS Target F5 BIG-IP TMOS VPN</dc:title><dc:publisher>DISA</dc:publisher><dc:type>DPMS Target</dc:type><dc:subject>F5 BIG-IP TMOS VPN</dc:subject><dc:identifier>5642</dc:identifier></reference><ident system="http://cyber.mil/cci">CCI-002418</ident><fixtext fixref="F-70115r1024111_fix">From the BIG-IP GUI:
1. Network
2. IPsec.
3. IPsec Policies.
4. Click on the name of the IPsec Policy.
5. Select any value other than "NONE" in "IKE Phase 2 &gt;&gt; Perfect Forward Secrecy".
6. Click "Update".</fixtext><fix id="F-70115r1024111_fix" /><check system="C-70212r1024110_chk"><check-content-ref href="F5_BIG-IP_TMOS_VPN_STIG.xml" name="M" /><check-content>From the BIG-IP GUI:
1. Network.
2. IPsec.
3. IPsec Policies.
4. Click on the name of the IPsec Policy.
5. Verify "NONE" is not selected in "IKE Phase 2 &gt;&gt; Perfect Forward Secrecy".

If the BIG-IP appliance is not configured to specify PFS during IKE negotiation, this is a finding.</check-content></check></Rule></Group></Benchmark>