<?xml version="1.0" encoding="utf-8"?><?xml-stylesheet type='text/xsl' href='STIG_unclass.xsl'?><Benchmark xmlns:dc="http://purl.org/dc/elements/1.1/" xmlns:xsi="http://www.w3.org/2001/XMLSchema-instance" xmlns:cpe="http://cpe.mitre.org/language/2.0" xmlns:xhtml="http://www.w3.org/1999/xhtml" xmlns:dsig="http://www.w3.org/2000/09/xmldsig#" xsi:schemaLocation="http://checklists.nist.gov/xccdf/1.1 http://nvd.nist.gov/schema/xccdf-1.1.4.xsd http://cpe.mitre.org/dictionary/2.0 http://cpe.mitre.org/files/cpe-dictionary_2.1.xsd" id="zOS_IBM_CICS_Transaction_Server_for_ACF2" xml:lang="en" xmlns="http://checklists.nist.gov/xccdf/1.1"><status date="2024-12-16">accepted</status><title>z/OS IBM CICS Transaction Server for ACF2 Security Technical Implementation Guide</title><description>This Security Technical Implementation Guide is published as a tool to improve the security of Department of Defense (DOD) information systems. The requirements are derived from the National Institute of Standards and Technology (NIST) 800-53 and related documents. Comments or proposed revisions to this document should be sent via email to the following address: disa.stig_spt@mail.mil.</description><notice id="terms-of-use" xml:lang="en"></notice><front-matter xml:lang="en"></front-matter><rear-matter xml:lang="en"></rear-matter><reference href="https://cyber.mil"><dc:publisher>DISA</dc:publisher><dc:source>STIG.DOD.MIL</dc:source></reference><plain-text id="release-info">Release: 1 Benchmark Date: 30 Jan 2025</plain-text><plain-text id="generator">3.5</plain-text><plain-text id="conventionsVersion">1.10.0</plain-text><version>7</version><Profile id="MAC-1_Classified"><title>I - Mission Critical Classified</title><description>&lt;ProfileDescription&gt;&lt;/ProfileDescription&gt;</description><select idref="V-224302" selected="true" /><select idref="V-224303" selected="true" /><select idref="V-224304" selected="true" /><select idref="V-224305" selected="true" /><select idref="V-224306" selected="true" /><select idref="V-224307" selected="true" /><select idref="V-224308" selected="true" /><select idref="V-224309" selected="true" /><select idref="V-224310" selected="true" /><select idref="V-224311" selected="true" /><select idref="V-224312" selected="true" /><select idref="V-224313" selected="true" /></Profile><Profile id="MAC-1_Public"><title>I - Mission Critical Public</title><description>&lt;ProfileDescription&gt;&lt;/ProfileDescription&gt;</description><select idref="V-224302" selected="true" /><select idref="V-224303" selected="true" /><select idref="V-224304" selected="true" /><select idref="V-224305" selected="true" /><select idref="V-224306" selected="true" /><select idref="V-224307" selected="true" /><select idref="V-224308" selected="true" /><select idref="V-224309" selected="true" /><select idref="V-224310" selected="true" /><select idref="V-224311" selected="true" /><select idref="V-224312" selected="true" /><select idref="V-224313" selected="true" /></Profile><Profile id="MAC-1_Sensitive"><title>I - Mission Critical Sensitive</title><description>&lt;ProfileDescription&gt;&lt;/ProfileDescription&gt;</description><select idref="V-224302" selected="true" /><select idref="V-224303" selected="true" /><select idref="V-224304" selected="true" /><select idref="V-224305" selected="true" /><select idref="V-224306" selected="true" /><select idref="V-224307" selected="true" /><select idref="V-224308" selected="true" /><select idref="V-224309" selected="true" /><select idref="V-224310" selected="true" /><select idref="V-224311" selected="true" /><select idref="V-224312" selected="true" /><select idref="V-224313" selected="true" /></Profile><Profile id="MAC-2_Classified"><title>II - Mission Support Classified</title><description>&lt;ProfileDescription&gt;&lt;/ProfileDescription&gt;</description><select idref="V-224302" selected="true" /><select idref="V-224303" selected="true" /><select idref="V-224304" selected="true" /><select idref="V-224305" selected="true" /><select idref="V-224306" selected="true" /><select idref="V-224307" selected="true" /><select idref="V-224308" selected="true" /><select idref="V-224309" selected="true" /><select idref="V-224310" selected="true" /><select idref="V-224311" selected="true" /><select idref="V-224312" selected="true" /><select idref="V-224313" selected="true" /></Profile><Profile id="MAC-2_Public"><title>II - Mission Support Public</title><description>&lt;ProfileDescription&gt;&lt;/ProfileDescription&gt;</description><select idref="V-224302" selected="true" /><select idref="V-224303" selected="true" /><select idref="V-224304" selected="true" /><select idref="V-224305" selected="true" /><select idref="V-224306" selected="true" /><select idref="V-224307" selected="true" /><select idref="V-224308" selected="true" /><select idref="V-224309" selected="true" /><select idref="V-224310" selected="true" /><select idref="V-224311" selected="true" /><select idref="V-224312" selected="true" /><select idref="V-224313" selected="true" /></Profile><Profile id="MAC-2_Sensitive"><title>II - Mission Support Sensitive</title><description>&lt;ProfileDescription&gt;&lt;/ProfileDescription&gt;</description><select idref="V-224302" selected="true" /><select idref="V-224303" selected="true" /><select idref="V-224304" selected="true" /><select idref="V-224305" selected="true" /><select idref="V-224306" selected="true" /><select idref="V-224307" selected="true" /><select idref="V-224308" selected="true" /><select idref="V-224309" selected="true" /><select idref="V-224310" selected="true" /><select idref="V-224311" selected="true" /><select idref="V-224312" selected="true" /><select idref="V-224313" selected="true" /></Profile><Profile id="MAC-3_Classified"><title>III - Administrative Classified</title><description>&lt;ProfileDescription&gt;&lt;/ProfileDescription&gt;</description><select idref="V-224302" selected="true" /><select idref="V-224303" selected="true" /><select idref="V-224304" selected="true" /><select idref="V-224305" selected="true" /><select idref="V-224306" selected="true" /><select idref="V-224307" selected="true" /><select idref="V-224308" selected="true" /><select idref="V-224309" selected="true" /><select idref="V-224310" selected="true" /><select idref="V-224311" selected="true" /><select idref="V-224312" selected="true" /><select idref="V-224313" selected="true" /></Profile><Profile id="MAC-3_Public"><title>III - Administrative Public</title><description>&lt;ProfileDescription&gt;&lt;/ProfileDescription&gt;</description><select idref="V-224302" selected="true" /><select idref="V-224303" selected="true" /><select idref="V-224304" selected="true" /><select idref="V-224305" selected="true" /><select idref="V-224306" selected="true" /><select idref="V-224307" selected="true" /><select idref="V-224308" selected="true" /><select idref="V-224309" selected="true" /><select idref="V-224310" selected="true" /><select idref="V-224311" selected="true" /><select idref="V-224312" selected="true" /><select idref="V-224313" selected="true" /></Profile><Profile id="MAC-3_Sensitive"><title>III - Administrative Sensitive</title><description>&lt;ProfileDescription&gt;&lt;/ProfileDescription&gt;</description><select idref="V-224302" selected="true" /><select idref="V-224303" selected="true" /><select idref="V-224304" selected="true" /><select idref="V-224305" selected="true" /><select idref="V-224306" selected="true" /><select idref="V-224307" selected="true" /><select idref="V-224308" selected="true" /><select idref="V-224309" selected="true" /><select idref="V-224310" selected="true" /><select idref="V-224311" selected="true" /><select idref="V-224312" selected="true" /><select idref="V-224313" selected="true" /></Profile><Group id="V-224302"><title>SRG-OS-000259</title><description>&lt;GroupDescription&gt;&lt;/GroupDescription&gt;</description><Rule id="SV-224302r958616_rule" weight="10.0" severity="medium"><version>ZCIC0010</version><title>CICS system data sets are not properly protected.</title><description>&lt;VulnDiscussion&gt;CICS is a transaction-processing product that provides programmers with the facilities to develop interactive applications. Unauthorized access to CICS system data sets (i.e., product, security, and application libraries) could result in the compromise of the confidentiality, integrity, and availability of the CICS region, applications, and customer data.&lt;/VulnDiscussion&gt;&lt;FalsePositives&gt;&lt;/FalsePositives&gt;&lt;FalseNegatives&gt;&lt;/FalseNegatives&gt;&lt;Documentable&gt;false&lt;/Documentable&gt;&lt;Mitigations&gt;&lt;/Mitigations&gt;&lt;SeverityOverrideGuidance&gt;&lt;/SeverityOverrideGuidance&gt;&lt;PotentialImpacts&gt;&lt;/PotentialImpacts&gt;&lt;ThirdPartyTools&gt;&lt;/ThirdPartyTools&gt;&lt;MitigationControl&gt;&lt;/MitigationControl&gt;&lt;Responsibility&gt;&lt;/Responsibility&gt;&lt;IAControls&gt;&lt;/IAControls&gt;</description><reference><dc:title>DPMS Target zOS IBM CICS Transaction Server for ACF2</dc:title><dc:publisher>DISA</dc:publisher><dc:type>DPMS Target</dc:type><dc:subject>zOS IBM CICS Transaction Server for ACF2</dc:subject><dc:identifier>4122</dc:identifier></reference><ident system="http://cyber.mil/legacy">SV-7978</ident><ident system="http://cyber.mil/legacy">V-7516</ident><ident system="http://cyber.mil/cci">CCI-001499</ident><fixtext fixref="F-25967r520227_fix">Review the access authorizations for CICS system data sets for each region.  Ensure they conform to the specifications below:

A CICS environment may include several data set types required for operation.  Typically they are CICS product libraries, which are usually included in the STEPLIB concatenation but may be found in DD DFHRPL.  CICS system data sets that can be identified with DFH DD statements, other product system data sets, and application program libraries. Restrict alter and update access to CICS program libraries and all system data sets to systems programmers only.  Other access must be documented and approved by the IAO.  The site may determine access to application data sets included in the DD DFHRPL and CICS region startup JCL according to need.  Ensure that procedures are established; documented, and followed that prevents the introduction of unauthorized or untested application programs into production application systems.

</fixtext><fix id="F-25967r520227_fix" /><check system="C-25979r520226_chk"><check-content-ref href="zOS_IBM_CICS_Transaction_Server_for_ACF2_STIG.xml" name="M" /><check-content>a)	Refer to the following report produced by the Data Set and Resource Data Collection:

-	SENSITVE.RPT(CICSRPT)

Since it is possible to have multiple CICS regions running on an LPAR, it is recommended that you go into the z/OS STIG Addendum and fill out all the information in the "CICS System Programmers Worksheet" for each CICS region running on your LPAR. It is recommended that you save this information for any other CICS vulnerabilities that will require it.

b)	WRITE and/or ALLOCATE access to CICS system data sets is restricted to systems programming personnel.

c)	If (b) is true, there is NO FINDING.

d)	If (b) is untrue, this is a FINDING.</check-content></check></Rule></Group><Group id="V-224303"><title>SRG-OS-000080</title><description>&lt;GroupDescription&gt;&lt;/GroupDescription&gt;</description><Rule id="SV-224303r958472_rule" weight="10.0" severity="medium"><version>ZCIC0020</version><title>Sensitive CICS transactions are not protected in accordance with security requirements.</title><description>&lt;VulnDiscussion&gt;Sensitive CICS transactions offer the ability to circumvent transaction level controls for accessing resources under CICS. These transactions must be protected so that only authorized users can access them. Unauthorized use can result in the compromise of the confidentiality, integrity, and availability of the operating system or customer data.&lt;/VulnDiscussion&gt;&lt;FalsePositives&gt;&lt;/FalsePositives&gt;&lt;FalseNegatives&gt;&lt;/FalseNegatives&gt;&lt;Documentable&gt;false&lt;/Documentable&gt;&lt;Mitigations&gt;&lt;/Mitigations&gt;&lt;SeverityOverrideGuidance&gt;&lt;/SeverityOverrideGuidance&gt;&lt;PotentialImpacts&gt;&lt;/PotentialImpacts&gt;&lt;ThirdPartyTools&gt;&lt;/ThirdPartyTools&gt;&lt;MitigationControl&gt;&lt;/MitigationControl&gt;&lt;Responsibility&gt;&lt;/Responsibility&gt;&lt;IAControls&gt;&lt;/IAControls&gt;</description><reference><dc:title>DPMS Target zOS IBM CICS Transaction Server for ACF2</dc:title><dc:publisher>DISA</dc:publisher><dc:type>DPMS Target</dc:type><dc:subject>zOS IBM CICS Transaction Server for ACF2</dc:subject><dc:identifier>4122</dc:identifier></reference><ident system="http://cyber.mil/legacy">SV-251</ident><ident system="http://cyber.mil/legacy">V-251</ident><ident system="http://cyber.mil/cci">CCI-000213</ident><fixtext fixref="F-25968r868094_fix">The ISSO will ensure that each CICS region is  associated with a unique userid and that userid is properly defined.

Develop a plan to implement the required changes.

1. Most transactions are protected in groups. An example would be "KT2" which would contain all Category 2 transactions. KT2 is defined to ACF2 as a resource and contains all the Category 2 transactions.

An example of how to implement this within ACF2 is shown here:

$KEY(CEMT) TYPE(KT2)          
  UID(syspaudt) ALLOW     
 UID(*) PREVENT              

2. Transactions groups should be defined and permitted in accordance with the CICS Transaction tables listed in the z/OS STIG Addendum.</fixtext><fix id="F-25968r868094_fix" /><check system="C-25980r868093_chk"><check-content-ref href="zOS_IBM_CICS_Transaction_Server_for_ACF2_STIG.xml" name="M" /><check-content>a) Refer to the following report produced by the ACF2 Data Collection and Data Set and Resource Data Collection:

- SENSITVE.RPT(TRANS)
- ACF2CMDS.RPT(RESOURCE) - Alternate report

Refer to the CICS Systems Programmer Worksheets filled out from previous vulnerability ZCIC0010.

b) Browse the data set allocated by the ACF2PARM DD statement in each CICS startup procedure. Determine the resource type for transactions. Example:

CICSKEY OPTION=VALIDATE,TYPE=resource type, RESOURCE=TRANS

c) Ensure the following items are in effect for all CICS transactions for each resource type:

NOTE:  Authorized personnel include systems programming and security staffs. Additional guidance regarding authorized personnel for specific transactions is included in this z/OS STIG Addendum. For example, CEMT SPI provides a broader use of this sensitive transaction by restricting execution to inquiries.

1) Transactions, listed in tables CICS CATEGORY 2 CICS AND OTHER PRODUCT TRANSACTIONS and CICS CATEGORY 4 COTS-SUPPLIED SENSITIVE TRANSACTIONS, in the z/OS STIG Addendum, are restricted to authorized personnel.

Note: The exception to this is the CEOT and CSGM transactions, which can be made available to all users.
Note: The exception to this is the CWBA transaction, can be made available to the CICS Default user.
Note: The transactions beginning with "CK" apply to regions running WebSphere MQ.
Note: Category 1 transactions are internally restricted to CICS region userids.
 
d) If (c) is true for all CICS regions, there is no finding.

e) If (c) is untrue for any CICS region, this is a finding.</check-content></check></Rule></Group><Group id="V-224304"><title>SRG-OS-000480</title><description>&lt;GroupDescription&gt;&lt;/GroupDescription&gt;</description><Rule id="SV-224304r1041211_rule" weight="10.0" severity="medium"><version>ZCIC0030</version><title>CICS System Initialization Table (SIT) parameter values must be specified in accordance with proper security requirements.</title><description>&lt;VulnDiscussion&gt;The CICS SIT is used to define system operation and configuration parameters of a CICS system. Several of these parameters control the security within a CICS region. Failure to code the appropriate values could result in unexpected operations and degraded security. This exposure may result in unauthorized access impacting the confidentiality, integrity, and availability of the CICS region, applications, and customer data.&lt;/VulnDiscussion&gt;&lt;FalsePositives&gt;&lt;/FalsePositives&gt;&lt;FalseNegatives&gt;&lt;/FalseNegatives&gt;&lt;Documentable&gt;false&lt;/Documentable&gt;&lt;Mitigations&gt;&lt;/Mitigations&gt;&lt;SeverityOverrideGuidance&gt;&lt;/SeverityOverrideGuidance&gt;&lt;PotentialImpacts&gt;&lt;/PotentialImpacts&gt;&lt;ThirdPartyTools&gt;&lt;/ThirdPartyTools&gt;&lt;MitigationControl&gt;&lt;/MitigationControl&gt;&lt;Responsibility&gt;&lt;/Responsibility&gt;&lt;IAControls&gt;&lt;/IAControls&gt;</description><reference><dc:title>DPMS Target zOS IBM CICS Transaction Server for ACF2</dc:title><dc:publisher>DISA</dc:publisher><dc:type>DPMS Target</dc:type><dc:subject>zOS IBM CICS Transaction Server for ACF2</dc:subject><dc:identifier>4122</dc:identifier></reference><ident system="http://cyber.mil/legacy">SV-302</ident><ident system="http://cyber.mil/legacy">V-302</ident><ident system="http://cyber.mil/cci">CCI-000015</ident><ident system="http://cyber.mil/cci">CCI-000381</ident><fixtext fixref="F-25969r868097_fix">Ensure that CICS System Initialization Table (SIT) parameter values are specified using the following guidance.

The system initialization parameters are processed in the following order, with later system initialization parameter values overriding those specified earlier. CICS system initialization parameters are specified in the following ways:

- In the system initialization table, loaded from a library in the STEPLIB concatenation of the CICS startup procedure.
- In the PARM parameter of the EXEC PGM=DFHSIP statement of the CICS startup procedure.
- In the SYSIN data set defined in the startup procedure (but only if SYSIN is coded in the PARM parameter).
- In the ACF2PARM data set defined in the startup procedure.

Ensure the following CICS System Initialization Table (SIT) parameter settings are specified for each CICS region:

SEC=YES - If SEC is not coded in the CICS region startup JCL, go to offset x'117' from the beginning on the SIT dump (record sequence number - 6) for a length of 1. This is the security byte flag. Below are listed the hex and bit settings for this flag. 

X'80' EQU B'10000000' External Security Requested &lt;&lt;===
X'40' EQU B'01000000' Resource Prefix Required
X'10' EQU B'00010000' RACLIST class APPCLU required
X'08' EQU B'00001000' ESM INSTLN data is required
X'04' EQU B'00000100' Surrogate User Checking required
X'02' EQU B'00000010' Always enact resource check
X'01' EQU B'00000001' Always enact command check

DFLTUSER=&lt;parameter&gt; - If DFLTUSER is not coded in the CICS region startup JCL, go to offset x'118' from the beginning on the SIT dump (record sequence number - 6) for a length of 8 bytes. The value will be the CICS default userid.

XUSER=YES - If XUSER is not coded in the CICS region startup JCL, go to offset x'117' from the beginning on the SIT dump (record sequence number - 6) for a length of 1. This is the security byte flag. Below are listed the hex and bit settings for this flag.

X'80' EQU B'10000000' External Security Requested
X'40' EQU B'01000000' Resource Prefix Required
X'10' EQU B'00010000' RACLIST class APPCLU required
X'08' EQU B'00001000' ESM INSTLN data is required
X'04' EQU B'00000100' Surrogate User Checking required &lt;&lt;===
X'02' EQU B'00000010' Always enact resource check
X'01' EQU B'00000001' Always enact command check

SNSCOPE=NONE|CICS|MVSIMAGE|SYSPLEX - If SNSCOPE is not coded in the CICS region startup JCL, go to offset x'124' from the beginning on the SIT dump (record sequence number - 6) for a length of 1. This is the signon scope byte flag. Ensure that users cannot sign on to more than one CICS production region within the scope of a single CICS region, a single z/OS image, or a sysplex. Below are listed the hex and bit settings for this flag:

X'01' EQU 1 SIGNON SCOPE = NONE
X'02' EQU 2 SIGNON SCOPE = CICS
X'03' EQU 3 SIGNON SCOPE = MVSIMAGE
X'04' EQU 4 SIGNON SCOPE = SYSPLEX

NOTE: SNSCOPE=NONE is only allowed with test/development regions.</fixtext><fix id="F-25969r868097_fix" /><check system="C-25981r868096_chk"><check-content-ref href="zOS_IBM_CICS_Transaction_Server_for_ACF2_STIG.xml" name="M" /><check-content>Refer to the following report produced by the z/OS Data Collection:

- EXAM.RPT(CICSPROC)

Refer to the following report produced by the CICS Data Collection:

- CICS.RPT(DFHSITxx)

Refer to the CICS Systems Programmer Worksheets filled out from previous vulnerability ZCIC0010.

Refer to the CICS region SYSLOG - (Alternate source of SIT parameters) be sure to process DFHSIT based on the order specified. The system initialization parameters are processed in the following order, with later system initialization parameter values overriding those specified earlier. CICS system initialization parameters are specified in the following ways:

- In the system initialization table, loaded from a library in the STEPLIB concatenation of the CICS startup procedure.
- In the PARM parameter of the EXEC PGM=DFHSIP statement of the CICS startup procedure.
- In the SYSIN data set defined in the startup procedure (but only if SYSIN is coded in the PARM parameter).
- In the ACF2PARM data set defined in the startup procedure.

Ensure the following CICS System Initialization Table (SIT) parameter settings are specified for each CICS region. If the following guidance is true, this is not a finding.

___ SEC=YES - If SEC is not coded in the CICS region startup JCL, go to offset x'117' from the beginning on the SIT dump (record sequence number - 6) for a length of 1. This is the security byte flag. Below is the hex and bit settings for this flag.

X'80' EQU B'10000000' External Security Requested

___ DFLTUSER=&lt;parameter&gt; - If DFLTUSER is not coded in the CICS region startup JCL, go to offset x'118' from the beginning on the SIT dump (record sequence number - 6) for a length of 8 bytes. The value will be the CICS default userid. ACF2PARM overrides the CICS SIT DFLTUSER parameter value with the logonid supplied in the ACF2PARM DEFAULT TERMINAL= parameter.

___ XUSER=YES - If XUSER is not coded in the CICS region startup JCL, go to offset x'117' from the beginning on the SIT dump (record sequence number - 6) for a length of 1. This is the security byte flag. Below is the hex and bit settings for this flag.

X'04' EQU B'00000100' Surrogate User Checking required

The CICS interface now controls this DFHSIT keyword via the INITIAL XUSER= initialization parameter. The CICS interface dynamically sets this DFHSIT setting during initialization processing using the value specified via the ACF2PARM parameter file. This overrides any value specified by the CICS systems programmer via the CICS SYSIN file, execution parameter overrides, or the DFHSIT table itself so that it is the security administrator and not the CICS systems programmer that controls surrogate userid checking

___ SNSCOPE=NONE|CICS|MVSIMAGE|SYSPLEX - If SNSCOPE is not coded in the CICS region startup JCL, go to offset x'124' from the beginning on the SIT dump (record sequence number - 6) for a length of 1. This is the signon scope byte flag. Ensure that users cannot sign on to more than one CICS production region within the scope of a single CICS region, a single z/OS image, or a sysplex. Below are listed the hex and bit settings for this flag:

X'01' EQU 1 SIGNON SCOPE = NONE
X'02' EQU 2 SIGNON SCOPE = CICS
X'03' EQU 3 SIGNON SCOPE = MVSIMAGE
X'04' EQU 4 SIGNON SCOPE = SYSPLEX

NOTE: SNSCOPE=NONE is only allowed with test/development regions.</check-content></check></Rule></Group><Group id="V-224305"><title>SRG-OS-000104</title><description>&lt;GroupDescription&gt;&lt;/GroupDescription&gt;</description><Rule id="SV-224305r958482_rule" weight="10.0" severity="medium"><version>ZCIC0040</version><title>CICS region logonid(s) must be defined and/or controlled in accordance with the security requirements.</title><description>&lt;VulnDiscussion&gt;CICS is a transaction-processing product that provides programmers with the facilities to develop interactive applications. Improperly defined or controlled CICS userids (i.e., region, default, and terminal users) may provide an exposure and vulnerability within the CICS environment.  This could result in the compromise of the confidentiality, integrity, and availability of the CICS region, applications, and customer data.&lt;/VulnDiscussion&gt;&lt;FalsePositives&gt;&lt;/FalsePositives&gt;&lt;FalseNegatives&gt;&lt;/FalseNegatives&gt;&lt;Documentable&gt;false&lt;/Documentable&gt;&lt;Mitigations&gt;&lt;/Mitigations&gt;&lt;SeverityOverrideGuidance&gt;&lt;/SeverityOverrideGuidance&gt;&lt;PotentialImpacts&gt;&lt;/PotentialImpacts&gt;&lt;ThirdPartyTools&gt;&lt;/ThirdPartyTools&gt;&lt;MitigationControl&gt;&lt;/MitigationControl&gt;&lt;Responsibility&gt;&lt;/Responsibility&gt;&lt;IAControls&gt;&lt;/IAControls&gt;</description><reference><dc:title>DPMS Target zOS IBM CICS Transaction Server for ACF2</dc:title><dc:publisher>DISA</dc:publisher><dc:type>DPMS Target</dc:type><dc:subject>zOS IBM CICS Transaction Server for ACF2</dc:subject><dc:identifier>4122</dc:identifier></reference><ident system="http://cyber.mil/legacy">SV-44</ident><ident system="http://cyber.mil/legacy">V-44</ident><ident system="http://cyber.mil/cci">CCI-000764</ident><fixtext fixref="F-25970r520236_fix">The IAO will ensure that each CICS region is associated with a unique userid and that userid is properly defined.

Review all CICS region, default, and end-user userids to ensure they are defined and controlled as required.

Ensure that the following is defined for each CICS region:

1)	A unique userid is defined.

Use the ACF2 insert command to accomplish this.  A sample command is provided here:

INSERT &lt;cicsregionid&gt; NAME('STC, CICS Region') JOBFROM MUSASS NO-SMC STC ACF2CICS


</fixtext><fix id="F-25970r520236_fix" /><check system="C-25982r520235_chk"><check-content-ref href="zOS_IBM_CICS_Transaction_Server_for_ACF2_STIG.xml" name="M" /><check-content>a)	Refer to the following report produced by the z/OS Data Collection:

-	EXAM.RPT(CICSPROC)

Refer to the following report produced by the ACF2 Data Collection:

-	ACF2CMDS.RPT(LOGONIDS)

Refer to the CICS Systems Programmer Worksheets filled out from previous vulnerability ZCIC0010.

b)	Ensure the following items are in effect for each CICS region logonid:

1)	A unique logonid is associated with the CICS region.
2)	The CICS region logonid has the ACF2CICS, MUSASS, and NO-SMC attributes specified.
NOTE:	The ACF2CICS privilege will be restricted to CICS region logonids only.
3)	If CICS region submits jobs on behalf of its users, the JOBFROM attribute is specified.
4)	If CICS region has a requirement to update information in the ACF2 database, the MUSUPDT attribute is specified.
5)	Not granted the ACF2 NON-CNCL privilege.
6)	No access to interactive on-line facilities (e.g., TSO) other than CICS.

c)	If (b) are true, this is not a finding.

d)	If (b) is untrue, this is a finding.</check-content></check></Rule></Group><Group id="V-224306"><title>SRG-OS-000104</title><description>&lt;GroupDescription&gt;&lt;/GroupDescription&gt;</description><Rule id="SV-224306r958482_rule" weight="10.0" severity="medium"><version>ZCIC0041</version><title>CICS default logonid(s) must be defined and/or controlled in accordance with the security requirements.</title><description>&lt;VulnDiscussion&gt;CICS is a transaction-processing product that provides programmers with the facilities to develop interactive applications. Improperly defined or controlled CICS userids (i.e., region, default, and terminal users) may provide an exposure and vulnerability within the CICS environment. This could result in the compromise of the confidentiality, integrity, and availability of the CICS region, applications, and customer data.&lt;/VulnDiscussion&gt;&lt;FalsePositives&gt;&lt;/FalsePositives&gt;&lt;FalseNegatives&gt;&lt;/FalseNegatives&gt;&lt;Documentable&gt;false&lt;/Documentable&gt;&lt;Mitigations&gt;&lt;/Mitigations&gt;&lt;SeverityOverrideGuidance&gt;&lt;/SeverityOverrideGuidance&gt;&lt;PotentialImpacts&gt;&lt;/PotentialImpacts&gt;&lt;ThirdPartyTools&gt;&lt;/ThirdPartyTools&gt;&lt;MitigationControl&gt;&lt;/MitigationControl&gt;&lt;Responsibility&gt;&lt;/Responsibility&gt;&lt;IAControls&gt;&lt;/IAControls&gt;</description><reference><dc:title>DPMS Target zOS IBM CICS Transaction Server for ACF2</dc:title><dc:publisher>DISA</dc:publisher><dc:type>DPMS Target</dc:type><dc:subject>zOS IBM CICS Transaction Server for ACF2</dc:subject><dc:identifier>4122</dc:identifier></reference><ident system="http://cyber.mil/legacy">SV-7523</ident><ident system="http://cyber.mil/legacy">V-7119</ident><ident system="http://cyber.mil/cci">CCI-000764</ident><fixtext fixref="F-25971r868100_fix">Ensure that the default CICS user is restricted and properly defined.

Ensure the following items are in effect for the CICS default logonid(s) (i.e., Browse the ACF2PARM DD statement for DEFAULT TERMINAL=&lt;parameter&gt; and DEFAULT NONTERMINAL=nnnnnnnn):

Not granted the ACF2 NON-CNCL privilege.
Use the ACF2 LIST command to display the default CICS userid.

Example:
SET LID
LIST CICS
CHANGE CICS NONON-CNCL

No access to interactive online facilities (e.g., TSO) other than CICS.

Use the ACF2 LIST command to display the default CICS userid.

Example:
SET LID
LIST CICS
CHANGE CICS NOTSO

IDLE(15) field is set to 15 minutes, up to 30 with justification.
Use the ACF2 LIST command to display the default CICS userid.

Example:

SET LID
LIST CICS
CHANGE CICS IDLE(15) up to 30 with justification

Restricted from accessing all data sets and resources with the following exceptions:

Non-restricted CICS transactions (e.g., CESF, CESN, 'good morning' transaction, etc.)

If applicable, resources necessary to operate in an intersystem communication (ISC) environment (i.e., LU6.1, LU6.2, and MRO)

Use the ACF2 ACFRPTRX or ACFRPTXR reports to verify if the CICS default userid has access to any resources or datasets.
</fixtext><fix id="F-25971r868100_fix" /><check system="C-25983r904340_chk"><check-content-ref href="zOS_IBM_CICS_Transaction_Server_for_ACF2_STIG.xml" name="M" /><check-content>a) Refer to the following report produced by the z/OS Data Collection:

- EXAM.RPT(CICSPROC)

Refer to the following report produced by the ACF2 Data Collection:

- ACF2CMDS.RPT(LOGONIDS)
- ACF2CMDS.RPT(RESOURCE)

Refer to the CICS Systems Programmer Worksheets filled out from previous vulnerability ZCIC0010.

b) Ensure the following items are in effect for the CICS default logonid(s) (i.e., Browse the ACF2PARM DD statement for DEFAULT TERMINAL=&lt;parameter&gt; and DEFAULT NONTERMINAL=nnnnnnnn):

1) Not granted the ACF2 NON-CNCL privilege.
2) No access to interactive on-line facilities (e.g., TSO) other than CICS.
3) IDLE(15) field is set to 15 minutes.
4) A system's default time for terminal lock-out or session termination may be lengthened to 30 minutes at the discretion of the ISSM. The ISSM will maintain the documentation for each system with a time-out adjusted beyond the 15-minute recommendation to explain the basis for this decision.

5) Restricted from accessing all data sets and resources with the following exceptions:

(a) Non-restricted CICS transactions (e.g., CESF, CESN, 'good morning' transaction, etc.)
(b) If applicable, resources necessary to operate in an intersystem communication (ISC) environment (i.e., LU6.1, LU6.2, and MRO)

Note: Refer to the IBM CICS Transaction Server Resource Definition Guide for latest and most accurate definition for the Default CICS User.
Note: Any exceptions to these guidelines must be approved by the site ISSO and documented in site security plan.

(c) If all items in (b) are true, this is not a finding.
(d) If any item in (b) is untrue, this is a finding.</check-content></check></Rule></Group><Group id="V-224307"><title>SRG-OS-000029</title><description>&lt;GroupDescription&gt;&lt;/GroupDescription&gt;</description><Rule id="SV-224307r958402_rule" weight="10.0" severity="medium"><version>ZCIC0042</version><title>CICS logonid(s) must be configured with proper timeout and signon limits.</title><description>&lt;VulnDiscussion&gt;CICS is a transaction-processing product that provides programmers with the facilities to develop interactive applications. Improperly defined or controlled CICS userids (i.e., region, default, and terminal users) may provide an exposure and vulnerability within the CICS environment.  This could result in the compromise of the confidentiality, integrity, and availability of the CICS region, applications, and customer data.&lt;/VulnDiscussion&gt;&lt;FalsePositives&gt;&lt;/FalsePositives&gt;&lt;FalseNegatives&gt;&lt;/FalseNegatives&gt;&lt;Documentable&gt;false&lt;/Documentable&gt;&lt;Mitigations&gt;&lt;/Mitigations&gt;&lt;SeverityOverrideGuidance&gt;&lt;/SeverityOverrideGuidance&gt;&lt;PotentialImpacts&gt;&lt;/PotentialImpacts&gt;&lt;ThirdPartyTools&gt;&lt;/ThirdPartyTools&gt;&lt;MitigationControl&gt;&lt;/MitigationControl&gt;&lt;Responsibility&gt;&lt;/Responsibility&gt;&lt;IAControls&gt;&lt;/IAControls&gt;</description><reference><dc:title>DPMS Target zOS IBM CICS Transaction Server for ACF2</dc:title><dc:publisher>DISA</dc:publisher><dc:type>DPMS Target</dc:type><dc:subject>zOS IBM CICS Transaction Server for ACF2</dc:subject><dc:identifier>4122</dc:identifier></reference><ident system="http://cyber.mil/legacy">SV-7524</ident><ident system="http://cyber.mil/legacy">V-7120</ident><ident system="http://cyber.mil/cci">CCI-000057</ident><fixtext fixref="F-25972r520242_fix">Ensure that all userids with a CICS segment have the TIMEOUT parameter set to 15 minutes.
Ensure that all LIDs authorized to access a CICS facility restrict MULTSIGN to test and development use.

Examples:
SET LID
LIST CICS
CHANGE CICS IDLE(15)   
</fixtext><fix id="F-25972r520242_fix" /><check system="C-25984r520241_chk"><check-content-ref href="zOS_IBM_CICS_Transaction_Server_for_ACF2_STIG.xml" name="M" /><check-content>a)       Refer to the following report produced by the ACF2 Data Collection:

-       ACF2CMDS.RPT(LOGONIDS)

Refer to the CICS Systems Programmer Worksheets filled out from previous vulnerability ZCIC0010.

Note: Any logonid that does not have an IDLE value specified will obtain its IDLE value from the default value set in ZCIC0041. Any logonid that specifies an IDLE value must meet the requirements specified below.

b) For all logonids with the CICS attribute that have IDLE(15) specified this is not a finding.

NOTE: If the time-out limit is greater than 15 minutes, and the system is processing unclassified information, review the following items. If any of these is true, this is not a finding.

If a session is not terminated, but instead is locked out after 15 minutes of inactivity, a process must be in place that requires user identification and authentication before the session is unlocked. Session lock-out will be implemented through system controls or terminal screen protection.
A system's default time for terminal lock-out or session termination may be lengthened to 30 minutes at the discretion of the ISSM. The ISSM will maintain the documentation for each system with a time-out adjusted beyond the 15-minute recommendation to explain the basis for this decision.
The ISSM may set selected userids to have a time-out of up to 60 minutes in order to complete critical reports or transactions without timing out. Each exception must meet the following criteria:

        The time-out exception cannot exceed 60 minutes.
        A letter of justification fully documenting the user requirement(s) must be submitted and approved by the site IAM. In addition, this letter must identify an alternate means of access control for the terminal(s) involved (e.g., a room that is locked at all times, a room with a cipher lock to limit access, a password protected screen saver set to 30 minutes or less, etc.). The requirement must be revalidated on an annual basis.


c) If the MULTSIGN option in the  logonid record field is restricted to test or development use, this is not a finding.
</check-content></check></Rule></Group><Group id="V-224308"><title>SRG-OS-000259</title><description>&lt;GroupDescription&gt;&lt;/GroupDescription&gt;</description><Rule id="SV-224308r958616_rule" weight="10.0" severity="medium"><version>ZCICA011</version><title>ACF2/CICS parameter data sets are not protected in accordance with the proper security requirements.</title><description>&lt;VulnDiscussion&gt;CICS is a transaction-processing product that provides programmers with the facilities to develop interactive applications. Unauthorized access to ACF2/CICS parameter data sets (i.e., product, security) could result in the compromise of the confidentiality, integrity, and availability of the CICS region, applications, and customer data.&lt;/VulnDiscussion&gt;&lt;FalsePositives&gt;&lt;/FalsePositives&gt;&lt;FalseNegatives&gt;&lt;/FalseNegatives&gt;&lt;Documentable&gt;false&lt;/Documentable&gt;&lt;Mitigations&gt;&lt;/Mitigations&gt;&lt;SeverityOverrideGuidance&gt;&lt;/SeverityOverrideGuidance&gt;&lt;PotentialImpacts&gt;&lt;/PotentialImpacts&gt;&lt;ThirdPartyTools&gt;&lt;/ThirdPartyTools&gt;&lt;MitigationControl&gt;&lt;/MitigationControl&gt;&lt;Responsibility&gt;&lt;/Responsibility&gt;&lt;IAControls&gt;&lt;/IAControls&gt;</description><reference><dc:title>DPMS Target zOS IBM CICS Transaction Server for ACF2</dc:title><dc:publisher>DISA</dc:publisher><dc:type>DPMS Target</dc:type><dc:subject>zOS IBM CICS Transaction Server for ACF2</dc:subject><dc:identifier>4122</dc:identifier></reference><ident system="http://cyber.mil/legacy">SV-7475</ident><ident system="http://cyber.mil/legacy">V-7091</ident><ident system="http://cyber.mil/cci">CCI-001499</ident><fixtext fixref="F-25973r520245_fix">The IAO will ensure that update and allocate access to the ACF2/CICS parameter data set is limited to system programmers and security personnel.

Review the access authorizations for CICS system data sets.

UPDATE and/or ALLOCATE access to the ACF2/CICS parameter data set, specified on the ACF2PARM DD statement, is restricted to systems programming personnel and security personnel.

Example:

$KEY(S3C)    
$PREFIX(SYS3)
CICSTS.SYSIN    UID(syspaudt) R(A)  W(L) A(L)  E(A)
CICSTS.SYSIN    UID(secaaudt) R(A)  W(L) A(L)  E(A)
CICSTS.SYSIN    UID(*) PREVENT

SET RULE
COMPILE 'ACF2.MVA.DSNRULES(S3C)' STORE</fixtext><fix id="F-25973r520245_fix" /><check system="C-25985r520244_chk"><check-content-ref href="zOS_IBM_CICS_Transaction_Server_for_ACF2_STIG.xml" name="M" /><check-content>a)	Refer to the following report produced by the ACF2 Data Collection:

-	SENSITVE.RPT(CICSRPT)

Refer to the CICS Systems Programmer Worksheets filled out from previous vulnerability ZCIC0010.

b)	UPDATE and/or ALLOCATE access to the ACF2/CICS parameter data set, specified on the ACF2PARM DD statement, is restricted to systems programming personnel and security personnel.

c)	If all items in (b) are true, there is NO FINDING.

d)	If any item in (b) is untrue, this is a FINDING.</check-content></check></Rule></Group><Group id="V-224309"><title>SRG-OS-000018</title><description>&lt;GroupDescription&gt;&lt;/GroupDescription&gt;</description><Rule id="SV-224309r1041212_rule" weight="10.0" severity="medium"><version>ZCICA021</version><title>IBM CICS Transaction Server SPI command resources must be properly defined and protected.</title><description>&lt;VulnDiscussion&gt;IBM CICS Transaction Server can run with sensitive system privileges, and potentially can circumvent system controls. Failure to properly control access to product resources could result in the compromise of the operating system environment, and compromise the confidentiality of customer data. Many utilities assign resource controls that can be granted to systems programmers only in greater than read authority. Resources are also granted to certain non systems personnel with read only authority.&lt;/VulnDiscussion&gt;&lt;FalsePositives&gt;&lt;/FalsePositives&gt;&lt;FalseNegatives&gt;&lt;/FalseNegatives&gt;&lt;Documentable&gt;false&lt;/Documentable&gt;&lt;Mitigations&gt;&lt;/Mitigations&gt;&lt;SeverityOverrideGuidance&gt;&lt;/SeverityOverrideGuidance&gt;&lt;PotentialImpacts&gt;&lt;/PotentialImpacts&gt;&lt;ThirdPartyTools&gt;&lt;/ThirdPartyTools&gt;&lt;MitigationControl&gt;&lt;/MitigationControl&gt;&lt;Responsibility&gt;&lt;/Responsibility&gt;&lt;IAControls&gt;&lt;/IAControls&gt;</description><reference><dc:title>DPMS Target zOS IBM CICS Transaction Server for ACF2</dc:title><dc:publisher>DISA</dc:publisher><dc:type>DPMS Target</dc:type><dc:subject>zOS IBM CICS Transaction Server for ACF2</dc:subject><dc:identifier>4122</dc:identifier></reference><ident system="http://cyber.mil/legacy">SV-43206</ident><ident system="http://cyber.mil/legacy">V-17982</ident><ident system="http://cyber.mil/cci">CCI-000213</ident><fixtext fixref="F-25974r520248_fix">Ensure that the IBM CICS Transaction Server SPI command resources defined in the IBM CICS-RACF Security Guide access is in accordance with those outlined in the site security plan use CICS SPI Resources table in the zOS STIG Addendum as a guide.

These tables list the resources and access requirements for IBM CICS Transaction Server; ensure the following guidelines are followed:

The ACF2 resources and/or generic equivalent as designated in the above table are defined with a default access of PREVENT.

The ACF2 resource access authorizations restrict access to the appropriate personnel as designated in the above table.

The following commands are provided as a sample for implementing resource controls:

$KEY(ASSOCIATION) TYPE(XCD)
- UID(CICSAUDT) SERVICE(READ) ALLOW
- UID(CICUAUDT) SERVICE(READ) ALLOW
- UID(SYSCAUDT) SERVICE(READ) ALLOW
- UID(*) PREVENT</fixtext><fix id="F-25974r520248_fix" /><check system="C-25986r868102_chk"><check-content-ref href="zOS_IBM_CICS_Transaction_Server_for_ACF2_STIG.xml" name="M" /><check-content>Refer to the following report produced by the ACF2 Data Collection and Data Set and Resource Data Collection:

- SENSITVE.RPT(XCMD)
- ACF2CMDS.RPT(RESOURCE) - Alternate report

Automated Analysis:
Refer to the following report produced by the ACF2 Data Collection Checklist:
- PDI (ZCIC0021)

Ensure that all IBM CICS Transaction Server SPI command resources defined in the IBM CICS-RACF Security Guide are properly protected according to the requirements specified in the site security plan, use CICS SPI Resources table in the zOS STIG Addendum as a guide. If the following guidance is true, this is not a finding.

The ACF2 resources and/or generic equivalent as designated in the above table are defined with a default access of PREVENT.

The ACF2 resource access authorizations restrict access to the appropriate personnel as designated in the above table.</check-content></check></Rule></Group><Group id="V-224310"><title>SRG-OS-000480</title><description>&lt;GroupDescription&gt;&lt;/GroupDescription&gt;</description><Rule id="SV-224310r959010_rule" weight="10.0" severity="medium"><version>ZCICA022</version><title>CICS startup JCL statement is not specified in accordance with the proper security requirements.</title><description>&lt;VulnDiscussion&gt;The CICS SIT is used to define system operation and configuration parameters of a CICS system.  Several of these parameters control the security within a CICS region.  Failure to code the appropriate values could result in unexpected operations and degraded security.  This exposure may result in unauthorized access impacting the confidentiality, integrity, and availability of the CICS region, applications, and customer data.&lt;/VulnDiscussion&gt;&lt;FalsePositives&gt;&lt;/FalsePositives&gt;&lt;FalseNegatives&gt;&lt;/FalseNegatives&gt;&lt;Documentable&gt;false&lt;/Documentable&gt;&lt;Mitigations&gt;&lt;/Mitigations&gt;&lt;SeverityOverrideGuidance&gt;&lt;/SeverityOverrideGuidance&gt;&lt;PotentialImpacts&gt;&lt;/PotentialImpacts&gt;&lt;ThirdPartyTools&gt;&lt;/ThirdPartyTools&gt;&lt;MitigationControl&gt;&lt;/MitigationControl&gt;&lt;Responsibility&gt;&lt;/Responsibility&gt;&lt;IAControls&gt;&lt;/IAControls&gt;</description><reference><dc:title>DPMS Target zOS IBM CICS Transaction Server for ACF2</dc:title><dc:publisher>DISA</dc:publisher><dc:type>DPMS Target</dc:type><dc:subject>zOS IBM CICS Transaction Server for ACF2</dc:subject><dc:identifier>4122</dc:identifier></reference><ident system="http://cyber.mil/legacy">SV-7188</ident><ident system="http://cyber.mil/legacy">V-6893</ident><ident system="http://cyber.mil/cci">CCI-000366</ident><fixtext fixref="F-25975r520251_fix">The IAO will ensure that each CICS region procedure has the ACF2/CICS parameter dataset specified.

Ensure every CICS region on the system has the ACF2PARM DD statement in the CICS startup JCL.

View the started task proc for each CICS region in SYS3.PROCLIB using ISPF.</fixtext><fix id="F-25975r520251_fix" /><check system="C-25987r520250_chk"><check-content-ref href="zOS_IBM_CICS_Transaction_Server_for_ACF2_STIG.xml" name="M" /><check-content>a)	Refer to the following report produced by the z/OS Data Collection:

	-	EXAM.RPT(CICSPROC)

Refer to the CICS Systems Programmer Worksheets filled out from previous vulnerability ZCIC0010.

b)	Ensure every CICS region on the system has the ACF2PARM DD statement in the CICS startup JCL.

c)	If the item in (b) is true for each CICS region, there is NO FINDING.

d)	If the item in (b) is untrue for a CICS region, this is a FINDING.
</check-content></check></Rule></Group><Group id="V-224311"><title>SRG-OS-000480</title><description>&lt;GroupDescription&gt;&lt;/GroupDescription&gt;</description><Rule id="SV-224311r959010_rule" weight="10.0" severity="medium"><version>ZCICA023</version><title>Key ACF2/CICS parameters must be properly coded.</title><description>&lt;VulnDiscussion&gt;The ACF2/CICS parameters define the security controls in effect for CICS regions. Failure to code the appropriate values could result in degraded security. This exposure may result in unauthorized access impacting the confidentiality, integrity, and availability of the CICS region, applications, and customer data.&lt;/VulnDiscussion&gt;&lt;FalsePositives&gt;&lt;/FalsePositives&gt;&lt;FalseNegatives&gt;&lt;/FalseNegatives&gt;&lt;Documentable&gt;false&lt;/Documentable&gt;&lt;Mitigations&gt;&lt;/Mitigations&gt;&lt;SeverityOverrideGuidance&gt;&lt;/SeverityOverrideGuidance&gt;&lt;PotentialImpacts&gt;&lt;/PotentialImpacts&gt;&lt;ThirdPartyTools&gt;&lt;/ThirdPartyTools&gt;&lt;MitigationControl&gt;&lt;/MitigationControl&gt;&lt;Responsibility&gt;&lt;/Responsibility&gt;&lt;IAControls&gt;&lt;/IAControls&gt;</description><reference><dc:title>DPMS Target zOS IBM CICS Transaction Server for ACF2</dc:title><dc:publisher>DISA</dc:publisher><dc:type>DPMS Target</dc:type><dc:subject>zOS IBM CICS Transaction Server for ACF2</dc:subject><dc:identifier>4122</dc:identifier></reference><ident system="http://cyber.mil/legacy">SV-8031</ident><ident system="http://cyber.mil/legacy">V-7554</ident><ident system="http://cyber.mil/cci">CCI-000366</ident><fixtext fixref="F-25976r868105_fix">Ensure the ACF2/CICS parameters are coded with values specified in the table entitled ACF2/CICS Parameters, in the zOS STIG Addendum.

Browse the ACF2/CICS data set allocated by the ACF2PARM DD statement in the JCL of each CICS procedure.

Ensure that all key ACF2/CICS parameters for every CICS region are coded as stated in the table entitled ACF2/CICS Parameters, in the zOS STIG Addendum.</fixtext><fix id="F-25976r868105_fix" /><check system="C-25988r868104_chk"><check-content-ref href="zOS_IBM_CICS_Transaction_Server_for_ACF2_STIG.xml" name="M" /><check-content>a) Refer to the following report produced by the z/OS Data Collection:

- EXAM.RPT(CICSPROC)

Refer to the CICS Systems Programmer Worksheets filled out from previous vulnerability ZCIC0010.

Refer to the CICS region SYSLOG - (Alternate source of SIT parameters)

b) Browse the ACF2/CICS data set allocated by the ACF2PARM DD statement in the JCL of each CICS procedure.

c) If all key ACF2/CICS parameters for every CICS region are coded as stated in the table entitled ACF2/CICS Parameters in the z/OS STIG Addendum, this is not a finding.

Note: The DEFAULT TERMINAL=parameter must be specified.
CICSKEY OPTION=VALIDATE,TYPE=resource type,RESOURCE=TRANS will specify a unique resource type for each CICS region.

d) If any key ACF2/CICS parameter is not coded as referenced in (c), this is a finding.</check-content></check></Rule></Group><Group id="V-224312"><title>SRG-OS-000480</title><description>&lt;GroupDescription&gt;&lt;/GroupDescription&gt;</description><Rule id="SV-224312r959010_rule" weight="10.0" severity="medium"><version>ZCICA024</version><title>Sensitive CICS transactions are not protected in accordance with the proper security requirements.</title><description>&lt;VulnDiscussion&gt;Sensitive CICS transactions offer the ability to circumvent transaction level controls for accessing resources under CICS.  These transactions must be protected so that only authorized users can access them.  Unauthorized use can result in the compromise of the confidentiality, integrity, and availability of the operating system or customer data.&lt;/VulnDiscussion&gt;&lt;FalsePositives&gt;&lt;/FalsePositives&gt;&lt;FalseNegatives&gt;&lt;/FalseNegatives&gt;&lt;Documentable&gt;false&lt;/Documentable&gt;&lt;Mitigations&gt;&lt;/Mitigations&gt;&lt;SeverityOverrideGuidance&gt;&lt;/SeverityOverrideGuidance&gt;&lt;PotentialImpacts&gt;&lt;/PotentialImpacts&gt;&lt;ThirdPartyTools&gt;&lt;/ThirdPartyTools&gt;&lt;MitigationControl&gt;&lt;/MitigationControl&gt;&lt;Responsibility&gt;&lt;/Responsibility&gt;&lt;IAControls&gt;&lt;/IAControls&gt;</description><reference><dc:title>DPMS Target zOS IBM CICS Transaction Server for ACF2</dc:title><dc:publisher>DISA</dc:publisher><dc:type>DPMS Target</dc:type><dc:subject>zOS IBM CICS Transaction Server for ACF2</dc:subject><dc:identifier>4122</dc:identifier></reference><ident system="http://cyber.mil/legacy">SV-7189</ident><ident system="http://cyber.mil/legacy">V-6894</ident><ident system="http://cyber.mil/cci">CCI-000366</ident><fixtext fixref="F-25977r520257_fix">The Systems Programmer and IAO will ensure the ACF2/CICS parameter SAFELIST are coded with the values specified below.

Browse the ACF2/CICS data set allocated by the ACF2PARM DD statement in the JCL of each CICS procedure.

Ensure the following items are in effect for entries specified in the SAFELIST parameter: 

1) Transactions are uniquely identified.
2) Transactions are not masked.
3) Sensitive transactions are not included.

NOTE:  For information on transactions that are eligible for exemption from security checking refer to Category 3 Transactions for CICS TS 3.1 - 5.1 in the z/OS STIG addendum.
</fixtext><fix id="F-25977r520257_fix" /><check system="C-25989r520256_chk"><check-content-ref href="zOS_IBM_CICS_Transaction_Server_for_ACF2_STIG.xml" name="M" /><check-content>a) Refer to the following report produced by the z/OS Data Collection:

- EXAM.RPT(CICSPROC)

Refer to the CICS Systems Programmer Worksheets filled out from previous vulnerability ZCIC0010.

b) Browse the ACF2/CICS data set allocated by the ACF2PARM DD statement in the JCL of each CICS procedure.

c) Ensure the following items are in effect for entries specified in the SAFELIST parameter:

1) Transactions are uniquely identified.
2) Transactions are not masked.
3) Sensitive transactions are not included.

NOTE:  For information on transactions that are eligible for exemption from security checking refer to Category 3 Transactions for CICS TS 3.1 - 5.1 in the z/OS STIG addendum.
d) If the items in (c) are true for all entries specified in the SAFELIST parameter for each CICS region, there is no finding.

e) If any item in (c) is untrue for any entry specified in the SAFELIST parameter, this is a finding.
</check-content></check></Rule></Group><Group id="V-224313"><title>SRG-OS-000324</title><description>&lt;GroupDescription&gt;&lt;/GroupDescription&gt;</description><Rule id="SV-224313r958726_rule" weight="10.0" severity="medium"><version>ZCICA025</version><title>Sensitive CICS transactions are not protected in accordance with the proper security requirements.</title><description>&lt;VulnDiscussion&gt;Sensitive CICS transactions offer the ability to circumvent transaction level controls for accessing resources under CICS.  These transactions must be protected so that only authorized users can access them.  Unauthorized use can result in the compromise of the confidentiality, integrity, and availability of the operating system or customer data.&lt;/VulnDiscussion&gt;&lt;FalsePositives&gt;&lt;/FalsePositives&gt;&lt;FalseNegatives&gt;&lt;/FalseNegatives&gt;&lt;Documentable&gt;false&lt;/Documentable&gt;&lt;Mitigations&gt;&lt;/Mitigations&gt;&lt;SeverityOverrideGuidance&gt;&lt;/SeverityOverrideGuidance&gt;&lt;PotentialImpacts&gt;&lt;/PotentialImpacts&gt;&lt;ThirdPartyTools&gt;&lt;/ThirdPartyTools&gt;&lt;MitigationControl&gt;&lt;/MitigationControl&gt;&lt;Responsibility&gt;&lt;/Responsibility&gt;&lt;IAControls&gt;&lt;/IAControls&gt;</description><reference><dc:title>DPMS Target zOS IBM CICS Transaction Server for ACF2</dc:title><dc:publisher>DISA</dc:publisher><dc:type>DPMS Target</dc:type><dc:subject>zOS IBM CICS Transaction Server for ACF2</dc:subject><dc:identifier>4122</dc:identifier></reference><ident system="http://cyber.mil/legacy">SV-7191</ident><ident system="http://cyber.mil/legacy">V-6896</ident><ident system="http://cyber.mil/cci">CCI-002235</ident><fixtext fixref="F-25978r520260_fix">The Systems Programmer and IAO will ensure the ACF2/CICS parameter PROTLIST is not coded.

Browse the ACF2/CICS data set allocated by the ACF2PARM DD statement in the JCL of each CICS procedure.

Make sure the PROTLIST parameter is not specified for all CICS regions.</fixtext><fix id="F-25978r520260_fix" /><check system="C-25990r520259_chk"><check-content-ref href="zOS_IBM_CICS_Transaction_Server_for_ACF2_STIG.xml" name="M" /><check-content>a)	Refer to the following report produced by the z/OS Data Collection:

	-	EXAM.RPT(CICSPROC)

Refer to the CICS Systems Programmer Worksheets filled out from previous vulnerability ZCIC0010.

b)	Browse the ACF2/CICS data set allocated by the ACF2PARM DD statement in the JCL of each CICS procedure.

c)	If the PROTLIST parameter is not specified for all CICS regions, there is NO FINDING.

d)	If the PROTLIST parameter is specified for any CICS region, this is a FINDING.
</check-content></check></Rule></Group></Benchmark>