<?xml version="1.0" encoding="utf-8"?><?xml-stylesheet type='text/xsl' href='STIG_unclass.xsl'?><Benchmark xmlns:dc="http://purl.org/dc/elements/1.1/" xmlns:xsi="http://www.w3.org/2001/XMLSchema-instance" xmlns:cpe="http://cpe.mitre.org/language/2.0" xmlns:xhtml="http://www.w3.org/1999/xhtml" xmlns:dsig="http://www.w3.org/2000/09/xmldsig#" xsi:schemaLocation="http://checklists.nist.gov/xccdf/1.1 http://nvd.nist.gov/schema/xccdf-1.1.4.xsd http://cpe.mitre.org/dictionary/2.0 http://cpe.mitre.org/files/cpe-dictionary_2.1.xsd" id="IBM_zSecure_Suite_STIG" xml:lang="en" xmlns="http://checklists.nist.gov/xccdf/1.1"><status date="2024-12-06">accepted</status><title>IBM zSecure Suite Security Technical Implementation Guide</title><description>This Security Technical Implementation Guide is published as a tool to improve the security of Department of Defense (DOD) information systems. The requirements are derived from the National Institute of Standards and Technology (NIST) 800-53 and related documents. Comments or proposed revisions to this document should be sent via email to the following address: disa.stig_spt@mail.mil.</description><notice id="terms-of-use" xml:lang="en"></notice><front-matter xml:lang="en"></front-matter><rear-matter xml:lang="en"></rear-matter><reference href="https://cyber.mil"><dc:publisher>DISA</dc:publisher><dc:source>STIG.DOD.MIL</dc:source></reference><plain-text id="release-info">Release: 2 Benchmark Date: 30 Jan 2025</plain-text><plain-text id="generator">3.5</plain-text><plain-text id="conventionsVersion">1.10.0</plain-text><version>1</version><Profile id="MAC-1_Classified"><title>I - Mission Critical Classified</title><description>&lt;ProfileDescription&gt;&lt;/ProfileDescription&gt;</description><select idref="V-259728" selected="true" /><select idref="V-259729" selected="true" /><select idref="V-259730" selected="true" /><select idref="V-259731" selected="true" /><select idref="V-259732" selected="true" /><select idref="V-259733" selected="true" /><select idref="V-259734" selected="true" /><select idref="V-259735" selected="true" /><select idref="V-259736" selected="true" /><select idref="V-259737" selected="true" /><select idref="V-259738" selected="true" /></Profile><Profile id="MAC-1_Public"><title>I - Mission Critical Public</title><description>&lt;ProfileDescription&gt;&lt;/ProfileDescription&gt;</description><select idref="V-259728" selected="true" /><select idref="V-259729" selected="true" /><select idref="V-259730" selected="true" /><select idref="V-259731" selected="true" /><select idref="V-259732" selected="true" /><select idref="V-259733" selected="true" /><select idref="V-259734" selected="true" /><select idref="V-259735" selected="true" /><select idref="V-259736" selected="true" /><select idref="V-259737" selected="true" /><select idref="V-259738" selected="true" /></Profile><Profile id="MAC-1_Sensitive"><title>I - Mission Critical Sensitive</title><description>&lt;ProfileDescription&gt;&lt;/ProfileDescription&gt;</description><select idref="V-259728" selected="true" /><select idref="V-259729" selected="true" /><select idref="V-259730" selected="true" /><select idref="V-259731" selected="true" /><select idref="V-259732" selected="true" /><select idref="V-259733" selected="true" /><select idref="V-259734" selected="true" /><select idref="V-259735" selected="true" /><select idref="V-259736" selected="true" /><select idref="V-259737" selected="true" /><select idref="V-259738" selected="true" /></Profile><Profile id="MAC-2_Classified"><title>II - Mission Support Classified</title><description>&lt;ProfileDescription&gt;&lt;/ProfileDescription&gt;</description><select idref="V-259728" selected="true" /><select idref="V-259729" selected="true" /><select idref="V-259730" selected="true" /><select idref="V-259731" selected="true" /><select idref="V-259732" selected="true" /><select idref="V-259733" selected="true" /><select idref="V-259734" selected="true" /><select idref="V-259735" selected="true" /><select idref="V-259736" selected="true" /><select idref="V-259737" selected="true" /><select idref="V-259738" selected="true" /></Profile><Profile id="MAC-2_Public"><title>II - Mission Support Public</title><description>&lt;ProfileDescription&gt;&lt;/ProfileDescription&gt;</description><select idref="V-259728" selected="true" /><select idref="V-259729" selected="true" /><select idref="V-259730" selected="true" /><select idref="V-259731" selected="true" /><select idref="V-259732" selected="true" /><select idref="V-259733" selected="true" /><select idref="V-259734" selected="true" /><select idref="V-259735" selected="true" /><select idref="V-259736" selected="true" /><select idref="V-259737" selected="true" /><select idref="V-259738" selected="true" /></Profile><Profile id="MAC-2_Sensitive"><title>II - Mission Support Sensitive</title><description>&lt;ProfileDescription&gt;&lt;/ProfileDescription&gt;</description><select idref="V-259728" selected="true" /><select idref="V-259729" selected="true" /><select idref="V-259730" selected="true" /><select idref="V-259731" selected="true" /><select idref="V-259732" selected="true" /><select idref="V-259733" selected="true" /><select idref="V-259734" selected="true" /><select idref="V-259735" selected="true" /><select idref="V-259736" selected="true" /><select idref="V-259737" selected="true" /><select idref="V-259738" selected="true" /></Profile><Profile id="MAC-3_Classified"><title>III - Administrative Classified</title><description>&lt;ProfileDescription&gt;&lt;/ProfileDescription&gt;</description><select idref="V-259728" selected="true" /><select idref="V-259729" selected="true" /><select idref="V-259730" selected="true" /><select idref="V-259731" selected="true" /><select idref="V-259732" selected="true" /><select idref="V-259733" selected="true" /><select idref="V-259734" selected="true" /><select idref="V-259735" selected="true" /><select idref="V-259736" selected="true" /><select idref="V-259737" selected="true" /><select idref="V-259738" selected="true" /></Profile><Profile id="MAC-3_Public"><title>III - Administrative Public</title><description>&lt;ProfileDescription&gt;&lt;/ProfileDescription&gt;</description><select idref="V-259728" selected="true" /><select idref="V-259729" selected="true" /><select idref="V-259730" selected="true" /><select idref="V-259731" selected="true" /><select idref="V-259732" selected="true" /><select idref="V-259733" selected="true" /><select idref="V-259734" selected="true" /><select idref="V-259735" selected="true" /><select idref="V-259736" selected="true" /><select idref="V-259737" selected="true" /><select idref="V-259738" selected="true" /></Profile><Profile id="MAC-3_Sensitive"><title>III - Administrative Sensitive</title><description>&lt;ProfileDescription&gt;&lt;/ProfileDescription&gt;</description><select idref="V-259728" selected="true" /><select idref="V-259729" selected="true" /><select idref="V-259730" selected="true" /><select idref="V-259731" selected="true" /><select idref="V-259732" selected="true" /><select idref="V-259733" selected="true" /><select idref="V-259734" selected="true" /><select idref="V-259735" selected="true" /><select idref="V-259736" selected="true" /><select idref="V-259737" selected="true" /><select idref="V-259738" selected="true" /></Profile><Group id="V-259728"><title>SRG-APP-000133-MFP-000192</title><description>&lt;GroupDescription&gt;&lt;/GroupDescription&gt;</description><Rule id="SV-259728r1050748_rule" weight="10.0" severity="medium"><version>ZSEC-00-000040</version><title>Access to IBM Security zSecure installation data sets must be properly restricted and logged.</title><description>&lt;VulnDiscussion&gt;If the zSecure application were to allow any user to make changes to software libraries, those changes might be implemented without undergoing the appropriate testing and approvals that are part of a robust change management process.

This requirement applies to applications with software libraries that are accessible and configurable, as in the case of interpreted languages. Software libraries also include privileged programs that execute with escalated privileges. Only qualified and authorized individuals must be allowed to obtain access to information system components to initiate changes, including upgrades and modifications.&lt;/VulnDiscussion&gt;&lt;FalsePositives&gt;&lt;/FalsePositives&gt;&lt;FalseNegatives&gt;&lt;/FalseNegatives&gt;&lt;Documentable&gt;false&lt;/Documentable&gt;&lt;Mitigations&gt;&lt;/Mitigations&gt;&lt;SeverityOverrideGuidance&gt;&lt;/SeverityOverrideGuidance&gt;&lt;PotentialImpacts&gt;&lt;/PotentialImpacts&gt;&lt;ThirdPartyTools&gt;&lt;/ThirdPartyTools&gt;&lt;MitigationControl&gt;&lt;/MitigationControl&gt;&lt;Responsibility&gt;&lt;/Responsibility&gt;&lt;IAControls&gt;&lt;/IAControls&gt;</description><reference><dc:title>DPMS Target IBM zSecure Suite</dc:title><dc:publisher>DISA</dc:publisher><dc:type>DPMS Target</dc:type><dc:subject>IBM zSecure Suite</dc:subject><dc:identifier>5574</dc:identifier></reference><ident system="http://cyber.mil/cci">CCI-001499</ident><fixtext fixref="F-63374r1050747_fix">Ensure ALTER access to zSecure installation data sets is restricted to systems programmers, and all failures and successful UPDATE and higher access is logged. 

READ access can be permitted to auditors, security administrators (domain level and decentralized), batch jobs that perform ESM maintenance, and trusted STC users.

The installing systems programmer will identify and document the product data sets and categorize them according to who will require UPDATE and higher access and if required that all successful UPDATE and higher access is logged. The installing systems programmer will identify if any additional groups need READ access for specific zSecure installation data sets, and once documented will work with the information system security officer (ISSO) to ensure they are properly restricted to the ESM active on the system.

The following commands are provided as a RACF sample for implementing zSecure installation data set controls. Please convert these commands for any other ESM:

ad 'hlq.zsec.inst.dsn' uacc(none) owner(zSecure owner) -
audit(success(update) failures(read)) 
pe 'hlq.zsec.inst.dsn'  id(AUDTAUDT, SECAAUDT, SECBAUDT, SECDAUDT, TSTCAUDT) access(READ)  
pe  'hlq.zsec.inst.dsn'  id(SYSPAUDT) access(ALTER)</fixtext><fix id="F-63374r1050747_fix" /><check system="C-63467r943216_chk"><check-content-ref href="IBM_zSecure_Suite_STIG.xml" name="M" /><check-content>Verify the accesses to zSecure installation data sets are properly restricted. 

- The RACF profile(s) protecting zSecure installation data sets must not allow general access by means of UACC, ID(*), WARNING, or global access.
- The RACF profile(s) protecting zSecure installation data sets must restrict READ access to auditors, security administrators , decentralized security administrators, batch jobs that perform External Security Manager (ESM) maintenance, and trusted STC users.
- The RACF profile(s) protecting zSecure installation data sets must restrict UPDATE and higher access to systems programmers. 
- All failures and successful UPDATE and higher access must be logged.

If all of the above restrictions are true, this is not a finding.</check-content></check></Rule></Group><Group id="V-259729"><title>SRG-APP-000133-MFP-000193</title><description>&lt;GroupDescription&gt;&lt;/GroupDescription&gt;</description><Rule id="SV-259729r960960_rule" weight="10.0" severity="medium"><version>ZSEC-00-000060</version><title>Access to IBM Security zSecure STC data sets must be properly restricted and logged.</title><description>&lt;VulnDiscussion&gt;IBM Security zSecure STC have the ability to use privileged functions and/or have access to sensitive data. Failure to properly restrict access to these zSecure STC data sets could result in violating the integrity of the base product, which could compromise the operating system or sensitive data.&lt;/VulnDiscussion&gt;&lt;FalsePositives&gt;&lt;/FalsePositives&gt;&lt;FalseNegatives&gt;&lt;/FalseNegatives&gt;&lt;Documentable&gt;false&lt;/Documentable&gt;&lt;Mitigations&gt;&lt;/Mitigations&gt;&lt;SeverityOverrideGuidance&gt;&lt;/SeverityOverrideGuidance&gt;&lt;PotentialImpacts&gt;&lt;/PotentialImpacts&gt;&lt;ThirdPartyTools&gt;&lt;/ThirdPartyTools&gt;&lt;MitigationControl&gt;&lt;/MitigationControl&gt;&lt;Responsibility&gt;&lt;/Responsibility&gt;&lt;IAControls&gt;&lt;/IAControls&gt;</description><reference><dc:title>DPMS Target IBM zSecure Suite</dc:title><dc:publisher>DISA</dc:publisher><dc:type>DPMS Target</dc:type><dc:subject>IBM zSecure Suite</dc:subject><dc:identifier>5574</dc:identifier></reference><ident system="http://cyber.mil/cci">CCI-001499</ident><fixtext fixref="F-63375r943220_fix">Ensure that READ and higher access to zSecure STC data sets is restricted to authorized users, and all failures and successful UPDATE and higher access is logged. 
Appropriate access can be permitted to auditors, decentralized security administrators, security administrators, automated operation STCs/batch jobs, batch jobs performing ESM maintenance, trusted STC users and systems programmers. 

The following commands are provided as a sample for implementing zSecure STC data set controls: 

ad 'hlq.zsec.alert.ckfreeze' uacc(none) owner(zSecure owner) -
audit(success(update) failures(read))
pe 'hlq.zsec.alert.ckfreeze' id(SYSPAUDT, TSTCAUDT) access(READ) 
ad 'hlq.zsec.access.monitor.dsn' uacc(none) owner(zSecure owner) -
audit(success(UPDATE) failures(READ))
pe 'hlq.zsec.access.monitor.dsn' id(AUDTAUDT, SECAAUDT, SECDAUDT, SECBAUDT) access(READ) 
pe 'hlq.zsec.access.monitor.dsn' id(SECBAUDT, 
access(UPDATE)
pe 'hlq.zsec.access.monitor.dsn' id(SYSPAUDT, TSTCAUDT) access(ALTER) 
rdef logstrm LSName uacc(none) owner(zSecure owner) - audit(success(UPDATE) failures(read))
pe LSName class(logstrm) id(AUDTAUDT, SECAAUDT, SECDAUDT) access(READ) 
pe LSName class(logstrm) id(CKXLOG, SECBAUDT, AUTOAUDT, SYSPAUDT) access(ALTER) 
rdef facility IXLSTR. &lt;modelstrname&gt; uacc(none) owner(zSecure owner) - audit(success(UPDATE) failures(READ))
pe IXLSTR.&lt;modelstrname&gt; class(facility) id(SYSPAUDT, TSTCAUDT) access(ALTER)</fixtext><fix id="F-63375r943220_fix" /><check system="C-63468r943250_chk"><check-content-ref href="IBM_zSecure_Suite_STIG.xml" name="M" /><check-content>Verify that access to the zSecure STC data sets is properly restricted.

If the following guidance is true, this is not a finding.

- The RACF profiles protecting zSecure STC data sets do not allow general access by means of UACC, ID(*), WARNING, or global access.
- READ and higher access to zAlert CKFREEZE data sets is restricted to trusted STC users and systems programmers.
- READ access to Access Monitor output data sets is restricted to auditors, decentralized security administrators, security administrators, automated operation STCs/batch jobs, batch jobs performing ESM maintenance, trusted STC users, and systems programmers.
- UPDATE access to Access Monitor output data sets is restricted to automated operation STCs/batch jobs, batch jobs performing ESM maintenance, trusted STC users, and systems programmers.
- CONTROL and higher access to Access Monitor output data sets is restricted to trusted STC users and systems programmers.
- All failures and successful UPDATE and higher access to zSecure STC data sets is logged.

DASD-only CKXLOG log stream resources in the LOGSTRM class:
- READ is restricted to security administrators, auditors, batch jobs performing ESM maintenance
- ALTER restricted to CKXLOG task, system programmers, and batch jobs performing ESM maintenance
* For Coupling-Facility CKXLOG log streams, the above applies in addition to checking the IXLSTR.model_structure_name profiles in the FACILITY class:
- UPDATE and higher trusted STC users, and systems programmers.</check-content></check></Rule></Group><Group id="V-259730"><title>SRG-APP-000133-MFP-000194</title><description>&lt;GroupDescription&gt;&lt;/GroupDescription&gt;</description><Rule id="SV-259730r1050750_rule" weight="10.0" severity="medium"><version>ZSEC-00-000080</version><title>Access to IBM Security zSecure user data sets must be properly restricted and logged.</title><description>&lt;VulnDiscussion&gt;If zSecure were to allow inappropriate reading or updating of user data sets, sensitive information could be disclosed, or changes might result in incorrect results reported by the product. Only qualified and authorized individuals must be allowed to create, read, update, and delete zSecure user data sets.&lt;/VulnDiscussion&gt;&lt;FalsePositives&gt;&lt;/FalsePositives&gt;&lt;FalseNegatives&gt;&lt;/FalseNegatives&gt;&lt;Documentable&gt;false&lt;/Documentable&gt;&lt;Mitigations&gt;&lt;/Mitigations&gt;&lt;SeverityOverrideGuidance&gt;&lt;/SeverityOverrideGuidance&gt;&lt;PotentialImpacts&gt;&lt;/PotentialImpacts&gt;&lt;ThirdPartyTools&gt;&lt;/ThirdPartyTools&gt;&lt;MitigationControl&gt;&lt;/MitigationControl&gt;&lt;Responsibility&gt;&lt;/Responsibility&gt;&lt;IAControls&gt;&lt;/IAControls&gt;</description><reference><dc:title>DPMS Target IBM zSecure Suite</dc:title><dc:publisher>DISA</dc:publisher><dc:type>DPMS Target</dc:type><dc:subject>IBM zSecure Suite</dc:subject><dc:identifier>5574</dc:identifier></reference><ident system="http://cyber.mil/cci">CCI-001499</ident><fixtext fixref="F-63376r1050749_fix">The following commands are provided as a RACF sample for implementing zSecure user data set controls. Convert these commands for any other ESM:

ad 'hlq.zsec.user.assert/ckfreeze/unload.dsn' uacc(none) owner(zSecure owner) - 
audit(success(update) failures(read))

pe 'hlq.zsec.user.assert/ckfreeze/unload.dsn' id(AUDTAUDT, AUTOAUDT, SECAAUDT, SECDAUDT, SECBAUDT, TSTCAUDT) access(READ)

pe 'hlq.zsec.user.assert/ckfreeze/unload.dsn' id(SECAAUDT, SECDAUDT, SECBAUDT, SYSPAUDT) access(ALTER) 

ad 'hlq.zsec.accmon.user.dsn' uacc(none) owner(zSecure owner) -
audit(success(update) failures(read))

pe 'hlq.zsec.accmon.user.dsn' id(AUDTAUDT, AUTOAUDT, SECAAUDT, SECDAUDT, SECBAUDT, TSTCAUDT) access(READ)

pe 'hlq.zsec.accmon.user.dsn' id(AUTOAUDT, SECBAUDT, TSTCAUDT, SYSPAUDT) access(ALTER)
ad ' hlq.zsec.user.ckcus*
audit(success(UPDATE) failures(READ))

pe 'hlq.zsec.user.ckcus*' id(AUDTAUDT, AUTOAUDT, SECAAUDT, SECDAUDT, SECBAUDT, TSTCAUDT) access(UPDATE)

pe 'hlq.zsec.user.ckcus*' id(SYSPAUDT) access(ALTER) 
rdef logstrm LSName uacc(none) owner(zSecure owner) - 
audit(success(UPDATE) failures(read))

pe LSName class(logstrm) id(AUDTAUDT, AUTOAUDT, SECAAUDT, SECDAUDT, TSTCAUDT, SYSPAUDT) access(READ) 
pe LSName class(logstrm) id(AUTOAUDT, TSTCAUDT, SYSPAUDT) access(ALTER)</fixtext><fix id="F-63376r1050749_fix" /><check system="C-63469r943222_chk"><check-content-ref href="IBM_zSecure_Suite_STIG.xml" name="M" /><check-content>Verify the accesses to the zSecure user data sets are properly restricted. If the following guidance is true, this is not a finding. 

- The RACF profiles protecting zSecure user data sets do not allow general access by means of UACC, ID(*), WARNING, or global access.
- READ access to ASSERTION, CKFREEZE, and UNLOAD data sets is restricted to auditors, automated operation STCs/batch jobs, decentralized security administrators, security administrators, batch jobs performing ESM maintenance, system programmers and trusted STC users.
- UPDATE and higher access to ASSERTION, CKFREEZE, and UNLOAD data sets is restricted to decentralized security administrators, security administrators, batch jobs performing ESM maintenance, and system programmers. 
- All failures and successful UPDATE and higher access to ASSERTION, CKFREEZE, and UNLOAD data sets is logged. 
- READ access to Access Monitor output data sets is restricted to auditors, decentralized security administrators, security administrators, batch jobs performing ESM maintenance, automated operation STCs/batch jobs, and trusted STC users, and system programmers. 
- UPDATE and higher access to the Access Monitor output data sets is restricted to automated operation STCs/batch jobs, batch jobs performing ESM maintenance, trusted STC users, and system programmers. 
- All failed and all successful UPDATE and higher access to Access Monitor output data sets is logged.
- READ access to CKACUST and CKACUSV data sets is restricted to auditors, batch jobs that perform ESM maintenance, decentralized security administrators, security administrators, automated operation STCs/batch jobs, trusted STC users, and systems programmers.
- UPDATE access to CKACUST and CKACUSV data sets is restricted to decentralized security administrators, security administrators, automated operation STCs/batch jobs, batch jobs performing ESM maintenance, trusted STC users, and systems programmers.
- CONTROL and higher access to CKACUST and CKACUSV data sets is restricted to systems programmers.
- All failed and all successful UPDATE and higher access to CKACUST and CKACUSV data sets is logged.
- READ access to CKXLOG log stream is restricted to auditors, decentralized security administrators, security administrators, automated operation STCs/batch jobs, trusted STC users, and system programmers.
- UPDATE and higher access to CKXLOG log stream is restricted to automated operation STCs/batch jobs, trusted STC users, and system programmers.
- All failed access to CKXLOG log stream is logged.</check-content></check></Rule></Group><Group id="V-259731"><title>SRG-APP-000148-MFP-000206</title><description>&lt;GroupDescription&gt;&lt;/GroupDescription&gt;</description><Rule id="SV-259731r1051324_rule" weight="10.0" severity="medium"><version>ZSEC-00-000100</version><title>Started tasks for IBM Security zSecure products must be properly defined.</title><description>&lt;VulnDiscussion&gt;Started tasks and batch job IDs can be automatically revoked accidentally if not properly protected. When properly protected STCs prevent any attempts to log on with a password, it eliminates the possibility of revocation due to excessive invalid password attempts (denial of service).&lt;/VulnDiscussion&gt;&lt;FalsePositives&gt;&lt;/FalsePositives&gt;&lt;FalseNegatives&gt;&lt;/FalseNegatives&gt;&lt;Documentable&gt;false&lt;/Documentable&gt;&lt;Mitigations&gt;&lt;/Mitigations&gt;&lt;SeverityOverrideGuidance&gt;&lt;/SeverityOverrideGuidance&gt;&lt;PotentialImpacts&gt;&lt;/PotentialImpacts&gt;&lt;ThirdPartyTools&gt;&lt;/ThirdPartyTools&gt;&lt;MitigationControl&gt;&lt;/MitigationControl&gt;&lt;Responsibility&gt;&lt;/Responsibility&gt;&lt;IAControls&gt;&lt;/IAControls&gt;</description><reference><dc:title>DPMS Target IBM zSecure Suite</dc:title><dc:publisher>DISA</dc:publisher><dc:type>DPMS Target</dc:type><dc:subject>IBM zSecure Suite</dc:subject><dc:identifier>5574</dc:identifier></reference><ident system="http://cyber.mil/cci">CCI-000764</ident><fixtext fixref="F-63377r1051324_fix">Ensure user IDs assigned to zSecure started tasks and scheduled batch jobs are assigned the PROTECTED attribute and/or defined as an STC.

The following command is provided as a sample for adding the PROTECTED attribute. Convert this command for any other ESM:

- ALTUSER &lt;stuser&gt; NOPASSWORD NOPHRASE
- ALTUSER &lt;batch user ID&gt; NOPASSWORD NOPHRASE</fixtext><fix id="F-63377r1051324_fix" /><check system="C-63470r1050751_chk"><check-content-ref href="IBM_zSecure_Suite_STIG.xml" name="M" /><check-content>If user IDs assigned to zSecure started tasks and scheduled batch jobs are not assigned the PROTECTED attribute and/or defined as an STC, this is a finding.

The default zSecure STC names (that may be changed by installation) are as follows:

- STC C2PACMON runs program C2PACMON.
- STC C2POLICE runs program C2POLICE.
- STC C2PCOLL runs program CKFCOLL. (CKFCOLL is also run as a step in batch jobs.)
- STC C2RSERVE runs program BPXBATCH.
- STC CKCS1154 runs program CKCS1154.
- STC CKNSERVE runs program CKNSERVE.
- STC CKCCEF runs program CKRCARLX.
- STC CKQCLEEF runs program CKRCARLX.
- STC CKQEXSMF runs program CKQEXSMF.
- STC CKQRADAR runs program CKRCARLA.
- STC CKXLOG runs program CKXLOG.

Verify the naming conventions for the zSecure STCs and batch jobs with the responsible systems programmers.

Check which user IDs are assigned in the STDATA segment of the zSecure STCs. For these user IDs, verify they are assigned the PROTECTED attribute.</check-content></check></Rule></Group><Group id="V-259732"><title>SRG-APP-000211-MFP-000283</title><description>&lt;GroupDescription&gt;&lt;/GroupDescription&gt;</description><Rule id="SV-259732r961095_rule" weight="10.0" severity="medium"><version>ZSEC-00-000120</version><title>Access to IBM Security zSecure program resources must be limited to authorized users.</title><description>&lt;VulnDiscussion&gt;Functional access (which is controlled with access to XFACILIT profiles) must not commingle multiple functions under a single resource profile.&lt;/VulnDiscussion&gt;&lt;FalsePositives&gt;&lt;/FalsePositives&gt;&lt;FalseNegatives&gt;&lt;/FalseNegatives&gt;&lt;Documentable&gt;false&lt;/Documentable&gt;&lt;Mitigations&gt;&lt;/Mitigations&gt;&lt;SeverityOverrideGuidance&gt;&lt;/SeverityOverrideGuidance&gt;&lt;PotentialImpacts&gt;&lt;/PotentialImpacts&gt;&lt;ThirdPartyTools&gt;&lt;/ThirdPartyTools&gt;&lt;MitigationControl&gt;&lt;/MitigationControl&gt;&lt;Responsibility&gt;&lt;/Responsibility&gt;&lt;IAControls&gt;&lt;/IAControls&gt;</description><reference><dc:title>DPMS Target IBM zSecure Suite</dc:title><dc:publisher>DISA</dc:publisher><dc:type>DPMS Target</dc:type><dc:subject>IBM zSecure Suite</dc:subject><dc:identifier>5574</dc:identifier></reference><ident system="http://cyber.mil/cci">CCI-001082</ident><fixtext fixref="F-63378r943254_fix">Ensure READ and higher access to zSecure program resources is restricted to the appropriate staff members.

READ and higher access can be given to security administrators, decentralized security administrators, security batch jobs that perform ESM maintenance, and trusted STC users.

The following commands are provided as a sample for implementing zSecure functional resource controls: 
rdef CKF.&lt;focus&gt; uacc(none) owner(zSecure owner)
pe CKF.&lt;focus&gt; class(XFACILIT) id(SECAAUDT, SECBAUDT, SECDAUDT, TSTCAUDT) access(READ) 
rdef xfacilit CKNADMIN.&lt;type&gt;.&lt;node-name&gt; uacc(none) owner(zSecure owner) 
pe CKNADMIN.&lt;type&gt;.&lt;node-name&gt; class(xfacilit) id(SECAAUDT, SECBAUDT, SECDAUDT, TSTCAUDT) access(READ) 
rdef xfacilit CKNDSN.&lt;dstype&gt;.&lt;node-name&gt;.&lt;systemname&gt;.&lt;type&gt; uacc(none) owner(zSecure owner)
pe CKNDSN.&lt;dstype&gt;.&lt;node-name&gt;.&lt;systemname&gt;.&lt;type&gt; class(xfacilit) id(SECAAUDT, SECBAUDT, SECDAUDT, TSTCAUDT) access(READ) 
rdef xfacilit CKG.&lt;type&gt;.** uacc(none) owner(zSecure owner)
pe CKG.&lt;type&gt;.** class(xfacilit) id(SECAAUDT, SECBAUDT, SECDAUDT, TSTCAUD) access(READ)
rdef xfacilit CKR.&lt;type&gt; uacc(none) owner(zSecure owner)
pe CKR.&lt;type&gt;.** class(xfacilit) id(SECAAUDT, SECBAUDT, SECDAUDT, TSTCAUD) access(READ) 
rdef xfacilit C2R.SERVER.ADMIN uacc(none) owner(zSecure owner) 

pe C2R.SERVER.ADMIN class(xfacilit) id(SECAAUDT, SECBAUDT, TSTCAUD) access(READ) 
rdef xfacilit C2R.CLIENT.** uacc(none) owner(zSecure owner)
pe C2R.CLIENT.** class(xfacilit) id(SECAAUDT, SECBAUDT, TSTCAUD) access(READ) 
rdef xfacilit C2X.ICH* uacc(none) owner(zSecure owner)
pe C2X.ICH* class(xfacilit) id(AUTOAUDT, TSTCAUDT) access(UPDATE)</fixtext><fix id="F-63378r943254_fix" /><check system="C-63471r943253_chk"><check-content-ref href="IBM_zSecure_Suite_STIG.xml" name="M" /><check-content>If the profiles protecting zSecure program resources do not allow general access by means of  UACC, ID(*),WARNING, or global access, this is not a finding.

Review profile(s) protecting CKF.** resources in XFACILIT class. 

If READ and higher access to any other CKF.&lt;focus&gt; profiles is not restricted to security administrators, decentralized security administrators, security batch jobs performing External Security Manager (ESM) maintenance, and trusted STC users, this is a finding.

Review profile(s) protecting CKN*.** resources in XFACILIT class. 

If READ and higher access to any other CKNADMIN.**, and CKNDSN.**, profiles is not restricted to security administrators, decentralized security administrators, security batch jobs performing ESM maintenance, and trusted STC users, this is a finding.

Review profile(s) protecting CKG.** resources in XFACILIT class.

If READ and higher access to any other CKG.CMD.**, CKG.RAC.**, CKG.SCHEDULE.**, CKG.SCP.**,  CKG.SCPASK.**,CKG.UCAT.**, or CKG.USRDATA.** profiles is not restricted to security administrators, decentralized security administrators, security batch jobs performing ESM maintenance, and trusted STC users, this is a finding.

Review profile(s) protecting CKR.** resources in XFACILIT class. 

If READ and higher access to any other CKR.ACTION.**, CKR.CKRCARLA.APF, CKR.CKXLOG.**, CKR.OPTION.**, or CKR.READALL profiles is not restricted to security administrators, decentralized security administrators, security batch jobs performing ESM maintenance, and trusted STC users, this is a finding.

If  zSecure is used, review profile(s) protecting C2R.** resources in XFACILIT class. 

If READ and higher access to any other C2R.CLIENT.** or C2R.SERVER.ADMIN profiles is not restricted to security administrators, decentralized security administrators, security batch jobs performing ESM maintenance, and trusted STC users, this is a finding.

Review profile(s) protecting C2X.** resources in XFACILIT class. 

If UPDATE access to any other C2X.ICH* profile is not restricted to automated operation STCs/batch jobs or trusted STC users, this is a finding.

If all failures and successful UPDATE and higher access attempts are logged, this is not a finding.</check-content></check></Rule></Group><Group id="V-259733"><title>SRG-APP-000340-MFP-000088</title><description>&lt;GroupDescription&gt;&lt;/GroupDescription&gt;</description><Rule id="SV-259733r1050755_rule" weight="10.0" severity="medium"><version>ZSEC-00-000140</version><title>IBM Security zSecure must prevent nonprivileged users from executing privileged zSecure functions.</title><description>&lt;VulnDiscussion&gt;Preventing nonprivileged users from executing privileged zSecure functions mitigates the risk that unauthorized individuals or processes may gain unnecessary access to information or privileges.

Privileged functions include, for example, running COLLECT jobs, generating audit reports, and adjusting RACF security settings. Nonprivileged users are individuals who do not possess appropriate authorizations. 

Circumventing intrusion detection and prevention mechanisms or malicious code protection mechanisms are examples of privileged functions that require protection from nonprivileged users.&lt;/VulnDiscussion&gt;&lt;FalsePositives&gt;&lt;/FalsePositives&gt;&lt;FalseNegatives&gt;&lt;/FalseNegatives&gt;&lt;Documentable&gt;false&lt;/Documentable&gt;&lt;Mitigations&gt;&lt;/Mitigations&gt;&lt;SeverityOverrideGuidance&gt;&lt;/SeverityOverrideGuidance&gt;&lt;PotentialImpacts&gt;&lt;/PotentialImpacts&gt;&lt;ThirdPartyTools&gt;&lt;/ThirdPartyTools&gt;&lt;MitigationControl&gt;&lt;/MitigationControl&gt;&lt;Responsibility&gt;&lt;/Responsibility&gt;&lt;IAControls&gt;&lt;/IAControls&gt;</description><reference><dc:title>DPMS Target IBM zSecure Suite</dc:title><dc:publisher>DISA</dc:publisher><dc:type>DPMS Target</dc:type><dc:subject>IBM zSecure Suite</dc:subject><dc:identifier>5574</dc:identifier></reference><ident system="http://cyber.mil/cci">CCI-002235</ident><fixtext fixref="F-63379r1050754_fix">Ensure that the following high-level qualifier profiles are defined in the configured zSecure class, by default XFACILIT, with UACC (NONE) and not in WARNING mode: 
CKF.**
CKN*.** 
CKG.**
CKR.**
C2R.** (if you use zSecure Visual)
C2X.**

A minimum of all failed access must be logged. 

The following is an example of RACF commands. Convert these commands for any other ESM:
rdef xfacilit CKF.** uacc(none) owner(zSecure owner)
rdef xfacilit CKN*.** uacc(none) owner(zSecure owner)
rdef xfacilit CKG.** uacc(none) owner(zSecure owner)
rdef xfacilit CKR.** uacc(none) owner(zSecure owner)
rdef xfacilit C2R.** uacc(none) owner(zSecure owner)
rdef xfacilit C2X.** uacc(none) owner(zSecure owner)</fixtext><fix id="F-63379r1050754_fix" /><check system="C-63472r943231_chk"><check-content-ref href="IBM_zSecure_Suite_STIG.xml" name="M" /><check-content>If READ access to zSecure functional resources is not restricted to privileged users, this is a finding.
If the following high-level qualifier profiles are defined in the configured zSecure class, by default XFACILIT, with UACC (NONE) and not in WARNING mode, this is not a finding.

CKF.**
CKN*.**
CKG.**
CKR.**
C2R.** (if you use zSecure Visual) 
C2X.**

If a minimum of all failed access is logged, this is not a finding.</check-content></check></Rule></Group><Group id="V-259734"><title>SRG-APP-000342-MFP-000090</title><description>&lt;GroupDescription&gt;&lt;/GroupDescription&gt;</description><Rule id="SV-259734r1050758_rule" weight="10.0" severity="medium"><version>ZSEC-00-000160</version><title>The IBM Security zSecure programs CKFCOLL and CKGRACF, and the APF-authorized version of program CKRCARLA, must be restricted to security administrators, security batch jobs performing External Security Manager (ESM) maintenance, auditors, and systems programmers, and must be audited.</title><description>&lt;VulnDiscussion&gt;Users authorized to use the zSecure program CKFCOLL can collect z/OS system information that is not accessible to regular users. 

Users authorized to use the zSecure program CKGRACF can change certain permitted RACF profile definitions that otherwise would not be allowed. 

Users authorized to use the zSecure program CKRCARLX can fake SMF records. 

Allowing inappropriate users to use the CKFCOLL, CKGRACF, and CKRCARLX programs could result in disclosure of z/OS installation and configuration information or inappropriate RACF profile or SMF record changes.

Satisfies: SRG-APP-000342-MFP-000090,SRG-APP-000343-MFP-000091&lt;/VulnDiscussion&gt;&lt;FalsePositives&gt;&lt;/FalsePositives&gt;&lt;FalseNegatives&gt;&lt;/FalseNegatives&gt;&lt;Documentable&gt;false&lt;/Documentable&gt;&lt;Mitigations&gt;&lt;/Mitigations&gt;&lt;SeverityOverrideGuidance&gt;&lt;/SeverityOverrideGuidance&gt;&lt;PotentialImpacts&gt;&lt;/PotentialImpacts&gt;&lt;ThirdPartyTools&gt;&lt;/ThirdPartyTools&gt;&lt;MitigationControl&gt;&lt;/MitigationControl&gt;&lt;Responsibility&gt;&lt;/Responsibility&gt;&lt;IAControls&gt;&lt;/IAControls&gt;</description><reference><dc:title>DPMS Target IBM zSecure Suite</dc:title><dc:publisher>DISA</dc:publisher><dc:type>DPMS Target</dc:type><dc:subject>IBM zSecure Suite</dc:subject><dc:identifier>5574</dc:identifier></reference><ident system="http://cyber.mil/cci">CCI-002233</ident><ident system="http://cyber.mil/cci">CCI-002234</ident><fixtext fixref="F-63380r1050757_fix">The following commands are provided as a sample for implementing RACF zSecure user data set controls. Convert these commands for any other ESM:

rdef program CKFCOLL uacc(none) owner(zSecure owner) audit(all(read))
pe CKFCOLL class(program) id(AUDTAUDT, SECAAUDT, SECBAUDT,
SECDAUDT, SYSPAUDT) access(READ)
rdef program CKGRACF uacc(none) owner(zSecure owner) audit(all(read))
pe CKGRACF class(program) id(AUDTAUDT, SECAAUDT, SECBAUDT,
SECDAUDT, SYSPAUDT) access(READ)
rdef program CKRCARLX uacc(none) owner(zSecure owner) audit(all(read))
pe CKRCARLX class(program) id(AUDTAUDT, SECAAUDT, SECBAUDT,
SECDAUDT, SYSPAUDT) access(READ)</fixtext><fix id="F-63380r1050757_fix" /><check system="C-63473r1050756_chk"><check-content-ref href="IBM_zSecure_Suite_STIG.xml" name="M" /><check-content>If this is not a RACF system, the presence of CKGRACF is not applicable.

Verify the access and log settings of the profiles that protect the use of the CKFCOLL and CKGRACF programs and the APF-authorized version of the CKRCARLA program.

If the CKF.** and CKG.** profiles that protect the use of the CKFCOLL, CKGRACF, and CKRCARLA programs allow general access (UACC, ID(*), WARNING, or global access) or do not log successful READ access, this is a finding.

If READ or higher access to profile(s) protecting CKF.** resources in XFACILIT class is not restricted to security administrators (domain or decentralized), batch jobs performing ESM maintenance, auditors, or systems programmers, this is a finding.

If READ or higher access to profile(s) protecting CKG.** resources in XFACILIT class is not restricted to security administrators (domain or decentralized) or batch jobs performing ESM maintenance, this is a finding.

Review auditing of the profile protecting the CKR.CKRCARLA.APF resource in XFACILIT class. 

If successful READs are not audited, this is a finding.</check-content></check></Rule></Group><Group id="V-259735"><title>SRG-APP-000379-MFP-000186</title><description>&lt;GroupDescription&gt;&lt;/GroupDescription&gt;</description><Rule id="SV-259735r961458_rule" weight="10.0" severity="medium"><version>ZSEC-00-000200</version><title>IBM Security zSecure must implement organization-defined automated security responses if baseline zSecure configurations are changed in an unauthorized manner.</title><description>&lt;VulnDiscussion&gt;Unauthorized changes to the zSecure baseline configuration could make the system vulnerable to various attacks or allow unauthorized access to the system. Changes to information system configurations can have unintended side effects, some of which may be relevant to security. 

Detecting such changes and providing an automated response can help avoid unintended, negative consequences that could ultimately affect the security state of the application. Examples of security responses include but are not limited to the following: halting application processing, halting selected application functions, or issuing alerts/notifications to organizational personnel when there is an unauthorized modification of a configuration item.&lt;/VulnDiscussion&gt;&lt;FalsePositives&gt;&lt;/FalsePositives&gt;&lt;FalseNegatives&gt;&lt;/FalseNegatives&gt;&lt;Documentable&gt;false&lt;/Documentable&gt;&lt;Mitigations&gt;&lt;/Mitigations&gt;&lt;SeverityOverrideGuidance&gt;&lt;/SeverityOverrideGuidance&gt;&lt;PotentialImpacts&gt;&lt;/PotentialImpacts&gt;&lt;ThirdPartyTools&gt;&lt;/ThirdPartyTools&gt;&lt;MitigationControl&gt;&lt;/MitigationControl&gt;&lt;Responsibility&gt;&lt;/Responsibility&gt;&lt;IAControls&gt;&lt;/IAControls&gt;</description><reference><dc:title>DPMS Target IBM zSecure Suite</dc:title><dc:publisher>DISA</dc:publisher><dc:type>DPMS Target</dc:type><dc:subject>IBM zSecure Suite</dc:subject><dc:identifier>5574</dc:identifier></reference><ident system="http://cyber.mil/cci">CCI-001744</ident><fixtext fixref="F-63381r943238_fix">The recipients of the SMF reports or alert messages must investigate whether the UPDATE is legitimate (e.g., is documented and approved in a change management request). If it is not, they must restore the original configuration setting.</fixtext><fix id="F-63381r943238_fix" /><check system="C-63474r943237_chk"><check-content-ref href="IBM_zSecure_Suite_STIG.xml" name="M" /><check-content>Verify that a (daily) scheduled batch job is defined and used or a custom alert is configured and activated to inform appropriate personnel, such as auditors and compliance officers, about successful changes to the zSecure configuration data sets on their z/OS systems. 

If SMF records regarding successful UPDATE(s) to zSecure configuration data sets are not reported to the information system security manager (ISSM), this is a finding.</check-content></check></Rule></Group><Group id="V-259736"><title>SRG-APP-000454-MFP-000343</title><description>&lt;GroupDescription&gt;&lt;/GroupDescription&gt;</description><Rule id="SV-259736r961677_rule" weight="10.0" severity="medium"><version>ZSEC-00-000220</version><title>IBM Security zSecure must remove all upgraded/replaced zSecure software components that are no longer required for operation after updated versions have been installed.</title><description>&lt;VulnDiscussion&gt;Previous versions of zSecure products and components that are not removed from the information system after updates have been installed may be exploited by adversaries. Some information technology products may remove older versions of software automatically from the information system.&lt;/VulnDiscussion&gt;&lt;FalsePositives&gt;&lt;/FalsePositives&gt;&lt;FalseNegatives&gt;&lt;/FalseNegatives&gt;&lt;Documentable&gt;false&lt;/Documentable&gt;&lt;Mitigations&gt;&lt;/Mitigations&gt;&lt;SeverityOverrideGuidance&gt;&lt;/SeverityOverrideGuidance&gt;&lt;PotentialImpacts&gt;&lt;/PotentialImpacts&gt;&lt;ThirdPartyTools&gt;&lt;/ThirdPartyTools&gt;&lt;MitigationControl&gt;&lt;/MitigationControl&gt;&lt;Responsibility&gt;&lt;/Responsibility&gt;&lt;IAControls&gt;&lt;/IAControls&gt;</description><reference><dc:title>DPMS Target IBM zSecure Suite</dc:title><dc:publisher>DISA</dc:publisher><dc:type>DPMS Target</dc:type><dc:subject>IBM zSecure Suite</dc:subject><dc:identifier>5574</dc:identifier></reference><ident system="http://cyber.mil/cci">CCI-002617</ident><fixtext fixref="F-63382r943241_fix">Remove all upgraded/replaced software components that are no longer required for operation.</fixtext><fix id="F-63382r943241_fix" /><check system="C-63475r943240_chk"><check-content-ref href="IBM_zSecure_Suite_STIG.xml" name="M" /><check-content>Examine the inventory of installed software components for zSecure.

If software components that are no longer required for operation exist, this is a finding.</check-content></check></Rule></Group><Group id="V-259737"><title>SRG-APP-000456-MFP-000345</title><description>&lt;GroupDescription&gt;&lt;/GroupDescription&gt;</description><Rule id="SV-259737r961683_rule" weight="10.0" severity="medium"><version>ZSEC-00-000240</version><title>IBM Security zSecure system administrators must install security-relevant zSecure software updates within the time period directed by an authoritative source (e.g., IAVMs, CTOs, DTMs, and STIGs).</title><description>&lt;VulnDiscussion&gt;Security flaws with software applications are discovered daily. Vendors are constantly updating and patching their products to address newly discovered security vulnerabilities. Organizations (including any contractor to the organization) are required to promptly install security-relevant software updates (e.g., patches, service packs, and hot fixes). Flaws discovered during security assessments, continuous monitoring, incident response activities, or information system error handling must also be addressed expeditiously.&lt;/VulnDiscussion&gt;&lt;FalsePositives&gt;&lt;/FalsePositives&gt;&lt;FalseNegatives&gt;&lt;/FalseNegatives&gt;&lt;Documentable&gt;false&lt;/Documentable&gt;&lt;Mitigations&gt;&lt;/Mitigations&gt;&lt;SeverityOverrideGuidance&gt;&lt;/SeverityOverrideGuidance&gt;&lt;PotentialImpacts&gt;&lt;/PotentialImpacts&gt;&lt;ThirdPartyTools&gt;&lt;/ThirdPartyTools&gt;&lt;MitigationControl&gt;&lt;/MitigationControl&gt;&lt;Responsibility&gt;&lt;/Responsibility&gt;&lt;IAControls&gt;&lt;/IAControls&gt;</description><reference><dc:title>DPMS Target IBM zSecure Suite</dc:title><dc:publisher>DISA</dc:publisher><dc:type>DPMS Target</dc:type><dc:subject>IBM zSecure Suite</dc:subject><dc:identifier>5574</dc:identifier></reference><ident system="http://cyber.mil/cci">CCI-002605</ident><fixtext fixref="F-63383r943244_fix">Develop a procedure to install security-relevant software updates within the time period directed by an authoritative source (e.g., IAVMs, CTOs, DTMs, and STIGs).</fixtext><fix id="F-63383r943244_fix" /><check system="C-63476r943249_chk"><check-content-ref href="IBM_zSecure_Suite_STIG.xml" name="M" /><check-content>Ask the system administrator for the procedure to install security-relevant software updates within the time period directed by an authoritative source (e.g., IAVMs, CTOs, DTMs, and STIGs.

If there is no procedure, this a finding.</check-content></check></Rule></Group><Group id="V-259738"><title>SRG-APP-000516-MFP-000195</title><description>&lt;GroupDescription&gt;&lt;/GroupDescription&gt;</description><Rule id="SV-259738r961863_rule" weight="10.0" severity="medium"><version>ZSEC-00-000260</version><title>XFACILIT class, or alternate class if specified in module CKRSITE, must be active.</title><description>&lt;VulnDiscussion&gt;The zSecure resource class that is configured for the zSecure access checks must be active to receive valid Allow/Deny responses from external security manager (ESM) resource checks. Activation is outside of zSecure, in the ESM.&lt;/VulnDiscussion&gt;&lt;FalsePositives&gt;&lt;/FalsePositives&gt;&lt;FalseNegatives&gt;&lt;/FalseNegatives&gt;&lt;Documentable&gt;false&lt;/Documentable&gt;&lt;Mitigations&gt;&lt;/Mitigations&gt;&lt;SeverityOverrideGuidance&gt;&lt;/SeverityOverrideGuidance&gt;&lt;PotentialImpacts&gt;&lt;/PotentialImpacts&gt;&lt;ThirdPartyTools&gt;&lt;/ThirdPartyTools&gt;&lt;MitigationControl&gt;&lt;/MitigationControl&gt;&lt;Responsibility&gt;&lt;/Responsibility&gt;&lt;IAControls&gt;&lt;/IAControls&gt;</description><reference><dc:title>DPMS Target IBM zSecure Suite</dc:title><dc:publisher>DISA</dc:publisher><dc:type>DPMS Target</dc:type><dc:subject>IBM zSecure Suite</dc:subject><dc:identifier>5574</dc:identifier></reference><ident system="http://cyber.mil/cci">CCI-000366</ident><fixtext fixref="F-63384r943247_fix">Ensure the resource class that is configured in CKRSITE for zSecure security checks is active in the RACF class descriptor table. The default class is XFACILIT. IBM Security zSecure recommends the generic be activated.

Following is a sample command:

SETROPTS CLASSACT(XFACILIT) or SETROPTS CLASSACT(&lt;configured resource class for access checks&gt;)</fixtext><fix id="F-63384r943247_fix" /><check system="C-63477r943246_chk"><check-content-ref href="IBM_zSecure_Suite_STIG.xml" name="M" /><check-content>Run the CARLa command SHOW CKRSITE. The output of this command reveals which resource class is configured for handling the zSecure security checks. The default resource class is XFACILIT.

Verify in the class descriptor table that the configured zSecure resource class is active. 

If the configured zSecure resource class is not active, this is a finding.</check-content></check></Rule></Group></Benchmark>