<?xml version="1.0" encoding="utf-8"?><?xml-stylesheet type='text/xsl' href='STIG_unclass.xsl'?><Benchmark xmlns:dc="http://purl.org/dc/elements/1.1/" xmlns:xsi="http://www.w3.org/2001/XMLSchema-instance" xmlns:cpe="http://cpe.mitre.org/language/2.0" xmlns:xhtml="http://www.w3.org/1999/xhtml" xmlns:dsig="http://www.w3.org/2000/09/xmldsig#" xsi:schemaLocation="http://checklists.nist.gov/xccdf/1.1 http://nvd.nist.gov/schema/xccdf-1.1.4.xsd http://cpe.mitre.org/dictionary/2.0 http://cpe.mitre.org/files/cpe-dictionary_2.1.xsd" id="Windows_PAW_STIG" xml:lang="en" xmlns="http://checklists.nist.gov/xccdf/1.1"><status date="2024-08-27">accepted</status><title>Microsoft Windows PAW Security Technical Implementation Guide</title><description>This Security Technical Implementation Guide is published as a tool to improve the security of Department of Defense (DOD) information systems. The requirements are derived from the National Institute of Standards and Technology (NIST) 800-53 and related documents. Comments or proposed revisions to this document should be sent via email to the following address: disa.stig_spt@mail.mil.</description><notice id="terms-of-use" xml:lang="en"></notice><front-matter xml:lang="en"></front-matter><rear-matter xml:lang="en"></rear-matter><reference href="https://cyber.mil"><dc:publisher>DISA</dc:publisher><dc:source>STIG.DOD.MIL</dc:source></reference><plain-text id="release-info">Release: 1 Benchmark Date: 24 Jul 2024</plain-text><plain-text id="generator">3.5</plain-text><plain-text id="conventionsVersion">1.10.0</plain-text><version>3</version><Profile id="MAC-1_Classified"><title>I - Mission Critical Classified</title><description>&lt;ProfileDescription&gt;&lt;/ProfileDescription&gt;</description><select idref="V-243442" selected="true" /><select idref="V-243443" selected="true" /><select idref="V-243444" selected="true" /><select idref="V-243445" selected="true" /><select idref="V-243446" selected="true" /><select idref="V-243447" selected="true" /><select idref="V-243448" selected="true" /><select idref="V-243449" selected="true" /><select idref="V-243450" selected="true" /><select idref="V-243451" selected="true" /><select idref="V-243452" selected="true" /><select idref="V-243453" selected="true" /><select idref="V-243454" selected="true" /><select idref="V-243455" selected="true" /><select idref="V-243456" selected="true" /><select idref="V-243457" selected="true" /><select idref="V-243458" selected="true" /><select idref="V-243459" selected="true" /><select idref="V-243460" selected="true" /><select idref="V-243461" selected="true" /><select idref="V-243462" selected="true" /><select idref="V-243463" selected="true" /><select idref="V-243464" selected="true" /><select idref="V-243465" selected="true" /></Profile><Profile id="MAC-1_Public"><title>I - Mission Critical Public</title><description>&lt;ProfileDescription&gt;&lt;/ProfileDescription&gt;</description><select idref="V-243442" selected="true" /><select idref="V-243443" selected="true" /><select idref="V-243444" selected="true" /><select idref="V-243445" selected="true" /><select idref="V-243446" selected="true" /><select idref="V-243447" selected="true" /><select idref="V-243448" selected="true" /><select idref="V-243449" selected="true" /><select idref="V-243450" selected="true" /><select idref="V-243451" selected="true" /><select idref="V-243452" selected="true" /><select idref="V-243453" selected="true" /><select idref="V-243454" selected="true" /><select idref="V-243455" selected="true" /><select idref="V-243456" selected="true" /><select idref="V-243457" selected="true" /><select idref="V-243458" selected="true" /><select idref="V-243459" selected="true" /><select idref="V-243460" selected="true" /><select idref="V-243461" selected="true" /><select idref="V-243462" selected="true" /><select idref="V-243463" selected="true" /><select idref="V-243464" selected="true" /><select idref="V-243465" selected="true" /></Profile><Profile id="MAC-1_Sensitive"><title>I - Mission Critical Sensitive</title><description>&lt;ProfileDescription&gt;&lt;/ProfileDescription&gt;</description><select idref="V-243442" selected="true" /><select idref="V-243443" selected="true" /><select idref="V-243444" selected="true" /><select idref="V-243445" selected="true" /><select idref="V-243446" selected="true" /><select idref="V-243447" selected="true" /><select idref="V-243448" selected="true" /><select idref="V-243449" selected="true" /><select idref="V-243450" selected="true" /><select idref="V-243451" selected="true" /><select idref="V-243452" selected="true" /><select idref="V-243453" selected="true" /><select idref="V-243454" selected="true" /><select idref="V-243455" selected="true" /><select idref="V-243456" selected="true" /><select idref="V-243457" selected="true" /><select idref="V-243458" selected="true" /><select idref="V-243459" selected="true" /><select idref="V-243460" selected="true" /><select idref="V-243461" selected="true" /><select idref="V-243462" selected="true" /><select idref="V-243463" selected="true" /><select idref="V-243464" selected="true" /><select idref="V-243465" selected="true" /></Profile><Profile id="MAC-2_Classified"><title>II - Mission Support Classified</title><description>&lt;ProfileDescription&gt;&lt;/ProfileDescription&gt;</description><select idref="V-243442" selected="true" /><select idref="V-243443" selected="true" /><select idref="V-243444" selected="true" /><select idref="V-243445" selected="true" /><select idref="V-243446" selected="true" /><select idref="V-243447" selected="true" /><select idref="V-243448" selected="true" /><select idref="V-243449" selected="true" /><select idref="V-243450" selected="true" /><select idref="V-243451" selected="true" /><select idref="V-243452" selected="true" /><select idref="V-243453" selected="true" /><select idref="V-243454" selected="true" /><select idref="V-243455" selected="true" /><select idref="V-243456" selected="true" /><select idref="V-243457" selected="true" /><select idref="V-243458" selected="true" /><select idref="V-243459" selected="true" /><select idref="V-243460" selected="true" /><select idref="V-243461" selected="true" /><select idref="V-243462" selected="true" /><select idref="V-243463" selected="true" /><select idref="V-243464" selected="true" /><select idref="V-243465" selected="true" /></Profile><Profile id="MAC-2_Public"><title>II - Mission Support Public</title><description>&lt;ProfileDescription&gt;&lt;/ProfileDescription&gt;</description><select idref="V-243442" selected="true" /><select idref="V-243443" selected="true" /><select idref="V-243444" selected="true" /><select idref="V-243445" selected="true" /><select idref="V-243446" selected="true" /><select idref="V-243447" selected="true" /><select idref="V-243448" selected="true" /><select idref="V-243449" selected="true" /><select idref="V-243450" selected="true" /><select idref="V-243451" selected="true" /><select idref="V-243452" selected="true" /><select idref="V-243453" selected="true" /><select idref="V-243454" selected="true" /><select idref="V-243455" selected="true" /><select idref="V-243456" selected="true" /><select idref="V-243457" selected="true" /><select idref="V-243458" selected="true" /><select idref="V-243459" selected="true" /><select idref="V-243460" selected="true" /><select idref="V-243461" selected="true" /><select idref="V-243462" selected="true" /><select idref="V-243463" selected="true" /><select idref="V-243464" selected="true" /><select idref="V-243465" selected="true" /></Profile><Profile id="MAC-2_Sensitive"><title>II - Mission Support Sensitive</title><description>&lt;ProfileDescription&gt;&lt;/ProfileDescription&gt;</description><select idref="V-243442" selected="true" /><select idref="V-243443" selected="true" /><select idref="V-243444" selected="true" /><select idref="V-243445" selected="true" /><select idref="V-243446" selected="true" /><select idref="V-243447" selected="true" /><select idref="V-243448" selected="true" /><select idref="V-243449" selected="true" /><select idref="V-243450" selected="true" /><select idref="V-243451" selected="true" /><select idref="V-243452" selected="true" /><select idref="V-243453" selected="true" /><select idref="V-243454" selected="true" /><select idref="V-243455" selected="true" /><select idref="V-243456" selected="true" /><select idref="V-243457" selected="true" /><select idref="V-243458" selected="true" /><select idref="V-243459" selected="true" /><select idref="V-243460" selected="true" /><select idref="V-243461" selected="true" /><select idref="V-243462" selected="true" /><select idref="V-243463" selected="true" /><select idref="V-243464" selected="true" /><select idref="V-243465" selected="true" /></Profile><Profile id="MAC-3_Classified"><title>III - Administrative Classified</title><description>&lt;ProfileDescription&gt;&lt;/ProfileDescription&gt;</description><select idref="V-243442" selected="true" /><select idref="V-243443" selected="true" /><select idref="V-243444" selected="true" /><select idref="V-243445" selected="true" /><select idref="V-243446" selected="true" /><select idref="V-243447" selected="true" /><select idref="V-243448" selected="true" /><select idref="V-243449" selected="true" /><select idref="V-243450" selected="true" /><select idref="V-243451" selected="true" /><select idref="V-243452" selected="true" /><select idref="V-243453" selected="true" /><select idref="V-243454" selected="true" /><select idref="V-243455" selected="true" /><select idref="V-243456" selected="true" /><select idref="V-243457" selected="true" /><select idref="V-243458" selected="true" /><select idref="V-243459" selected="true" /><select idref="V-243460" selected="true" /><select idref="V-243461" selected="true" /><select idref="V-243462" selected="true" /><select idref="V-243463" selected="true" /><select idref="V-243464" selected="true" /><select idref="V-243465" selected="true" /></Profile><Profile id="MAC-3_Public"><title>III - Administrative Public</title><description>&lt;ProfileDescription&gt;&lt;/ProfileDescription&gt;</description><select idref="V-243442" selected="true" /><select idref="V-243443" selected="true" /><select idref="V-243444" selected="true" /><select idref="V-243445" selected="true" /><select idref="V-243446" selected="true" /><select idref="V-243447" selected="true" /><select idref="V-243448" selected="true" /><select idref="V-243449" selected="true" /><select idref="V-243450" selected="true" /><select idref="V-243451" selected="true" /><select idref="V-243452" selected="true" /><select idref="V-243453" selected="true" /><select idref="V-243454" selected="true" /><select idref="V-243455" selected="true" /><select idref="V-243456" selected="true" /><select idref="V-243457" selected="true" /><select idref="V-243458" selected="true" /><select idref="V-243459" selected="true" /><select idref="V-243460" selected="true" /><select idref="V-243461" selected="true" /><select idref="V-243462" selected="true" /><select idref="V-243463" selected="true" /><select idref="V-243464" selected="true" /><select idref="V-243465" selected="true" /></Profile><Profile id="MAC-3_Sensitive"><title>III - Administrative Sensitive</title><description>&lt;ProfileDescription&gt;&lt;/ProfileDescription&gt;</description><select idref="V-243442" selected="true" /><select idref="V-243443" selected="true" /><select idref="V-243444" selected="true" /><select idref="V-243445" selected="true" /><select idref="V-243446" selected="true" /><select idref="V-243447" selected="true" /><select idref="V-243448" selected="true" /><select idref="V-243449" selected="true" /><select idref="V-243450" selected="true" /><select idref="V-243451" selected="true" /><select idref="V-243452" selected="true" /><select idref="V-243453" selected="true" /><select idref="V-243454" selected="true" /><select idref="V-243455" selected="true" /><select idref="V-243456" selected="true" /><select idref="V-243457" selected="true" /><select idref="V-243458" selected="true" /><select idref="V-243459" selected="true" /><select idref="V-243460" selected="true" /><select idref="V-243461" selected="true" /><select idref="V-243462" selected="true" /><select idref="V-243463" selected="true" /><select idref="V-243464" selected="true" /><select idref="V-243465" selected="true" /></Profile><Group id="V-243442"><title>SRG-OS-000480-GPOS-00227</title><description>&lt;GroupDescription&gt;&lt;/GroupDescription&gt;</description><Rule id="SV-243442r991589_rule" weight="10.0" severity="low"><version>WPAW-00-000100</version><title>Administrators of high-value IT resources must complete required training.</title><description>&lt;VulnDiscussion&gt;Required training helps to mitigate the risk of administrators not following required procedures. High-value IT resources are the most important and critical IT resources within an organization. They contain the most sensitive data in an organization, perform the most critical tasks of an organization, or have access to and can control all or nearly all IT resources within an organization. Requiring a PAW used exclusively for remote administrative management of designated high-value IT resources, including servers, workstations, directory services, applications, databases, and network components, will provide a separate "channel" for the performance of administrative tasks on high-value IT resources and isolate these functions from the majority of threats and attack vectors found on higher-risk standard client systems. A main security architectural construct of a PAW is to remove non-administrative applications and functions from the PAW. Technical controls for securing high-value IT resources will be ineffective if administrators are not aware of key security requirements.&lt;/VulnDiscussion&gt;&lt;FalsePositives&gt;&lt;/FalsePositives&gt;&lt;FalseNegatives&gt;&lt;/FalseNegatives&gt;&lt;Documentable&gt;false&lt;/Documentable&gt;&lt;Mitigations&gt;&lt;/Mitigations&gt;&lt;SeverityOverrideGuidance&gt;&lt;/SeverityOverrideGuidance&gt;&lt;PotentialImpacts&gt;&lt;/PotentialImpacts&gt;&lt;ThirdPartyTools&gt;&lt;/ThirdPartyTools&gt;&lt;MitigationControl&gt;&lt;/MitigationControl&gt;&lt;Responsibility&gt;&lt;/Responsibility&gt;&lt;IAControls&gt;&lt;/IAControls&gt;</description><reference><dc:title>DPMS Target Microsoft Windows PAW</dc:title><dc:publisher>DISA</dc:publisher><dc:type>DPMS Target</dc:type><dc:subject>Microsoft Windows PAW</dc:subject><dc:identifier>5405</dc:identifier></reference><ident system="http://cyber.mil/legacy">V-78141</ident><ident system="http://cyber.mil/legacy">SV-92847</ident><ident system="http://cyber.mil/cci">CCI-000101</ident><ident system="http://cyber.mil/cci">CCI-000366</ident><fixtext fixref="F-46674r722896_fix">Add the following topics to initial and annual update training modules for system administrators of high-value IT resources:

- Remotely manage high-value IT resources only via a PAW.
- Administrative accounts will not be used for non-administrative functions (for example, read email, browse Internet).</fixtext><fix id="F-46674r722896_fix" /><check system="C-46717r722895_chk"><check-content-ref href="Microsoft_Windows_PAW_STIG.xml" name="M" /><check-content>Review site training records and verify the organization's system administrators of high-value IT resources have received the following initial and annual training:

- Remotely manage high-value IT resources only via a PAW.
- Administrative accounts will not be used for non-administrative functions (for example, read email, browse Internet).

If required training has not been completed by the organization's system administrators of high-value IT resources, this is a finding.</check-content></check></Rule></Group><Group id="V-243443"><title>SRG-OS-000480-GPOS-00227</title><description>&lt;GroupDescription&gt;&lt;/GroupDescription&gt;</description><Rule id="SV-243443r991589_rule" weight="10.0" severity="medium"><version>WPAW-00-000200</version><title>Site IT resources designated as high value by the Authorizing Official (AO) must be remotely managed only via a Windows privileged access workstation (PAW).</title><description>&lt;VulnDiscussion&gt;The AO must designate which IT resources are high value. The list must include the following IT resources:

- Directory service (including Active Directory)
- Cloud service
- Identity management service
- Privileged access management service
- Credential management service
- Security management service (anti-virus, network monitoring/scanning, IDS/IPS, etc.)
- Any sensitive business/mission service
- Any other IT resource designated as high value by the AO

Note: A high-value IT resource is defined as any IT resource whose purpose is considered critical to the organization or whose loss or compromise would cause a significant impact on the organization.

Note: Sensitive business/mission service is any business or mission service that needs additional protection from higher-risk IT services based on the nature of the function it provides; sensitivity of the data it consumes, processes, or stores; or criticality to the operation of the organization.

High-value IT resources are the most important and critical IT resources within an organization. They contain the most sensitive data in an organization, perform the most critical tasks of an organization, or have access to and can control all or nearly all IT resources within an organization. Administrator accounts for high-value IT resources must be protected against various threats and attacks because threats to sensitive privileged accounts are high and risk of compromise is increasing. Requiring a PAW used exclusively for remote administrative management of designated high-value IT resources, including servers, workstations, directory services, applications, databases, and network components, will provide a separate "channel" for the performance of administrative tasks on high-value IT resources and isolate these functions from the majority of threats and attack vectors found on higher-risk standard client systems.

Some IT resources, by the nature of the function they perform, should always be considered high value and should be remotely administered only via a PAW. The IT resources listed above are in this category.

Note: The term "manage" in the Requirement statement includes any remote connection to a high-value IT resource (for example, to view resource status and current configuration or to make changes to any resource configuration).&lt;/VulnDiscussion&gt;&lt;FalsePositives&gt;&lt;/FalsePositives&gt;&lt;FalseNegatives&gt;&lt;/FalseNegatives&gt;&lt;Documentable&gt;false&lt;/Documentable&gt;&lt;Mitigations&gt;&lt;/Mitigations&gt;&lt;SeverityOverrideGuidance&gt;&lt;/SeverityOverrideGuidance&gt;&lt;PotentialImpacts&gt;&lt;/PotentialImpacts&gt;&lt;ThirdPartyTools&gt;&lt;/ThirdPartyTools&gt;&lt;MitigationControl&gt;&lt;/MitigationControl&gt;&lt;Responsibility&gt;&lt;/Responsibility&gt;&lt;IAControls&gt;&lt;/IAControls&gt;</description><reference><dc:title>DPMS Target Microsoft Windows PAW</dc:title><dc:publisher>DISA</dc:publisher><dc:type>DPMS Target</dc:type><dc:subject>Microsoft Windows PAW</dc:subject><dc:identifier>5405</dc:identifier></reference><ident system="http://cyber.mil/legacy">V-78143</ident><ident system="http://cyber.mil/legacy">SV-92849</ident><ident system="http://cyber.mil/cci">CCI-000366</ident><fixtext fixref="F-46675r722899_fix">The Information System Security Manager (ISSM) or other site personnel will assist the Authorizing Official (AO) in designating and documenting which IT resources in the organization are high value. The organization's list of high-value IT resources will include the following:

- Active Directory
- Cloud service
- Identity management service
- Privileged access management service
- Credential management service
- Security management service (anti-virus, network monitoring/scanning, IDS/IPS, etc.)
- Any sensitive business service
- Any other IT resource designated as high value by the AO

Set up procedures to ensure a Windows PAW is used to remotely manage each of these types of IT resources.</fixtext><fix id="F-46675r722899_fix" /><check system="C-46718r722898_chk"><check-content-ref href="Microsoft_Windows_PAW_STIG.xml" name="M" /><check-content>Review site documentation to confirm required high-value IT resources are remotely managed only via a PAW.

Verify the site maintains a list of designated high-value IT resources and the list contains the following IT resources (if deployed at the site):

- Active Directory
- Cloud service
- Identity management service
- Privileged access management service
- Credential management service
- Security management service (anti-virus, network monitoring/scanning, IDS/IPS, etc.)
- Any sensitive business/mission service
- Any other IT resource designated as high value by the Authorizing Official (AO)

Identify the PAWs set up to manage these high-value IT resources.

If the organization does not maintain a list of designated high-value IT resources or has not set up PAWs to remotely manage its high-value IT resources, this is a finding.</check-content></check></Rule></Group><Group id="V-243444"><title>SRG-OS-000480-GPOS-00227</title><description>&lt;GroupDescription&gt;&lt;/GroupDescription&gt;</description><Rule id="SV-243444r991589_rule" weight="10.0" severity="medium"><version>WPAW-00-000400</version><title>Administrative accounts of all high-value IT resources must be assigned to a specific administrative tier in Active Directory to separate highly privileged administrative accounts from less privileged administrative accounts.</title><description>&lt;VulnDiscussion&gt;Note: The Microsoft Tier 0-2 AD administrative tier model (https://docs.microsoft.com/en-us/windows-server/identity/securing-privileged-access/securing-privileged-access-reference-material#ADATM_BM) is an example.

A key security construct of a PAW is to separate administrative accounts into specific trust levels so that an administrator account used to manage an IT resource at one trust level cannot be used to manage IT resources at another trust level. This architecture protects IT resources in a tier from threats from higher-risk tiers. Isolating administrative accounts by forcing them to operate only within their assigned trust zone implements the concept of containment of security risks and adversaries within a specific zone. The Tier model prevents escalation of privilege by restricting what administrators can control and where they can log on.&lt;/VulnDiscussion&gt;&lt;FalsePositives&gt;&lt;/FalsePositives&gt;&lt;FalseNegatives&gt;&lt;/FalseNegatives&gt;&lt;Documentable&gt;false&lt;/Documentable&gt;&lt;Mitigations&gt;&lt;/Mitigations&gt;&lt;SeverityOverrideGuidance&gt;&lt;/SeverityOverrideGuidance&gt;&lt;PotentialImpacts&gt;&lt;/PotentialImpacts&gt;&lt;ThirdPartyTools&gt;&lt;/ThirdPartyTools&gt;&lt;MitigationControl&gt;&lt;/MitigationControl&gt;&lt;Responsibility&gt;&lt;/Responsibility&gt;&lt;IAControls&gt;&lt;/IAControls&gt;</description><reference><dc:title>DPMS Target Microsoft Windows PAW</dc:title><dc:publisher>DISA</dc:publisher><dc:type>DPMS Target</dc:type><dc:subject>Microsoft Windows PAW</dc:subject><dc:identifier>5405</dc:identifier></reference><ident system="http://cyber.mil/legacy">V-78145</ident><ident system="http://cyber.mil/legacy">SV-92851</ident><ident system="http://cyber.mil/cci">CCI-000366</ident><ident system="http://cyber.mil/cci">CCI-002227</ident><fixtext fixref="F-46676r722902_fix">Set up an administrative tier model for the domain (for example, the Microsoft recommended Tier 0-2 AD administrative tier model).

Note: Details of the Tier model are found at https://docs.microsoft.com/en-us/windows-server/identity/securing-privileged-access/securing-privileged-access-reference-material#ADATM_BM.

Set up an Admin Organizational Unit (OU) Framework to host site PAWs. (Recommend the Microsoft PAW scripts be used to set up the PAW OU and group framework. They can be downloaded at http://aka.ms/PAWmedia.)

For example:

- Admin\Tier 0\Accounts
- Admin\Tier 1\Accounts
- Admin\Tier 2\Accounts
- Admin\Tier 0\Groups
- Admin\Tier 1\Groups
- Admin\Tier 2\Groups
- Admin\Tier 0\Devices
- Admin\Tier 1\Devices
- Admin\Tier 2\Devices

Note: If using the Microsoft scripts, after running the scripts, PAW Users Tier 0, PAW Users Tier 1, and PAW Users Tier 2 groups may need to be created under Admin/Tier 0/Groups, Admin/Tier 1/Groups, and Admin/Tier 2/Groups, respectively. 

Set up administrative accounts for each assigned administrator for high-value IT resources.

Based on the list of high-value IT resources with assigned administrative tier level, move Tier 0-2 administrative accounts to the appropriate Organizational Units and add the appropriate members to the relevant groups. Make sure each account and group has been assigned to one and only one tier.

(Reference-defined groups in the Active Directory Domain STIG)</fixtext><fix id="F-46676r722902_fix" /><check system="C-46719r722901_chk"><check-content-ref href="Microsoft_Windows_PAW_STIG.xml" name="M" /><check-content>In Active Directory, verify an Organizational Unit (OU) and Group hierarchy have been set up to segregate administrative accounts used to manage both high-value IT resources and PAWs into assigned tiers.

Verify each administrative account and each PAW has been assigned to one and only one tier.

If the site has not set up a tier structure on Active Directory for administrative accounts used to manage either high-value IT resources or PAWs, this is a finding.

If any administrative account used to manage either high-value IT resources or PAWs is assigned to more than one tier, this is a finding.

If each administrative account and each PAW has not been assigned to one and only one tier, this is a finding.</check-content></check></Rule></Group><Group id="V-243445"><title>SRG-OS-000480-GPOS-00227</title><description>&lt;GroupDescription&gt;&lt;/GroupDescription&gt;</description><Rule id="SV-243445r991589_rule" weight="10.0" severity="medium"><version>WPAW-00-000500</version><title>A Windows PAW must only be used to manage high-value IT resources assigned to the same tier.</title><description>&lt;VulnDiscussion&gt;Note: Allowed exception - For sites that are constrained in the number of available workstations, an acceptable approach is to install lower-tier administrative accounts on a separate virtual machine (VM) on the PAW workstation where higher-tier administrative accounts are installed on the host OS and lower-tier administrative accounts are installed in a VM. The VM will provide acceptable isolation between administrative accounts of different tiers.

Note: Relationship between the exception in WPAW-00-000500 and WPAW-00-001000 and requirement WPAW-00-001800: WPAW-00-000500 and WPAW-00-001000 allow an exception to the requirement for sites constrained in the number of available workstations. Lower-tier, high-value admin accounts can operate in a VM if the higher-tier, high-value admin accounts operate in the VM host-OS, but WPAW-00-001800 is more appropriate for a multiple PAW VM environment.

If administrative accounts assigned to different tiers were installed on the same PAW, it would be impossible to isolate administrative accounts to specific trust zones and protect IT resources from one trust zone (tier) from threats from high-risk trust zones.&lt;/VulnDiscussion&gt;&lt;FalsePositives&gt;&lt;/FalsePositives&gt;&lt;FalseNegatives&gt;&lt;/FalseNegatives&gt;&lt;Documentable&gt;false&lt;/Documentable&gt;&lt;Mitigations&gt;&lt;/Mitigations&gt;&lt;SeverityOverrideGuidance&gt;&lt;/SeverityOverrideGuidance&gt;&lt;PotentialImpacts&gt;&lt;/PotentialImpacts&gt;&lt;ThirdPartyTools&gt;&lt;/ThirdPartyTools&gt;&lt;MitigationControl&gt;&lt;/MitigationControl&gt;&lt;Responsibility&gt;&lt;/Responsibility&gt;&lt;IAControls&gt;&lt;/IAControls&gt;</description><reference><dc:title>DPMS Target Microsoft Windows PAW</dc:title><dc:publisher>DISA</dc:publisher><dc:type>DPMS Target</dc:type><dc:subject>Microsoft Windows PAW</dc:subject><dc:identifier>5405</dc:identifier></reference><ident system="http://cyber.mil/legacy">V-78147</ident><ident system="http://cyber.mil/legacy">SV-92853</ident><ident system="http://cyber.mil/cci">CCI-000366</ident><fixtext fixref="F-46677r722905_fix">Set aside one or more PAWs for remote management of high-value IT resources assigned to a specific tier. For example, using the Microsoft Tier 0-2 model, each PAW would be assigned to manage either Tier 0, Tier 1, or Tier 2 high-value IT resources.</fixtext><fix id="F-46677r722905_fix" /><check system="C-46720r722904_chk"><check-content-ref href="Microsoft_Windows_PAW_STIG.xml" name="M" /><check-content>Verify that a site has set aside one or more PAWs for remote management of high-value IT resources assigned to a specific tier.

Review any available site documentation.

Verify that any PAW used to manage high-value IT resources of a specific tier are used exclusively for managing high-value IT resources assigned to one and only one tier.

If the site has not set aside one or more PAWs for remote management of high-value IT resources assigned to a specific tier, this is a finding.

If PAWs used for managing high-value IT resources are used for additional functions, this is a finding.</check-content></check></Rule></Group><Group id="V-243446"><title>SRG-OS-000480-GPOS-00227</title><description>&lt;GroupDescription&gt;&lt;/GroupDescription&gt;</description><Rule id="SV-243446r991589_rule" weight="10.0" severity="medium"><version>WPAW-00-000600</version><title>All high-value IT resources must be assigned to a specific administrative tier to separate highly sensitive resources from less sensitive resources.</title><description>&lt;VulnDiscussion&gt;Note: The Microsoft Tier 0-2 AD administrative tier model (https://docs.microsoft.com/en-us/windows-server/identity/securing-privileged-access/securing-privileged-access-reference-material#ADATM_BM) is an example.

A key security construct of a PAW is to separate high-value IT resources into specific trust levels so that if a device at one trust level is compromised the risk of compromise of more critical IT resources at a different tier is reduced. This architecture protects IT resources in a tier from threats from higher-risk tiers. Isolating administrative accounts by forcing them to operate only within their assigned trust zone implements the concept of containment of security risks and adversaries within a specific zone.&lt;/VulnDiscussion&gt;&lt;FalsePositives&gt;&lt;/FalsePositives&gt;&lt;FalseNegatives&gt;&lt;/FalseNegatives&gt;&lt;Documentable&gt;false&lt;/Documentable&gt;&lt;Mitigations&gt;&lt;/Mitigations&gt;&lt;SeverityOverrideGuidance&gt;&lt;/SeverityOverrideGuidance&gt;&lt;PotentialImpacts&gt;&lt;/PotentialImpacts&gt;&lt;ThirdPartyTools&gt;&lt;/ThirdPartyTools&gt;&lt;MitigationControl&gt;&lt;/MitigationControl&gt;&lt;Responsibility&gt;&lt;/Responsibility&gt;&lt;IAControls&gt;&lt;/IAControls&gt;</description><reference><dc:title>DPMS Target Microsoft Windows PAW</dc:title><dc:publisher>DISA</dc:publisher><dc:type>DPMS Target</dc:type><dc:subject>Microsoft Windows PAW</dc:subject><dc:identifier>5405</dc:identifier></reference><ident system="http://cyber.mil/legacy">V-78149</ident><ident system="http://cyber.mil/legacy">SV-92855</ident><ident system="http://cyber.mil/cci">CCI-000366</ident><fixtext fixref="F-46678r722908_fix">Set up an administrative tier model for the domain (for example, the Microsoft-recommended Tier 0-2 AD administrative tier model). (Details of the Tier model are found at https://docs.microsoft.com/en-us/windows-server/identity/securing-privileged-access/securing-privileged-access-reference-material#ADATM_BM.)

Using the list of site designated high-value IT resources (see check WPAW-00-000200), indicate on the list the administrative Tier level the resource is assigned to. (Note: The updated list will be used in check WPAW-00-000400.)

In Active Directory, assign all high-value IT resources to the appropriate Organizational Units (for example):

- Admin\Tier 0\Devices
- Admin\Tier 1\Devices
- Admin\Tier 2\Devices</fixtext><fix id="F-46678r722908_fix" /><check system="C-46721r722907_chk"><check-content-ref href="Microsoft_Windows_PAW_STIG.xml" name="M" /><check-content>Verify the site has assigned each high-value IT resource to an administrative tier level by reviewing the site's list of high-value IT resources.

In Active Directory verify each high-value IT resource has been assigned to the Organizational Unit (OU) corresponding to the administrative tier the resource is assigned to.

If the site has not assigned an administrative tier level to each high-value IT resource or any high-value IT resource is not assigned to the appropriate OU in Active Directory, this is a finding.</check-content></check></Rule></Group><Group id="V-243447"><title>SRG-OS-000480-GPOS-00227</title><description>&lt;GroupDescription&gt;&lt;/GroupDescription&gt;</description><Rule id="SV-243447r991589_rule" weight="10.0" severity="medium"><version>WPAW-00-000700</version><title>The Windows PAW must be configured with a vendor-supported version of Windows 11 and applicable security patches that are DOD approved.</title><description>&lt;VulnDiscussion&gt;Older versions of operating systems usually contain vulnerabilities that have been fixed in later released versions. In addition, most operating system patches contain fixes for recently discovered security vulnerabilities. Due to the highly privileged activities of a PAW, it must be maintained at the highest security posture possible and therefore must have one of the current vendor-supported operating system versions installed.&lt;/VulnDiscussion&gt;&lt;FalsePositives&gt;&lt;/FalsePositives&gt;&lt;FalseNegatives&gt;&lt;/FalseNegatives&gt;&lt;Documentable&gt;false&lt;/Documentable&gt;&lt;Mitigations&gt;&lt;/Mitigations&gt;&lt;SeverityOverrideGuidance&gt;&lt;/SeverityOverrideGuidance&gt;&lt;PotentialImpacts&gt;&lt;/PotentialImpacts&gt;&lt;ThirdPartyTools&gt;&lt;/ThirdPartyTools&gt;&lt;MitigationControl&gt;&lt;/MitigationControl&gt;&lt;Responsibility&gt;&lt;/Responsibility&gt;&lt;IAControls&gt;&lt;/IAControls&gt;</description><reference><dc:title>DPMS Target Microsoft Windows PAW</dc:title><dc:publisher>DISA</dc:publisher><dc:type>DPMS Target</dc:type><dc:subject>Microsoft Windows PAW</dc:subject><dc:identifier>5405</dc:identifier></reference><ident system="http://cyber.mil/legacy">V-78151</ident><ident system="http://cyber.mil/legacy">SV-92857</ident><ident system="http://cyber.mil/cci">CCI-000366</ident><fixtext fixref="F-46679r921972_fix">Install one of the current vendor-supported versions of Windows 11 on site PAWs, including the most recently released patches.

Note: There is no central list in the DOD of "approved" operating system versions. The Microsoft website will list supported versions of Windows 11 and patches. If a STIG is available for one or more of the vendor-supported versions of Windows 11, the version can be considered to be DOD approved. Local AOs usually have implemented a procedure for testing Windows updates before they are deployed. Check with the local AO's staff to determine the latest approved version of Windows 11.</fixtext><fix id="F-46679r921972_fix" /><check system="C-46722r921971_chk"><check-content-ref href="Microsoft_Windows_PAW_STIG.xml" name="M" /><check-content>Determine the current approved versions of Windows 11.

Talk to the authorizing official (AO) staff, information system security manager (ISSM), or PAW system administrator to determine the approved versions of Windows 11.

Review the configuration of the PAW and determine which version of Windows is installed on the PAW.

Verify the installed Windows 11 version is an approved version.

If the installed Windows 11 version on the PAW is not the same as an approved version, this is a finding.</check-content></check></Rule></Group><Group id="V-243448"><title>SRG-OS-000480-GPOS-00227</title><description>&lt;GroupDescription&gt;&lt;/GroupDescription&gt;</description><Rule id="SV-243448r991589_rule" weight="10.0" severity="medium"><version>WPAW-00-000800</version><title>A Windows update service must be available to provide software updates for the PAW platform.</title><description>&lt;VulnDiscussion&gt;Older versions of operating systems usually contain vulnerabilities that have been fixed in later versions. In addition, most operating system patches contain fixes for recently discovered security vulnerabilities. Due to the highly privileged activities of a PAW, it must be maintained at the highest security posture possible and therefore must have the latest operating system updates installed.

Because a PAW is isolated from online operating system update services, a software update service must be available on the intranet to manage operating system and other software updates for site PAWs. A separate software update service is not required at each tier.&lt;/VulnDiscussion&gt;&lt;FalsePositives&gt;&lt;/FalsePositives&gt;&lt;FalseNegatives&gt;&lt;/FalseNegatives&gt;&lt;Documentable&gt;false&lt;/Documentable&gt;&lt;Mitigations&gt;&lt;/Mitigations&gt;&lt;SeverityOverrideGuidance&gt;&lt;/SeverityOverrideGuidance&gt;&lt;PotentialImpacts&gt;&lt;/PotentialImpacts&gt;&lt;ThirdPartyTools&gt;&lt;/ThirdPartyTools&gt;&lt;MitigationControl&gt;&lt;/MitigationControl&gt;&lt;Responsibility&gt;&lt;/Responsibility&gt;&lt;IAControls&gt;&lt;/IAControls&gt;</description><reference><dc:title>DPMS Target Microsoft Windows PAW</dc:title><dc:publisher>DISA</dc:publisher><dc:type>DPMS Target</dc:type><dc:subject>Microsoft Windows PAW</dc:subject><dc:identifier>5405</dc:identifier></reference><ident system="http://cyber.mil/legacy">V-78153</ident><ident system="http://cyber.mil/legacy">SV-92859</ident><ident system="http://cyber.mil/cci">CCI-000366</ident><fixtext fixref="F-46680r722914_fix">Install a Windows update service (for example, Microsoft WSUS or System Center Configuration Manager [SCCM]) to provide software updates to all Windows-based PAWs in the organization.

Configure the Windows update service to download available operating system updates and install them when approved.

Based on site policy, configure the Windows update service to either automatically approve new updates for installation or to not install updates until installation is initiated by an authorized PAW maintenance administrator.

If WSUS is being used, configure Windows Update for WSUS on each PAW (use appropriate configuration procedures if an alternate Windows update service is used).

Go to Computer Configuration\Administrative Templates\Windows Components\Windows Updates and follow the steps below:

1. Enable the Configure Automatic Updates policy.
2. Select option 4 - Auto download and schedule the install.
3. Change the option "Scheduled install day" to "0 - Every Day" and the option "Scheduled install time" to your organizational preference.
4. Enable option "Specify intranet Microsoft update service location" policy, and specify in both options the URL of the WSUS server.</fixtext><fix id="F-46680r722914_fix" /><check system="C-46723r722913_chk"><check-content-ref href="Microsoft_Windows_PAW_STIG.xml" name="M" /><check-content>Verify an automated software update service is being used at the site to update the operating system of site PAWs.

If an automated software update service is not set up and configured to provide updates to site PAWs, this is a finding.</check-content></check></Rule></Group><Group id="V-243449"><title>SRG-OS-000480-GPOS-00227</title><description>&lt;GroupDescription&gt;&lt;/GroupDescription&gt;</description><Rule id="SV-243449r991589_rule" weight="10.0" severity="medium"><version>WPAW-00-001000</version><title>The Windows PAW must be configured so that all non-administrative-related applications and functions are blocked or removed from the PAW platform, including but not limited to email, Internet browsing, and line-of-business applications.</title><description>&lt;VulnDiscussion&gt;Note: The intent of this requirement is that a PAW must not be used for any function not related to the management of high-value IT resources.

Note: Authorized exception - It is noted that administrators will need access to non-administrative functions, such as email and the Internet, but a PAW must not be used for these activities. For sites that are constrained in the number of available workstations, an acceptable approach is to install the non-administrative services on a separate virtual machine (VM) on the workstation where the PAW service is installed. The VM will provide acceptable isolation between high-value administrative management accounts and non-administrative services.

Note: Relationship between the exception in WPAW-00-000500 and WPAW-00-001000 and requirement WPAW-00-001800: WPAW-00-000500 and WPAW-00-001000 allow an exception to the requirement for sites constrained in the number of available workstations. Lower-tier, high-value admin accounts can operate in a VM if the higher-tier, high-value admin accounts operate in the VM host-OS, but WPAW-00-001800 is more appropriate for a multiple PAW VM environment.

A main security architectural construct of a PAW is to remove non-administrative applications and functions from the PAW workstation. Many standard user applications and functions, including email processing, Internet browsing, and using business applications, can increase the security risk to the workstation. These apps and functions are susceptible to many security vulnerabilities, including phishing attacks and embedded malware. This increased risk is not acceptable for the highly privileged activities of a PAW.&lt;/VulnDiscussion&gt;&lt;FalsePositives&gt;&lt;/FalsePositives&gt;&lt;FalseNegatives&gt;&lt;/FalseNegatives&gt;&lt;Documentable&gt;false&lt;/Documentable&gt;&lt;Mitigations&gt;&lt;/Mitigations&gt;&lt;SeverityOverrideGuidance&gt;&lt;/SeverityOverrideGuidance&gt;&lt;PotentialImpacts&gt;&lt;/PotentialImpacts&gt;&lt;ThirdPartyTools&gt;&lt;/ThirdPartyTools&gt;&lt;MitigationControl&gt;&lt;/MitigationControl&gt;&lt;Responsibility&gt;&lt;/Responsibility&gt;&lt;IAControls&gt;&lt;/IAControls&gt;</description><reference><dc:title>DPMS Target Microsoft Windows PAW</dc:title><dc:publisher>DISA</dc:publisher><dc:type>DPMS Target</dc:type><dc:subject>Microsoft Windows PAW</dc:subject><dc:identifier>5405</dc:identifier></reference><ident system="http://cyber.mil/legacy">V-78155</ident><ident system="http://cyber.mil/legacy">SV-92861</ident><ident system="http://cyber.mil/cci">CCI-000366</ident><fixtext fixref="F-46681r722917_fix">Remove email applications and all line-of business applications from the PAW.

Note: Internet browsing is blocked using the PAW host-based firewall or by configuring a proxy address with a loopback address on the PAW. (See STIG check WPAW-00-002200.)</fixtext><fix id="F-46681r722917_fix" /><check system="C-46724r722916_chk"><check-content-ref href="Microsoft_Windows_PAW_STIG.xml" name="M" /><check-content>Note: Internet browsing is blocked using the PAW host-based firewall or by configuring a proxy address with a loopback address on the PAW. (See STIG check WPAW-00-002200.) Blocking Internet browsing does not need to be verified in this procedure.

Review the services and applications installed on the PAW.

Verify there are no email applications/clients and line-of-business applications installed on the PAW.

If email applications/clients or line-of-business applications are installed on the PAW, this is a finding.</check-content></check></Rule></Group><Group id="V-243450"><title>SRG-OS-000480-GPOS-00227</title><description>&lt;GroupDescription&gt;&lt;/GroupDescription&gt;</description><Rule id="SV-243450r991589_rule" weight="10.0" severity="medium"><version>WPAW-00-001050</version><title>Device Guard Code Integrity Policy must be used on the Windows PAW to restrict applications that can run on the system (Device Guard Code Integrity Policy).</title><description>&lt;VulnDiscussion&gt;A main security architectural construct of a PAW is to restrict non-administrative applications and functions from the PAW workstation. Many standard user applications and functions, including email processing, Internet browsing, and using business applications, can increase the security risk to the workstation. These apps and functions are susceptible to many security vulnerabilities, including phishing attacks and embedded malware. This increased risk is not acceptable for the highly privileged activities of a PAW.&lt;/VulnDiscussion&gt;&lt;FalsePositives&gt;&lt;/FalsePositives&gt;&lt;FalseNegatives&gt;&lt;/FalseNegatives&gt;&lt;Documentable&gt;false&lt;/Documentable&gt;&lt;Mitigations&gt;&lt;/Mitigations&gt;&lt;SeverityOverrideGuidance&gt;&lt;/SeverityOverrideGuidance&gt;&lt;PotentialImpacts&gt;&lt;/PotentialImpacts&gt;&lt;ThirdPartyTools&gt;&lt;/ThirdPartyTools&gt;&lt;MitigationControl&gt;&lt;/MitigationControl&gt;&lt;Responsibility&gt;&lt;/Responsibility&gt;&lt;IAControls&gt;&lt;/IAControls&gt;</description><reference><dc:title>DPMS Target Microsoft Windows PAW</dc:title><dc:publisher>DISA</dc:publisher><dc:type>DPMS Target</dc:type><dc:subject>Microsoft Windows PAW</dc:subject><dc:identifier>5405</dc:identifier></reference><ident system="http://cyber.mil/legacy">V-78157</ident><ident system="http://cyber.mil/legacy">SV-92863</ident><ident system="http://cyber.mil/cci">CCI-000366</ident><fixtext fixref="F-46682r722920_fix">Implement a whitelist of authorized PAW applications using Device Guard. See the Device Guard Deployment Guide (https://docs.microsoft.com/en-us/windows/device-security/device-guard/device-guard-deployment-guide) for deployment information and hardware requirements and the IAD Device Guard document "Implementing a Secure Administrative Workstation using Device Guard" at https://github.com/iadgov/Secure-Host-Baseline/tree/master/Device%20Guard.</fixtext><fix id="F-46682r722920_fix" /><check system="C-46725r804959_chk"><check-content-ref href="Microsoft_Windows_PAW_STIG.xml" name="M" /><check-content>Note: This requirement is Not Applicable (NA) if the Endpoint Security Solution (ESS) managed system is used on the PAW and application white listing is enforced.

Verify Device Guard is enforcing a code integrity policy to restrict authorized applications.

Run "PowerShell" with elevated privileges (run as administrator).

Enter the following:

"Get-CimInstance -ClassName Win32_DeviceGuard -Namespace root\Microsoft\Windows\DeviceGuard | FL *codeintegrity*"

If "CodeIntegrityPolicyEnforcementStatus" does not have a value of "2" indicating "Enforced", this is a finding. 

(For reference: 0 - Not Configured; 1 - Audit; 2 - Enforced)

Alternately:

- Run "System Information".
- Under "System Summary", verify the following:

If "Device Guard Code Integrity Policy" does not display "Enforced", this is finding.</check-content></check></Rule></Group><Group id="V-243451"><title>SRG-OS-000480-GPOS-00227</title><description>&lt;GroupDescription&gt;&lt;/GroupDescription&gt;</description><Rule id="SV-243451r991589_rule" weight="10.0" severity="medium"><version>WPAW-00-001060</version><title>Device Guard Code Integrity Policy must be used on the Windows PAW to restrict applications that can run on the system (Device Guard User Mode Code Integrity).</title><description>&lt;VulnDiscussion&gt;A main security architectural construct of a PAW is to restrict non-administrative applications and functions from the PAW workstation. Many standard user applications and functions, including email processing, Internet browsing, and using business applications, can increase the security risk to the workstation. These apps and functions are susceptible to many security vulnerabilities, including phishing attacks and embedded malware. This increased risk is not acceptable for the highly privileged activities of a PAW.&lt;/VulnDiscussion&gt;&lt;FalsePositives&gt;&lt;/FalsePositives&gt;&lt;FalseNegatives&gt;&lt;/FalseNegatives&gt;&lt;Documentable&gt;false&lt;/Documentable&gt;&lt;Mitigations&gt;&lt;/Mitigations&gt;&lt;SeverityOverrideGuidance&gt;&lt;/SeverityOverrideGuidance&gt;&lt;PotentialImpacts&gt;&lt;/PotentialImpacts&gt;&lt;ThirdPartyTools&gt;&lt;/ThirdPartyTools&gt;&lt;MitigationControl&gt;&lt;/MitigationControl&gt;&lt;Responsibility&gt;&lt;/Responsibility&gt;&lt;IAControls&gt;&lt;/IAControls&gt;</description><reference><dc:title>DPMS Target Microsoft Windows PAW</dc:title><dc:publisher>DISA</dc:publisher><dc:type>DPMS Target</dc:type><dc:subject>Microsoft Windows PAW</dc:subject><dc:identifier>5405</dc:identifier></reference><ident system="http://cyber.mil/legacy">V-78163</ident><ident system="http://cyber.mil/legacy">SV-92869</ident><ident system="http://cyber.mil/cci">CCI-000366</ident><fixtext fixref="F-46683r722923_fix">Implement a whitelist of authorized PAW applications using Device Guard. See the Device Guard Deployment Guide (https://docs.microsoft.com/en-us/windows/device-security/device-guard/device-guard-deployment-guide) for deployment information and hardware requirements and the IAD Device Guard document "Implementing a Secure Administrative Workstation using Device Guard" at https://github.com/iadgov/Secure-Host-Baseline/tree/master/Device%20Guard.</fixtext><fix id="F-46683r722923_fix" /><check system="C-46726r804961_chk"><check-content-ref href="Microsoft_Windows_PAW_STIG.xml" name="M" /><check-content>Note: This requirement is Not Applicable (NA) if the Endpoint Security Solution (ESS) managed system is used on the PAW and application white listing is enforced.

Verify Device Guard is enforcing a code integrity policy to restrict authorized applications.

Run "PowerShell" with elevated privileges (run as administrator).

Enter the following:

"Get-CimInstance -ClassName Win32_DeviceGuard -Namespace root\Microsoft\Windows\DeviceGuard | FL *codeintegrity*"

If "UserModeCodeIntegrityPolicyEnforcementStatus" does not have a value of "2" indicating "Enforced", this is a finding.

(For reference: 0 - Not Configured; 1 - Audit; 2 - Enforced)

Alternately:

- Run "System Information".
- Under "System Summary", verify the following:

If "Device Guard user mode Code Integrity" does not display "Enforced", this is finding.</check-content></check></Rule></Group><Group id="V-243452"><title>SRG-OS-000480-GPOS-00227</title><description>&lt;GroupDescription&gt;&lt;/GroupDescription&gt;</description><Rule id="SV-243452r991589_rule" weight="10.0" severity="medium"><version>WPAW-00-001100</version><title>Windows PAWs must be restricted to only allow groups used to manage high-value IT resources and members of the local Administrators group to log on locally.</title><description>&lt;VulnDiscussion&gt;A main security architectural construct of a PAW is to limit users of the PAW to only administrators of high-value IT resources. This will mitigate some of the risk of attack on administrators of high-value IT resources.&lt;/VulnDiscussion&gt;&lt;FalsePositives&gt;&lt;/FalsePositives&gt;&lt;FalseNegatives&gt;&lt;/FalseNegatives&gt;&lt;Documentable&gt;false&lt;/Documentable&gt;&lt;Mitigations&gt;&lt;/Mitigations&gt;&lt;SeverityOverrideGuidance&gt;&lt;/SeverityOverrideGuidance&gt;&lt;PotentialImpacts&gt;&lt;/PotentialImpacts&gt;&lt;ThirdPartyTools&gt;&lt;/ThirdPartyTools&gt;&lt;MitigationControl&gt;&lt;/MitigationControl&gt;&lt;Responsibility&gt;&lt;/Responsibility&gt;&lt;IAControls&gt;&lt;/IAControls&gt;</description><reference><dc:title>DPMS Target Microsoft Windows PAW</dc:title><dc:publisher>DISA</dc:publisher><dc:type>DPMS Target</dc:type><dc:subject>Microsoft Windows PAW</dc:subject><dc:identifier>5405</dc:identifier></reference><ident system="http://cyber.mil/legacy">V-78165</ident><ident system="http://cyber.mil/legacy">SV-92871</ident><ident system="http://cyber.mil/cci">CCI-000366</ident><fixtext fixref="F-46684r722926_fix">Configure the policy value for Computer Configuration &gt;&gt; Windows Settings &gt;&gt; Security Settings &gt;&gt; Local Policies &gt;&gt; User Rights Assignment &gt;&gt; "Allow log on locally" to only include the following groups or accounts:

- Administrators
- Groups specifically designated to manage high-value IT resources</fixtext><fix id="F-46684r722926_fix" /><check system="C-46727r722925_chk"><check-content-ref href="Microsoft_Windows_PAW_STIG.xml" name="M" /><check-content>Verify the effective setting in Local Group Policy Editor.

Run "gpedit.msc".

Navigate to Local Computer Policy &gt;&gt; Computer Configuration &gt;&gt; Windows Settings &gt;&gt; Security Settings &gt;&gt; Local Policies &gt;&gt; User Rights Assignment.

If any groups or accounts other than the following are granted the "Allow log on locally" user right, this is a finding:

- Administrators
- Groups specifically designated to manage high-value IT resources</check-content></check></Rule></Group><Group id="V-243453"><title>SRG-OS-000480-GPOS-00227</title><description>&lt;GroupDescription&gt;&lt;/GroupDescription&gt;</description><Rule id="SV-243453r991589_rule" weight="10.0" severity="medium"><version>WPAW-00-001200</version><title>The domain must be configured to restrict privileged administrator accounts from logging on to lower-tier hosts.</title><description>&lt;VulnDiscussion&gt;If the domain is not configured to restrict privileged administrator accounts from logging on to lower-tier hosts, it would be impossible to isolate administrative accounts to specific trust zones and protect IT resources from threats from high-risk trust zones. Blocking logon to lower-tier assets helps protect IT resources in a tier from being attacked from a lower tier.&lt;/VulnDiscussion&gt;&lt;FalsePositives&gt;&lt;/FalsePositives&gt;&lt;FalseNegatives&gt;&lt;/FalseNegatives&gt;&lt;Documentable&gt;false&lt;/Documentable&gt;&lt;Mitigations&gt;&lt;/Mitigations&gt;&lt;SeverityOverrideGuidance&gt;&lt;/SeverityOverrideGuidance&gt;&lt;PotentialImpacts&gt;&lt;/PotentialImpacts&gt;&lt;ThirdPartyTools&gt;&lt;/ThirdPartyTools&gt;&lt;MitigationControl&gt;&lt;/MitigationControl&gt;&lt;Responsibility&gt;&lt;/Responsibility&gt;&lt;IAControls&gt;&lt;/IAControls&gt;</description><reference><dc:title>DPMS Target Microsoft Windows PAW</dc:title><dc:publisher>DISA</dc:publisher><dc:type>DPMS Target</dc:type><dc:subject>Microsoft Windows PAW</dc:subject><dc:identifier>5405</dc:identifier></reference><ident system="http://cyber.mil/legacy">V-78167</ident><ident system="http://cyber.mil/legacy">SV-92873</ident><ident system="http://cyber.mil/cci">CCI-000366</ident><fixtext fixref="F-46685r722929_fix">Configure domain systems to prevent higher-tier administrative accounts from logging on to lower-tier hosts.

Assign higher-tier administrative groups to the Deny log on user rights of lower-tier hosts. This includes the following user rights:

Deny log on as a batch job
Deny log on as a service
Deny log on locally

Domain and Enterprise Admins are currently required to be included in the appropriate deny user rights in the Windows STIGs for member servers and workstations.</fixtext><fix id="F-46685r722929_fix" /><check system="C-46728r722928_chk"><check-content-ref href="Microsoft_Windows_PAW_STIG.xml" name="M" /><check-content>Verify domain systems are configured to prevent higher-tier administrative accounts from logging on to lower-tier hosts.

This can be accomplished by adding the higher-tier administrative groups to the Deny log on user rights of the lower-tier system. These include the following user rights:

Deny log on as a batch job
Deny log on as a service
Deny log on locally

If domain systems are not configured to prevent higher-tier administrative accounts from logging on to lower-tier hosts, this is a finding.

Domain and Enterprise Admins are currently required to be included in the appropriate deny user rights in the Windows STIGs for member servers and workstations.

Note: Severity category exception - Upgrade to a CAT I finding if any Tier 0 administrative account used to manage high-value IT resources is able to log on to a lower-tier host.</check-content></check></Rule></Group><Group id="V-243454"><title>SRG-OS-000132-GPOS-00067</title><description>&lt;GroupDescription&gt;&lt;/GroupDescription&gt;</description><Rule id="SV-243454r958514_rule" weight="10.0" severity="high"><version>WPAW-00-001300</version><title>A Windows PAW used to manage domain controllers and directory services must not be used to manage any other type of high-value IT resource.</title><description>&lt;VulnDiscussion&gt;Domain controllers (DC) are usually the most sensitive, high-value IT resources in a domain. Dedicating a PAW to be used solely for managing domain controllers will aid in protecting privileged domain accounts from being compromised.

For Windows, this includes the management of Active Directory itself and the DCs that run Active Directory, including such activities as domain-level user and computer management, administering trusts, replication, schema changes, site topology, domain-wide group policy, the addition of new DCs, DC software installation, and DC backup and restore operations.&lt;/VulnDiscussion&gt;&lt;FalsePositives&gt;&lt;/FalsePositives&gt;&lt;FalseNegatives&gt;&lt;/FalseNegatives&gt;&lt;Documentable&gt;false&lt;/Documentable&gt;&lt;Mitigations&gt;&lt;/Mitigations&gt;&lt;SeverityOverrideGuidance&gt;&lt;/SeverityOverrideGuidance&gt;&lt;PotentialImpacts&gt;&lt;/PotentialImpacts&gt;&lt;ThirdPartyTools&gt;&lt;/ThirdPartyTools&gt;&lt;MitigationControl&gt;&lt;/MitigationControl&gt;&lt;Responsibility&gt;&lt;/Responsibility&gt;&lt;IAControls&gt;&lt;/IAControls&gt;</description><reference><dc:title>DPMS Target Microsoft Windows PAW</dc:title><dc:publisher>DISA</dc:publisher><dc:type>DPMS Target</dc:type><dc:subject>Microsoft Windows PAW</dc:subject><dc:identifier>5405</dc:identifier></reference><ident system="http://cyber.mil/legacy">V-78169</ident><ident system="http://cyber.mil/legacy">SV-92875</ident><ident system="http://cyber.mil/cci">CCI-001082</ident><fixtext fixref="F-46686r722932_fix">Set aside one or more PAWs for remote management of Active Directory.

Ensure they are used only for the purpose of managing directory services. Otherwise, use the local domain controller console to manage Active Directory.</fixtext><fix id="F-46686r722932_fix" /><check system="C-46729r722931_chk"><check-content-ref href="Microsoft_Windows_PAW_STIG.xml" name="M" /><check-content>If domain controllers and directory services are only managed with local logons to domain controllers, not remotely, this requirement is not applicable. 

Discuss with the Information System Security Manager (ISSM) or PAW system administrators and review any available site documentation.

Verify that a site has designated specific PAWs for the sole purpose of remote management of domain controllers and directory service servers.

Review any available site documentation.

Verify that any PAW used to manage domain controllers and directory services remotely are used exclusively for managing domain controllers and directory services.

If the site has not designated specific PAWs for the sole purpose of remote management of domain controllers and directory service servers, this is a finding.

If PAWs used for managing domain controllers and directory services are used for additional functions, this is a finding.</check-content></check></Rule></Group><Group id="V-243455"><title>SRG-OS-000480-GPOS-00227</title><description>&lt;GroupDescription&gt;&lt;/GroupDescription&gt;</description><Rule id="SV-243455r991589_rule" weight="10.0" severity="medium"><version>WPAW-00-001400</version><title>PAWs used to manage Active Directory must only allow groups specifically designated to manage Active Directory, such as Enterprise and Domain Admins and members of the local Administrators group, to log on locally.</title><description>&lt;VulnDiscussion&gt;PAW platforms are used for highly privileged activities. The accounts that have administrative privileges on domain-level PAW platforms must not be used on or used to manage any non-domain-level PAW platforms. Otherwise, there would be a clear path for privilege escalation to Enterprise Admin (EA)/Domain Admin (DA) privileges.&lt;/VulnDiscussion&gt;&lt;FalsePositives&gt;&lt;/FalsePositives&gt;&lt;FalseNegatives&gt;&lt;/FalseNegatives&gt;&lt;Documentable&gt;false&lt;/Documentable&gt;&lt;Mitigations&gt;&lt;/Mitigations&gt;&lt;SeverityOverrideGuidance&gt;&lt;/SeverityOverrideGuidance&gt;&lt;PotentialImpacts&gt;&lt;/PotentialImpacts&gt;&lt;ThirdPartyTools&gt;&lt;/ThirdPartyTools&gt;&lt;MitigationControl&gt;&lt;/MitigationControl&gt;&lt;Responsibility&gt;&lt;/Responsibility&gt;&lt;IAControls&gt;&lt;/IAControls&gt;</description><reference><dc:title>DPMS Target Microsoft Windows PAW</dc:title><dc:publisher>DISA</dc:publisher><dc:type>DPMS Target</dc:type><dc:subject>Microsoft Windows PAW</dc:subject><dc:identifier>5405</dc:identifier></reference><ident system="http://cyber.mil/legacy">V-78171</ident><ident system="http://cyber.mil/legacy">SV-92877</ident><ident system="http://cyber.mil/cci">CCI-000366</ident><fixtext fixref="F-46687r722935_fix">Configure the group policy that applies to the PAW.

Install only administrative accounts designated to be used to manage domain controllers and Active Directory remotely in the PAW User group on PAWs designated for the management of domain controllers and Active Directory.

Configure the policy value for Computer Configuration &gt;&gt; Windows Settings &gt;&gt; Security Settings &gt;&gt; Local Policies &gt;&gt; User Rights Assignment &gt;&gt; "Allow log on locally" to only include the following groups or accounts:

- Administrators
- Groups specifically designated to manage domain controllers and Active Directory</fixtext><fix id="F-46687r722935_fix" /><check system="C-46730r722934_chk"><check-content-ref href="Microsoft_Windows_PAW_STIG.xml" name="M" /><check-content>Verify on the PAW the effective setting in Local Group Policy Editor.

Run "gpedit.msc".

Navigate to Local Computer Policy &gt;&gt; Computer Configuration &gt;&gt; Windows Settings &gt;&gt; Security Settings &gt;&gt; Local Policies &gt;&gt; User Rights Assignment.

If any groups or accounts other than the following are granted the "Allow log on locally" user right, this is a finding:

- Administrators
- Groups specifically designated to manage domain controllers and Active Directory</check-content></check></Rule></Group><Group id="V-243456"><title>SRG-OS-000132-GPOS-00067</title><description>&lt;GroupDescription&gt;&lt;/GroupDescription&gt;</description><Rule id="SV-243456r958514_rule" weight="10.0" severity="medium"><version>WPAW-00-001500</version><title>In a Windows PAW, administrator accounts used for maintaining the PAW must be separate from administrative accounts used to manage high-value IT resources.</title><description>&lt;VulnDiscussion&gt;Note: PAW accounts used to manage high-value IT resources have privileged rights on managed systems but no administrative or maintenance rights on the PAW. They only have user rights on the PAW. PAW administrative/maintenance accounts only have administrative rights on a PAW and are used only to perform administrative functions on the PAW.  PAW administrative/maintenance accounts are the only admin accounts that have admin rights on a PAW.  It is not required that PAW administrative/maintenance accounts be organized by tier.

The PAW platform should be protected from high-value IT resource administrators accidently or deliberately modifying the security settings of the PAW. Therefore, high-value IT resource administrators must not have the ability to perform maintenance functions on the PAW platform. Separate PAW admin accounts must be set up that only have rights to manage PAW platforms.

PAW administrators have the capability to compromise Domain Admin accounts; therefore, personnel assigned as PAW administrators must be the most trusted and experienced administrators within an organization, at least equal to personnel assigned as domain administrators.&lt;/VulnDiscussion&gt;&lt;FalsePositives&gt;&lt;/FalsePositives&gt;&lt;FalseNegatives&gt;&lt;/FalseNegatives&gt;&lt;Documentable&gt;false&lt;/Documentable&gt;&lt;Mitigations&gt;&lt;/Mitigations&gt;&lt;SeverityOverrideGuidance&gt;&lt;/SeverityOverrideGuidance&gt;&lt;PotentialImpacts&gt;&lt;/PotentialImpacts&gt;&lt;ThirdPartyTools&gt;&lt;/ThirdPartyTools&gt;&lt;MitigationControl&gt;&lt;/MitigationControl&gt;&lt;Responsibility&gt;&lt;/Responsibility&gt;&lt;IAControls&gt;&lt;/IAControls&gt;</description><reference><dc:title>DPMS Target Microsoft Windows PAW</dc:title><dc:publisher>DISA</dc:publisher><dc:type>DPMS Target</dc:type><dc:subject>Microsoft Windows PAW</dc:subject><dc:identifier>5405</dc:identifier></reference><ident system="http://cyber.mil/legacy">V-78173</ident><ident system="http://cyber.mil/legacy">SV-92879</ident><ident system="http://cyber.mil/cci">CCI-001082</ident><fixtext fixref="F-46688r722938_fix">Set up separate domain administrative accounts to manage PAWs from domain administrative accounts used to manage high-value IT resources. Each of these accounts is not to be used for any other purpose. 

Note: Personnel assigned as PAW administrators should be the most trusted and experienced administrators within an organization.</fixtext><fix id="F-46688r722938_fix" /><check system="C-46731r722937_chk"><check-content-ref href="Microsoft_Windows_PAW_STIG.xml" name="M" /><check-content>Verify at least one group has been set up in Active Directory (usually Tier 0) for administrators responsible for maintaining PAW workstations (for example, PAW Maintenance group).

Verify no administrator account or administrator account group has been assigned to both the group of PAW workstation administrators and any group for administrators of high-value IT resources.

If separate PAW administrator groups and administrators of high-value IT resources have not been set up, this is a finding.

If a member of any group of PAW maintenance administrators is also a member of any group of administrators of high-value IT resources, this is a finding.</check-content></check></Rule></Group><Group id="V-243457"><title>SRG-OS-000107-GPOS-00054</title><description>&lt;GroupDescription&gt;&lt;/GroupDescription&gt;</description><Rule id="SV-243457r1015765_rule" weight="10.0" severity="medium"><version>WPAW-00-001600</version><title>The Windows PAW must be configured to enforce two-factor authentication and use Active Directory for authentication management.</title><description>&lt;VulnDiscussion&gt;Due to the highly privileged functions of a PAW, a high level of trust must be implemented for access to the PAW, including nonrepudiation of the user session. One-factor authentication, including username and password and shared administrator accounts, does not provide adequate assurance.&lt;/VulnDiscussion&gt;&lt;FalsePositives&gt;&lt;/FalsePositives&gt;&lt;FalseNegatives&gt;&lt;/FalseNegatives&gt;&lt;Documentable&gt;false&lt;/Documentable&gt;&lt;Mitigations&gt;&lt;/Mitigations&gt;&lt;SeverityOverrideGuidance&gt;&lt;/SeverityOverrideGuidance&gt;&lt;PotentialImpacts&gt;&lt;/PotentialImpacts&gt;&lt;ThirdPartyTools&gt;&lt;/ThirdPartyTools&gt;&lt;MitigationControl&gt;&lt;/MitigationControl&gt;&lt;Responsibility&gt;&lt;/Responsibility&gt;&lt;IAControls&gt;&lt;/IAControls&gt;</description><reference><dc:title>DPMS Target Microsoft Windows PAW</dc:title><dc:publisher>DISA</dc:publisher><dc:type>DPMS Target</dc:type><dc:subject>Microsoft Windows PAW</dc:subject><dc:identifier>5405</dc:identifier></reference><ident system="http://cyber.mil/legacy">V-78175</ident><ident system="http://cyber.mil/legacy">SV-92881</ident><ident system="http://cyber.mil/cci">CCI-000765</ident><ident system="http://cyber.mil/cci">CCI-000767</ident><fixtext fixref="F-46689r997926_fix">In Active Directory, configure group policy to enable either smart card or another DOD-approved two-factor authentication method for all PAWs.

- Go to Computer Configuration &gt;&gt; Windows Settings &gt;&gt; Security Settings &gt;&gt; Local Policies &gt;&gt; Security Options.
- Set "Interactive logon: Require Windows Hello for Business or smart card" to "Enabled".</fixtext><fix id="F-46689r997926_fix" /><check system="C-46732r997925_chk"><check-content-ref href="Microsoft_Windows_PAW_STIG.xml" name="M" /><check-content>Review the configuration on the PAW.

Verify group policy is configured to enable either smart card or another DOD-approved two-factor authentication method for site PAWs.

- In Active Directory, go to Computer Configuration &gt;&gt; Windows Settings &gt;&gt; Security Settings &gt;&gt; Local Policies &gt;&gt; Security Options.
- Verify "Interactive logon: Require Windows Hello for Business or smart card" is set to "Enabled".

If group policy is not configured to enable either smart card or another DOD-approved two-factor authentication method, this is a finding.</check-content></check></Rule></Group><Group id="V-243458"><title>SRG-OS-000480-GPOS-00227</title><description>&lt;GroupDescription&gt;&lt;/GroupDescription&gt;</description><Rule id="SV-243458r991589_rule" weight="10.0" severity="high"><version>WPAW-00-001700</version><title>The Windows PAW must use a trusted channel for all connections between a PAW and IT resources managed from the PAW.</title><description>&lt;VulnDiscussion&gt;Note: The Common Criteria Security Functional Requirement (SFR) FTP_ITC.1.1(1) defines "trusted channel" as "a channel that uses IPsec, SSH, TLS, or TLS/HTTPS to provide a trusted communications channel between itself and authorized IT entity that is logically distinct from other communication channels and provides assured identification of its end points and protection of the channel data from modification or disclosure." The trusted channel uses IPsec, TLS, DTLS, or HTTPS as the protocol that preserves the confidentiality and integrity of PAW communications.

The confidentiality and integrity of the communications between the PAW and high-value IT resources being managed from the PAW must be protected due to the highly sensitive nature of the administrative functions being performed. A trusted channel provides the requisite assured identification of its end points and protection of the channel data from modification or disclosure.&lt;/VulnDiscussion&gt;&lt;FalsePositives&gt;&lt;/FalsePositives&gt;&lt;FalseNegatives&gt;&lt;/FalseNegatives&gt;&lt;Documentable&gt;false&lt;/Documentable&gt;&lt;Mitigations&gt;&lt;/Mitigations&gt;&lt;SeverityOverrideGuidance&gt;&lt;/SeverityOverrideGuidance&gt;&lt;PotentialImpacts&gt;&lt;/PotentialImpacts&gt;&lt;ThirdPartyTools&gt;&lt;/ThirdPartyTools&gt;&lt;MitigationControl&gt;&lt;/MitigationControl&gt;&lt;Responsibility&gt;&lt;/Responsibility&gt;&lt;IAControls&gt;&lt;/IAControls&gt;</description><reference><dc:title>DPMS Target Microsoft Windows PAW</dc:title><dc:publisher>DISA</dc:publisher><dc:type>DPMS Target</dc:type><dc:subject>Microsoft Windows PAW</dc:subject><dc:identifier>5405</dc:identifier></reference><ident system="http://cyber.mil/legacy">SV-92883</ident><ident system="http://cyber.mil/legacy">V-78177</ident><ident system="http://cyber.mil/cci">CCI-000366</ident><ident system="http://cyber.mil/cci">CCI-001135</ident><ident system="http://cyber.mil/cci">CCI-002426</ident><fixtext fixref="F-46690r852042_fix">Configure the PAWs to use IPsec, SSH, TLS, or TLS/HTTPS for all connections between the PAW and managed IT resources on the intranet.

Configure the policy value for Computer Configuration &gt;&gt; Windows Settings &gt;&gt; Security Settings &gt;&gt; Local Policies &gt;&gt; Security Options &gt;&gt; "System cryptography: Use FIPS compliant algorithms for encryption, hashing, and signing" to "Enabled".</fixtext><fix id="F-46690r852042_fix" /><check system="C-46733r722943_chk"><check-content-ref href="Microsoft_Windows_PAW_STIG.xml" name="M" /><check-content>On the PAW workstation, verify IPsec, SSH, TLS, or TLS/HTTPS is configured for all connections between the PAW and managed IT resources on the intranet.

Verify the following registry setting:
Registry Hive: HKEY_LOCAL_MACHINE
Registry Path: \SYSTEM\CurrentControlSet\Control\Lsa\FIPSAlgorithmPolicy\

Value Name: Enabled

Value Type: REG_DWORD
Value: 1

Warning: Clients with this setting enabled will not be able to communicate via digitally encrypted or signed protocols with servers that do not support these algorithms. Both the browser and web server must be configured to use TLS; otherwise, the browser will not be able to connect to a secure site.

If on the PAW workstation the registry value for HKEY_LOCAL_MACHINE does not exist or is not configured as specified, this is a finding.</check-content></check></Rule></Group><Group id="V-243459"><title>SRG-OS-000480-GPOS-00227</title><description>&lt;GroupDescription&gt;&lt;/GroupDescription&gt;</description><Rule id="SV-243459r991589_rule" weight="10.0" severity="medium"><version>WPAW-00-001800</version><title>If several Windows PAWs are set up in virtual machines (VMs) on a host server, the host server must only contain PAW VMs.</title><description>&lt;VulnDiscussion&gt;A main security architectural construct of a PAW is to remove non-administrative functions from the PAW. Many standard user functions, including email processing, Internet browsing, and using business applications, can increase the security risk of the workstation. These apps and functions are susceptible to many security vulnerabilities, including phishing attacks and embedded malware. This increased risk is not acceptable for the highly privileged activities of a PAW. This requirement enforces this security concept in an environment where multiple PAW VMs are installed on a host server.

Note: Relationship between the exception in WPAW-00-000500 and WPAW-00-001000 and requirement WPAW-00-001800: WPAW-00-000500 and WPAW-00-001000 allow an exception to the requirement for sites constrained in the number of available workstations. Lower-tier, high-value admin accounts can operate in a VM if the higher-tier, high-value admin accounts operate in the VM host-OS, but WPAW-00-001800 is more appropriate for a multiple PAW VM environment.&lt;/VulnDiscussion&gt;&lt;FalsePositives&gt;&lt;/FalsePositives&gt;&lt;FalseNegatives&gt;&lt;/FalseNegatives&gt;&lt;Documentable&gt;false&lt;/Documentable&gt;&lt;Mitigations&gt;&lt;/Mitigations&gt;&lt;SeverityOverrideGuidance&gt;&lt;/SeverityOverrideGuidance&gt;&lt;PotentialImpacts&gt;&lt;/PotentialImpacts&gt;&lt;ThirdPartyTools&gt;&lt;/ThirdPartyTools&gt;&lt;MitigationControl&gt;&lt;/MitigationControl&gt;&lt;Responsibility&gt;&lt;/Responsibility&gt;&lt;IAControls&gt;&lt;/IAControls&gt;</description><reference><dc:title>DPMS Target Microsoft Windows PAW</dc:title><dc:publisher>DISA</dc:publisher><dc:type>DPMS Target</dc:type><dc:subject>Microsoft Windows PAW</dc:subject><dc:identifier>5405</dc:identifier></reference><ident system="http://cyber.mil/legacy">V-78179</ident><ident system="http://cyber.mil/legacy">SV-92885</ident><ident system="http://cyber.mil/cci">CCI-000366</ident><fixtext fixref="F-46691r722947_fix">Install only PAW VMs on a host server designated for PAWs.</fixtext><fix id="F-46691r722947_fix" /><check system="C-46734r722946_chk"><check-content-ref href="Microsoft_Windows_PAW_STIG.xml" name="M" /><check-content>Review the configuration of all host servers where PAW VMs are installed.

Verify the only VMs installed on the host server are PAW VMs.

If a host server where PAW VMs are installed contains non-PAW VMs, this is a finding.</check-content></check></Rule></Group><Group id="V-243460"><title>SRG-OS-000480-GPOS-00227</title><description>&lt;GroupDescription&gt;&lt;/GroupDescription&gt;</description><Rule id="SV-243460r991589_rule" weight="10.0" severity="medium"><version>WPAW-00-002100</version><title>The Windows PAW must be configured so that all inbound ports and services to a PAW are blocked except as needed for monitoring, scanning, and management tools or when the inbound communication is a response to an outbound connection request.</title><description>&lt;VulnDiscussion&gt;A main security architectural construct of a PAW is that the workstation is isolated from most Internet threats, including phishing, impersonation, and credential theft attacks. This isolation is partially implemented by blocking unsolicited inbound traffic to the PAW.&lt;/VulnDiscussion&gt;&lt;FalsePositives&gt;&lt;/FalsePositives&gt;&lt;FalseNegatives&gt;&lt;/FalseNegatives&gt;&lt;Documentable&gt;false&lt;/Documentable&gt;&lt;Mitigations&gt;&lt;/Mitigations&gt;&lt;SeverityOverrideGuidance&gt;&lt;/SeverityOverrideGuidance&gt;&lt;PotentialImpacts&gt;&lt;/PotentialImpacts&gt;&lt;ThirdPartyTools&gt;&lt;/ThirdPartyTools&gt;&lt;MitigationControl&gt;&lt;/MitigationControl&gt;&lt;Responsibility&gt;&lt;/Responsibility&gt;&lt;IAControls&gt;&lt;/IAControls&gt;</description><reference><dc:title>DPMS Target Microsoft Windows PAW</dc:title><dc:publisher>DISA</dc:publisher><dc:type>DPMS Target</dc:type><dc:subject>Microsoft Windows PAW</dc:subject><dc:identifier>5405</dc:identifier></reference><ident system="http://cyber.mil/legacy">V-78181</ident><ident system="http://cyber.mil/legacy">SV-92887</ident><ident system="http://cyber.mil/cci">CCI-000366</ident><ident system="http://cyber.mil/cci">CCI-002403</ident><fixtext fixref="F-46692r852045_fix">Determine which inbound ports, services, addresses, or subnets are needed on the PAW for the organization's monitoring, scanning, and management tools.

Configure the host-based firewall on the PAW to block all inbound connection requests except for organizational monitoring, scanning, and management tools or for inbound connections that are responses to outbound connection requests.

Configure the host-based firewall on the PAW to block users with local administrative access from creating or modifying local firewall rules.

Note: The exact configuration procedure will depend on which host-based firewall (for example, ESS) is used on the PAW. DoD sites should refer to DoD policies and firewall STIGs to determine acceptable firewalls products.</fixtext><fix id="F-46692r852045_fix" /><check system="C-46735r852044_chk"><check-content-ref href="Microsoft_Windows_PAW_STIG.xml" name="M" /><check-content>Obtain a list of all ports and services required for site monitoring, scanning, and management tools.

Review the configuration setting of the PAW host-based firewall.

Verify the firewall is configured to block all inbound ports and services from a PAW except as needed for monitoring, scanning, and management tools or when the inbound communication is a response to an outbound connection request.

Note: The exact procedure for verifying the configuration will depend on which host-based firewall (for example, Endpoint Security Solution [ESS]) is used on the PAW. DoD sites should refer to DoD policies and firewall STIGs to determine acceptable firewalls products.

If the PAW host-based firewall is not configured to block all inbound ports and services from a PAW except as needed for monitoring, scanning, and management tools or when the inbound communication is a response to an outbound connection request, this is a finding.</check-content></check></Rule></Group><Group id="V-243461"><title>SRG-OS-000480-GPOS-00227</title><description>&lt;GroupDescription&gt;&lt;/GroupDescription&gt;</description><Rule id="SV-243461r991589_rule" weight="10.0" severity="medium"><version>WPAW-00-002200</version><title>The Windows PAW must be configured so that all outbound connections to the Internet from a PAW are blocked.</title><description>&lt;VulnDiscussion&gt;Note: Internal domain connections from a PAW to communicate with IT resources being managed via the PAW with domain controllers or with a digital credential verification service (for example, Online Certificate Status Protocol [OCSP]) are allowed.

A main security architectural construct of a PAW is that the workstation is isolated from most internet threats, including phishing, impersonation, and credential theft attacks. This isolation is partially implemented by blocking all outbound connections to the internet.&lt;/VulnDiscussion&gt;&lt;FalsePositives&gt;&lt;/FalsePositives&gt;&lt;FalseNegatives&gt;&lt;/FalseNegatives&gt;&lt;Documentable&gt;false&lt;/Documentable&gt;&lt;Mitigations&gt;&lt;/Mitigations&gt;&lt;SeverityOverrideGuidance&gt;&lt;/SeverityOverrideGuidance&gt;&lt;PotentialImpacts&gt;&lt;/PotentialImpacts&gt;&lt;ThirdPartyTools&gt;&lt;/ThirdPartyTools&gt;&lt;MitigationControl&gt;&lt;/MitigationControl&gt;&lt;Responsibility&gt;&lt;/Responsibility&gt;&lt;IAControls&gt;&lt;/IAControls&gt;</description><reference><dc:title>DPMS Target Microsoft Windows PAW</dc:title><dc:publisher>DISA</dc:publisher><dc:type>DPMS Target</dc:type><dc:subject>Microsoft Windows PAW</dc:subject><dc:identifier>5405</dc:identifier></reference><ident system="http://cyber.mil/legacy">V-78183</ident><ident system="http://cyber.mil/legacy">SV-92889</ident><ident system="http://cyber.mil/cci">CCI-000366</ident><ident system="http://cyber.mil/cci">CCI-002399</ident><fixtext fixref="F-46693r852048_fix">Configure the PAW host-based firewall to block outbound connection requests to the internet gateway or configure the PAW with an internet proxy address with a loopback address. Allowed exceptions include connections to communicate with IT resources being managed via the PAW, including the management console of authorized public cloud services, with domain controllers, or with a digital credential verification service (for example, OCSP).

If the PAW host-based firewall method is used, configure the firewall to block outbound connection requests to the internet gateway. The exact configuration procedure will depend on which host-based firewall (for example, Endpoint Security Solution [ESS]) is used on the PAW. DoD sites should refer to DoD policies and firewall STIGs to determine acceptable firewalls products.

If the internet proxy address with a loopback address method is used, consider using the configuration instructions listed in the Microsoft Privileged Access Workstation paper.

In addition, disable the capability of the administrator to manually override the proxy settings on each PAW.</fixtext><fix id="F-46693r852048_fix" /><check system="C-46736r852047_chk"><check-content-ref href="Microsoft_Windows_PAW_STIG.xml" name="M" /><check-content>Review the PAW configuration to verify all outbound connections to the internet from the PAW are blocked except to communicate with IT resources being managed via the PAW, including the management console of authorized public cloud services, with domain controllers, or with a digital credential verification service (for example, OCSP).

Ask site personnel how outbound connections from the PAW to the internet have been blocked. Two common methods are to either configure the host-based firewall to block all outbound connection requests to the internet gateway or to configure the PAW with an internet proxy address with a loopback address. Based on the method used at the site, review either the configuration of the host-based firewall or the PAW configuration and verify the configuration blocks all outbound internet connections except to communicate with IT resources being managed via the PAW, with domain controllers, or with a digital credential verification service (for example, OCSP).

If the site has configured the PAW with a loopback address, verify a proxy server group policy has been set up with a loopback address (127.0.0.1) and assigned to the PAW Users group.

If the PAW system has not been configured to block all outbound connections to the internet from a PAW except to communicate with IT resources being managed via the PAW, with domain controllers, or with a digital credential verification service, this is a finding.</check-content></check></Rule></Group><Group id="V-243462"><title>SRG-OS-000480-GPOS-00227</title><description>&lt;GroupDescription&gt;&lt;/GroupDescription&gt;</description><Rule id="SV-243462r991589_rule" weight="10.0" severity="medium"><version>WPAW-00-002300</version><title>The local Administrators group on the Windows PAW must only include groups with accounts specifically designated to administer the PAW.</title><description>&lt;VulnDiscussion&gt;A main security architectural construct of a PAW is to restrict access to the PAW from only specific privileged accounts designated for managing the high-value IT resources the PAW has been designated to manage. If unauthorized standard user accounts or unauthorized high-value administrative accounts are able to access a specific PAW, high-value IT resources and critical DoD information could be compromised.&lt;/VulnDiscussion&gt;&lt;FalsePositives&gt;&lt;/FalsePositives&gt;&lt;FalseNegatives&gt;&lt;/FalseNegatives&gt;&lt;Documentable&gt;false&lt;/Documentable&gt;&lt;Mitigations&gt;&lt;/Mitigations&gt;&lt;SeverityOverrideGuidance&gt;&lt;/SeverityOverrideGuidance&gt;&lt;PotentialImpacts&gt;&lt;/PotentialImpacts&gt;&lt;ThirdPartyTools&gt;&lt;/ThirdPartyTools&gt;&lt;MitigationControl&gt;&lt;/MitigationControl&gt;&lt;Responsibility&gt;&lt;/Responsibility&gt;&lt;IAControls&gt;&lt;/IAControls&gt;</description><reference><dc:title>DPMS Target Microsoft Windows PAW</dc:title><dc:publisher>DISA</dc:publisher><dc:type>DPMS Target</dc:type><dc:subject>Microsoft Windows PAW</dc:subject><dc:identifier>5405</dc:identifier></reference><ident system="http://cyber.mil/legacy">V-78185</ident><ident system="http://cyber.mil/legacy">SV-92891</ident><ident system="http://cyber.mil/cci">CCI-000366</ident><fixtext fixref="F-46694r722956_fix">Restrict membership of the local Administrators group to only include members of the group specifically designated to manage the PAW and local administrator(s).

See the Microsoft PAW paper (https://docs.microsoft.com/en-us/windows-server/identity/securing-privileged-access/privileged-access-workstations) for more information (go to PAW Installation instructions).</fixtext><fix id="F-46694r722956_fix" /><check system="C-46737r722955_chk"><check-content-ref href="Microsoft_Windows_PAW_STIG.xml" name="M" /><check-content>Verify the PAW is configured to restrict access to privileged accounts specifically designated to administer the PAW:

- On the Windows PAW, verify the membership of the local Administrators group.
- Verify the only members in the local Administrators group are the group specifically designated for managing the PAW and local administrator(s).

If the local Administrators group includes any members not members of the specifically designated group for managing the PAW and local administrator(s), this is a finding.</check-content></check></Rule></Group><Group id="V-243463"><title>SRG-OS-000480-GPOS-00227</title><description>&lt;GroupDescription&gt;&lt;/GroupDescription&gt;</description><Rule id="SV-243463r991589_rule" weight="10.0" severity="medium"><version>WPAW-00-002400</version><title>Local privileged groups (excluding Administrators) on the Windows PAW must be restricted to include no members.</title><description>&lt;VulnDiscussion&gt;A main security architectural construct of a PAW is to restrict access to the PAW from only specific privileged accounts designated for managing the high-value IT resources the PAW has been designated to manage. If unauthorized standard user accounts or unauthorized high-value administrative accounts are able to access a specific PAW, high-value IT resources and critical DoD information could be compromised.&lt;/VulnDiscussion&gt;&lt;FalsePositives&gt;&lt;/FalsePositives&gt;&lt;FalseNegatives&gt;&lt;/FalseNegatives&gt;&lt;Documentable&gt;false&lt;/Documentable&gt;&lt;Mitigations&gt;&lt;/Mitigations&gt;&lt;SeverityOverrideGuidance&gt;&lt;/SeverityOverrideGuidance&gt;&lt;PotentialImpacts&gt;&lt;/PotentialImpacts&gt;&lt;ThirdPartyTools&gt;&lt;/ThirdPartyTools&gt;&lt;MitigationControl&gt;&lt;/MitigationControl&gt;&lt;Responsibility&gt;&lt;/Responsibility&gt;&lt;IAControls&gt;&lt;/IAControls&gt;</description><reference><dc:title>DPMS Target Microsoft Windows PAW</dc:title><dc:publisher>DISA</dc:publisher><dc:type>DPMS Target</dc:type><dc:subject>Microsoft Windows PAW</dc:subject><dc:identifier>5405</dc:identifier></reference><ident system="http://cyber.mil/legacy">V-78159</ident><ident system="http://cyber.mil/legacy">SV-92865</ident><ident system="http://cyber.mil/cci">CCI-000366</ident><fixtext fixref="F-46695r722959_fix">Complete the following configuration procedures to restrict access to privileged accounts on the PAW (see the instructions for use of group policy to define membership, PAW Installation instructions in the Microsoft PAW paper).

Configure membership of all local privileged groups (except for "Administrators (built-in)" group) so it is empty*. This procedure applies to the following local privileged groups:

- Backup Operators (built-in)
- Hyper-V Administrators
- Network Configuration Operators
- Power Users
- Remote Desktop Users
- Replicator

Link the PAW group policy object (GPO) to the appropriate Tier devices Organizational Unit (OU).

*Allowed exception: If a Hyper-V environment is used, the Hyper-V Administrators group may include members.</fixtext><fix id="F-46695r722959_fix" /><check system="C-46738r722958_chk"><check-content-ref href="Microsoft_Windows_PAW_STIG.xml" name="M" /><check-content>Verify membership of local admin groups on the PAW are empty:

On the Windows PAW, verify there are no members in the following local privileged groups (excluding Administrators)*:

- Backup Operators (built-in)
- Cryptographic Operators
- Hyper-V Administrators
- Network Configuration Operators
- Power Users
- Remote Desktop Users
- Replicator

If the membership of the following admin groups is not empty, this is a finding: Backup Operators (built-in), Cryptographic Operators, Hyper-V Administrators, Network Configuration Operators, Power Users, Remote Desktop Users, and Replicator.

*Allowed exception: If a Hyper-V environment is used, the Hyper-V Administrators group may include members.</check-content></check></Rule></Group><Group id="V-243464"><title>SRG-OS-000480-GPOS-00227</title><description>&lt;GroupDescription&gt;&lt;/GroupDescription&gt;</description><Rule id="SV-243464r991589_rule" weight="10.0" severity="medium"><version>WPAW-00-002500</version><title>Restricted remote administration must be enabled for high-value systems.</title><description>&lt;VulnDiscussion&gt;Restricted remote administration features, RestrictedAdmin mode, and Remote Credential Guard for Remote Desktop Protocol (RDP), are an additional safeguard against "pass the hash" attacks, where hackers attempt to gain higher administrative privileges from a single compromised machine. Restricted remote administration protects administrator accounts by ensuring that reusable credentials are not stored in memory on remote devices that could potentially be compromised. When restricted remote administration is implemented, the local RDP service tries to log on to the remote device using a network logon, so the user's credentials are not sent across the network. Therefore, if the high-value IT resource is compromised, the credentials of the administrator connecting to the IT resource from the PAW are not compromised.&lt;/VulnDiscussion&gt;&lt;FalsePositives&gt;&lt;/FalsePositives&gt;&lt;FalseNegatives&gt;&lt;/FalseNegatives&gt;&lt;Documentable&gt;false&lt;/Documentable&gt;&lt;Mitigations&gt;&lt;/Mitigations&gt;&lt;SeverityOverrideGuidance&gt;&lt;/SeverityOverrideGuidance&gt;&lt;PotentialImpacts&gt;&lt;/PotentialImpacts&gt;&lt;ThirdPartyTools&gt;&lt;/ThirdPartyTools&gt;&lt;MitigationControl&gt;&lt;/MitigationControl&gt;&lt;Responsibility&gt;&lt;/Responsibility&gt;&lt;IAControls&gt;&lt;/IAControls&gt;</description><reference><dc:title>DPMS Target Microsoft Windows PAW</dc:title><dc:publisher>DISA</dc:publisher><dc:type>DPMS Target</dc:type><dc:subject>Microsoft Windows PAW</dc:subject><dc:identifier>5405</dc:identifier></reference><ident system="http://cyber.mil/legacy">V-78161</ident><ident system="http://cyber.mil/legacy">SV-92867</ident><ident system="http://cyber.mil/cci">CCI-000366</ident><fixtext fixref="F-46696r921974_fix">Enable RestrictedAdmin mode or Remote Credential Guard on high-value systems.

On target systems (high-value assets), configure the following registry value:

- HKEY_LOCAL_MACHINE\System\CurrentControlSet\Control\Lsa
- Name: DisableRestrictedAdmin
- Type: REG_DWORD 
- Value: 0

On PAW systems:

Configure the policy value for Computer Configuration &gt;&gt; Administrative Templates &gt;&gt; System &gt;&gt; Credentials Delegation "Restrict delegation of credentials to remote servers" to "Enabled".

Require Remote Credential Guard
Require Restricted Admin
Restrict Credential Delegation</fixtext><fix id="F-46696r921974_fix" /><check system="C-46739r722961_chk"><check-content-ref href="Microsoft_Windows_PAW_STIG.xml" name="M" /><check-content>In the Registry Editor of the remote target system (high-value assets), verify the following registry key has a value of "0":

- HKEY_LOCAL_MACHINE\System\CurrentControlSet\Control\Lsa
- Name: DisableRestrictedAdmin
- Type: REG_DWORD
- Value: 0

If restricted remote administration has not been enabled on the target system, this is a finding.

In the Registry Editor of the PAW system, verify the following registry key has a value of "1":

HKLM\Software\Policies\Microsoft\Windows\CredentialsDelegation
Name: RestrictedRemoteAdministration
Type: REG_DWORD
Value: 1

If restricted remote administration has not been enabled on the PAW and is not enforced by policy, this is a finding.</check-content></check></Rule></Group><Group id="V-243465"><title>SRG-OS-000480-GPOS-00227</title><description>&lt;GroupDescription&gt;&lt;/GroupDescription&gt;</description><Rule id="SV-243465r991589_rule" weight="10.0" severity="medium"><version>WPAW-00-002600</version><title>If several PAWs are set up in virtual machines (VMs) on a host server, domain administrative accounts used to manage high-value IT resources must not have access to the VM host operating system (OS) (only domain administrative accounts designated to manage PAWs should be able to access the VM host OS).</title><description>&lt;VulnDiscussion&gt;The VM host OS should be protected from high-value IT resource administrators accidently or deliberately modifying the security settings of the host OS. Therefore, high-value IT resource administrators must not have the ability to perform maintenance functions on the VM host OS platform.&lt;/VulnDiscussion&gt;&lt;FalsePositives&gt;&lt;/FalsePositives&gt;&lt;FalseNegatives&gt;&lt;/FalseNegatives&gt;&lt;Documentable&gt;false&lt;/Documentable&gt;&lt;Mitigations&gt;&lt;/Mitigations&gt;&lt;SeverityOverrideGuidance&gt;&lt;/SeverityOverrideGuidance&gt;&lt;PotentialImpacts&gt;&lt;/PotentialImpacts&gt;&lt;ThirdPartyTools&gt;&lt;/ThirdPartyTools&gt;&lt;MitigationControl&gt;&lt;/MitigationControl&gt;&lt;Responsibility&gt;&lt;/Responsibility&gt;&lt;IAControls&gt;&lt;/IAControls&gt;</description><reference><dc:title>DPMS Target Microsoft Windows PAW</dc:title><dc:publisher>DISA</dc:publisher><dc:type>DPMS Target</dc:type><dc:subject>Microsoft Windows PAW</dc:subject><dc:identifier>5405</dc:identifier></reference><ident system="http://cyber.mil/legacy">V-78187</ident><ident system="http://cyber.mil/legacy">SV-92893</ident><ident system="http://cyber.mil/cci">CCI-000366</ident><fixtext fixref="F-46697r722965_fix">Configure the VM host OS so only domain administrative accounts designated to manage PAWs have administrative rights on the VM host OS.</fixtext><fix id="F-46697r722965_fix" /><check system="C-46740r722964_chk"><check-content-ref href="Microsoft_Windows_PAW_STIG.xml" name="M" /><check-content>Verify at least one group has been set up in Active Directory (usually Tier 0) for administrators responsible for maintaining VM host OSs (usually the same as the PAW workstation administrator's group).

Verify no administrator account or administrator account group has been assigned to both the group of VM host OS administrators and any group for administrators of high-value IT resources.

If separate VM host OS administrator groups and administrators of high-value IT resources have not been set up, this is a finding.</check-content></check></Rule></Group></Benchmark>