<?xml version="1.0" encoding="utf-8"?><?xml-stylesheet type='text/xsl' href='STIG_unclass.xsl'?><Benchmark xmlns:dc="http://purl.org/dc/elements/1.1/" xmlns:xsi="http://www.w3.org/2001/XMLSchema-instance" xmlns:cpe="http://cpe.mitre.org/language/2.0" xmlns:xhtml="http://www.w3.org/1999/xhtml" xmlns:dsig="http://www.w3.org/2000/09/xmldsig#" xsi:schemaLocation="http://checklists.nist.gov/xccdf/1.1 http://nvd.nist.gov/schema/xccdf-1.1.4.xsd http://cpe.mitre.org/dictionary/2.0 http://cpe.mitre.org/files/cpe-dictionary_2.1.xsd" id="zOS_IBM_Health_Checker_for_ACF2" xml:lang="en" xmlns="http://checklists.nist.gov/xccdf/1.1"><status date="2022-10-06">accepted</status><title>z/OS IBM Health Checker for ACF2 Security Technical Implementation Guide</title><description>This Security Technical Implementation Guide is published as a tool to improve the security of Department of Defense (DoD) information systems. The requirements are derived from the National Institute of Standards and Technology (NIST) 800-53 and related documents. Comments or proposed revisions to this document should be sent via email to the following address: disa.stig_spt@mail.mil.</description><notice id="terms-of-use" xml:lang="en"></notice><front-matter xml:lang="en"></front-matter><rear-matter xml:lang="en"></rear-matter><reference href="https://cyber.mil"><dc:publisher>DISA</dc:publisher><dc:source>STIG.DOD.MIL</dc:source></reference><plain-text id="release-info">Release: 3 Benchmark Date: 23 Nov 2022</plain-text><plain-text id="generator">3.4.0.34222</plain-text><plain-text id="conventionsVersion">1.10.0</plain-text><version>6</version><Profile id="MAC-1_Classified"><title>I - Mission Critical Classified</title><description>&lt;ProfileDescription&gt;&lt;/ProfileDescription&gt;</description><select idref="V-224314" selected="true" /><select idref="V-224315" selected="true" /></Profile><Profile id="MAC-1_Public"><title>I - Mission Critical Public</title><description>&lt;ProfileDescription&gt;&lt;/ProfileDescription&gt;</description><select idref="V-224314" selected="true" /><select idref="V-224315" selected="true" /></Profile><Profile id="MAC-1_Sensitive"><title>I - Mission Critical Sensitive</title><description>&lt;ProfileDescription&gt;&lt;/ProfileDescription&gt;</description><select idref="V-224314" selected="true" /><select idref="V-224315" selected="true" /></Profile><Profile id="MAC-2_Classified"><title>II - Mission Support Classified</title><description>&lt;ProfileDescription&gt;&lt;/ProfileDescription&gt;</description><select idref="V-224314" selected="true" /><select idref="V-224315" selected="true" /></Profile><Profile id="MAC-2_Public"><title>II - Mission Support Public</title><description>&lt;ProfileDescription&gt;&lt;/ProfileDescription&gt;</description><select idref="V-224314" selected="true" /><select idref="V-224315" selected="true" /></Profile><Profile id="MAC-2_Sensitive"><title>II - Mission Support Sensitive</title><description>&lt;ProfileDescription&gt;&lt;/ProfileDescription&gt;</description><select idref="V-224314" selected="true" /><select idref="V-224315" selected="true" /></Profile><Profile id="MAC-3_Classified"><title>III - Administrative Classified</title><description>&lt;ProfileDescription&gt;&lt;/ProfileDescription&gt;</description><select idref="V-224314" selected="true" /><select idref="V-224315" selected="true" /></Profile><Profile id="MAC-3_Public"><title>III - Administrative Public</title><description>&lt;ProfileDescription&gt;&lt;/ProfileDescription&gt;</description><select idref="V-224314" selected="true" /><select idref="V-224315" selected="true" /></Profile><Profile id="MAC-3_Sensitive"><title>III - Administrative Sensitive</title><description>&lt;ProfileDescription&gt;&lt;/ProfileDescription&gt;</description><select idref="V-224314" selected="true" /><select idref="V-224315" selected="true" /></Profile><Group id="V-224314"><title>SRG-OS-000259</title><description>&lt;GroupDescription&gt;&lt;/GroupDescription&gt;</description><Rule id="SV-224314r868165_rule" weight="10.0" severity="medium"><version>ZHCKA001</version><title>IBM Health Checker STC data sets will be properly protected.</title><description>&lt;VulnDiscussion&gt;IBM Health Checker STC data sets have the ability to use privileged functions and/or have access to sensitive data. Failure to properly restrict access to these data sets could result in violating the integrity of the base product which could result in compromising the operating system or sensitive data.&lt;/VulnDiscussion&gt;&lt;FalsePositives&gt;&lt;/FalsePositives&gt;&lt;FalseNegatives&gt;&lt;/FalseNegatives&gt;&lt;Documentable&gt;false&lt;/Documentable&gt;&lt;Mitigations&gt;&lt;/Mitigations&gt;&lt;SeverityOverrideGuidance&gt;&lt;/SeverityOverrideGuidance&gt;&lt;PotentialImpacts&gt;&lt;/PotentialImpacts&gt;&lt;ThirdPartyTools&gt;&lt;/ThirdPartyTools&gt;&lt;MitigationControl&gt;&lt;/MitigationControl&gt;&lt;Responsibility&gt;&lt;/Responsibility&gt;&lt;IAControls&gt;&lt;/IAControls&gt;</description><reference><dc:title>DPMS Target zOS IBM Health Checker for ACF2</dc:title><dc:publisher>DISA</dc:publisher><dc:type>DPMS Target</dc:type><dc:subject>zOS IBM Health Checker for ACF2</dc:subject><dc:identifier>4123</dc:identifier></reference><ident system="http://cyber.mil/legacy">SV-43171</ident><ident system="http://cyber.mil/legacy">V-17067</ident><ident system="http://cyber.mil/cci">CCI-001499</ident><fixtext fixref="F-25979r868164_fix">The ISSO will ensure that WRITE and/or greater access to IBM Health Checker STC data sets is limited to systems programmers and/or IBM Health Checker's STC(s) and/or batch user(s) only. READ access can be given to auditors.

The installing systems programmer will identify and document the product data sets and categorize them according to who will have WRITE and/or greater access and if required that all WRITE and/or greater access is logged. The installing systems programmer will identify if any additional groups have WRITE and/or greater access for specific data sets, and once documented will work with the ISSO to ensure they are properly restricted to the ACP (Access Control Program) active on the system. The dataset to be protected can be found in the HZSPROC STC member in HZSPDATA DD statement.

Data sets to be protected will be:
SYS3.*.HZSPDATA

The following commands are provided as a sample for implementing data set controls:

$KEY(S3A)
$PREFIX(SYS3)
MVA.HZSPDATA UID(syspaudt) R(A) W(A) A(A) E(A)
MVA.HZSPDATA UID(Health Checker STCs) R(A) W(A) A(A) E(A)
MVA.HZSPDATA UID(audtaudt) R(A) E(A)</fixtext><fix id="F-25979r868164_fix" /><check system="C-25991r868163_chk"><check-content-ref href="zOS_IBM_Health_Checker_for_ACF2_STIG.xml" name="M" /><check-content>Refer to the following report produced by the Data Set and Resource Data Collection:

- SENSITVE.RPT(HCKSTC)

Automated Analysis
Refer to the following report produced by the Data Set and Resource Data Collection:

- PDI(ZHCK0001)

Verify that the accesses to the IBM Health Checker STC data sets are properly restricted. If the following guidance is true, this is not a finding.

___ The ACF2 data set rules for the data sets restricts READ access to auditors.

___ The ACF2 data set rules for the data sets restricts WRITE and/or greater access to systems programming personnel.

___ The ACF2 data set rules for the data sets restricts WRITE and/or greater access to the IBM Health Checker's STC(s) and/or batch user(s).</check-content></check></Rule></Group><Group id="V-224315"><title>SRG-OS-000104</title><description>&lt;GroupDescription&gt;&lt;/GroupDescription&gt;</description><Rule id="SV-224315r520321_rule" weight="10.0" severity="medium"><version>ZHCKA030</version><title>IBM Health Checker Started Task name will be properly identified and/or defined to the system ACP.</title><description>&lt;VulnDiscussion&gt;IBM Health Checker requires a started task that will be restricted to certain resources, datasets and other system functions. By defining the started task as a userid to the system ACP, It allows the ACP to control the access and authorized users that require these capabilities. Failure to properly control these capabilities, could compromise of the operating system environment, ACP, and customer data.&lt;/VulnDiscussion&gt;&lt;FalsePositives&gt;&lt;/FalsePositives&gt;&lt;FalseNegatives&gt;&lt;/FalseNegatives&gt;&lt;Documentable&gt;false&lt;/Documentable&gt;&lt;Mitigations&gt;&lt;/Mitigations&gt;&lt;SeverityOverrideGuidance&gt;&lt;/SeverityOverrideGuidance&gt;&lt;PotentialImpacts&gt;&lt;/PotentialImpacts&gt;&lt;ThirdPartyTools&gt;&lt;/ThirdPartyTools&gt;&lt;MitigationControl&gt;&lt;/MitigationControl&gt;&lt;Responsibility&gt;&lt;/Responsibility&gt;&lt;IAControls&gt;&lt;/IAControls&gt;</description><reference><dc:title>DPMS Target zOS IBM Health Checker for ACF2</dc:title><dc:publisher>DISA</dc:publisher><dc:type>DPMS Target</dc:type><dc:subject>zOS IBM Health Checker for ACF2</dc:subject><dc:identifier>4123</dc:identifier></reference><ident system="http://cyber.mil/legacy">SV-43181</ident><ident system="http://cyber.mil/legacy">V-17452</ident><ident system="http://cyber.mil/cci">CCI-000764</ident><fixtext fixref="F-25980r520320_fix">The IAO working with the systems programmer will ensure the IBM Health Checker Started Task(s) is properly identified and/or defined to the System ACP. 

If the product requires a Started Task, verify that it is properly defined to the System ACP with the proper attributes.

Most installation manuals will indicate how the Started Task is identified and any additional attributes that must be specified.

The following commands are provided as a sample for defining Started Task(s):

SET LID
insert HZSPROC stc name('STC, IBM Health Checker')</fixtext><fix id="F-25980r520320_fix" /><check system="C-25992r520319_chk"><check-content-ref href="zOS_IBM_Health_Checker_for_ACF2_STIG.xml" name="M" /><check-content>Refer to the following report produced by the ACF2 Data Collection:

-	ACF2CMDS.RPT(ATTSTC)

Verify that the logonid(s) for the IBM Health Checker started task(s) is (are) properly defined.  If the following attributes are defined, this is not a finding.

STC</check-content></check></Rule></Group></Benchmark>