<?xml version="1.0" encoding="utf-8"?><?xml-stylesheet type='text/xsl' href='STIG_unclass.xsl'?><Benchmark xmlns:dc="http://purl.org/dc/elements/1.1/" xmlns:xsi="http://www.w3.org/2001/XMLSchema-instance" xmlns:cpe="http://cpe.mitre.org/language/2.0" xmlns:xhtml="http://www.w3.org/1999/xhtml" xmlns:dsig="http://www.w3.org/2000/09/xmldsig#" xsi:schemaLocation="http://checklists.nist.gov/xccdf/1.1 http://nvd.nist.gov/schema/xccdf-1.1.4.xsd http://cpe.mitre.org/dictionary/2.0 http://cpe.mitre.org/files/cpe-dictionary_2.1.xsd" id="zOS_BMC_CONTROL-M_for_RACF_STIG" xml:lang="en" xmlns="http://checklists.nist.gov/xccdf/1.1"><status date="2024-12-16">accepted</status><title>z/OS BMC CONTROL-M for RACF Security Technical Implementation Guide</title><description>This Security Technical Implementation Guide is published as a tool to improve the security of Department of Defense (DOD) information systems. The requirements are derived from the National Institute of Standards and Technology (NIST) 800-53 and related documents. Comments or proposed revisions to this document should be sent via email to the following address: disa.stig_spt@mail.mil.</description><notice id="terms-of-use" xml:lang="en"></notice><front-matter xml:lang="en"></front-matter><rear-matter xml:lang="en"></rear-matter><reference href="https://cyber.mil"><dc:publisher>DISA</dc:publisher><dc:source>STIG.DOD.MIL</dc:source></reference><plain-text id="release-info">Release: 1 Benchmark Date: 30 Jan 2025</plain-text><plain-text id="generator">3.5</plain-text><plain-text id="conventionsVersion">1.10.0</plain-text><version>7</version><Profile id="MAC-1_Classified"><title>I - Mission Critical Classified</title><description>&lt;ProfileDescription&gt;&lt;/ProfileDescription&gt;</description><select idref="V-224396" selected="true" /><select idref="V-224397" selected="true" /><select idref="V-224398" selected="true" /><select idref="V-224399" selected="true" /><select idref="V-224400" selected="true" /><select idref="V-224401" selected="true" /><select idref="V-224402" selected="true" /><select idref="V-224403" selected="true" /><select idref="V-224404" selected="true" /></Profile><Profile id="MAC-1_Public"><title>I - Mission Critical Public</title><description>&lt;ProfileDescription&gt;&lt;/ProfileDescription&gt;</description><select idref="V-224396" selected="true" /><select idref="V-224397" selected="true" /><select idref="V-224398" selected="true" /><select idref="V-224399" selected="true" /><select idref="V-224400" selected="true" /><select idref="V-224401" selected="true" /><select idref="V-224402" selected="true" /><select idref="V-224403" selected="true" /><select idref="V-224404" selected="true" /></Profile><Profile id="MAC-1_Sensitive"><title>I - Mission Critical Sensitive</title><description>&lt;ProfileDescription&gt;&lt;/ProfileDescription&gt;</description><select idref="V-224396" selected="true" /><select idref="V-224397" selected="true" /><select idref="V-224398" selected="true" /><select idref="V-224399" selected="true" /><select idref="V-224400" selected="true" /><select idref="V-224401" selected="true" /><select idref="V-224402" selected="true" /><select idref="V-224403" selected="true" /><select idref="V-224404" selected="true" /></Profile><Profile id="MAC-2_Classified"><title>II - Mission Support Classified</title><description>&lt;ProfileDescription&gt;&lt;/ProfileDescription&gt;</description><select idref="V-224396" selected="true" /><select idref="V-224397" selected="true" /><select idref="V-224398" selected="true" /><select idref="V-224399" selected="true" /><select idref="V-224400" selected="true" /><select idref="V-224401" selected="true" /><select idref="V-224402" selected="true" /><select idref="V-224403" selected="true" /><select idref="V-224404" selected="true" /></Profile><Profile id="MAC-2_Public"><title>II - Mission Support Public</title><description>&lt;ProfileDescription&gt;&lt;/ProfileDescription&gt;</description><select idref="V-224396" selected="true" /><select idref="V-224397" selected="true" /><select idref="V-224398" selected="true" /><select idref="V-224399" selected="true" /><select idref="V-224400" selected="true" /><select idref="V-224401" selected="true" /><select idref="V-224402" selected="true" /><select idref="V-224403" selected="true" /><select idref="V-224404" selected="true" /></Profile><Profile id="MAC-2_Sensitive"><title>II - Mission Support Sensitive</title><description>&lt;ProfileDescription&gt;&lt;/ProfileDescription&gt;</description><select idref="V-224396" selected="true" /><select idref="V-224397" selected="true" /><select idref="V-224398" selected="true" /><select idref="V-224399" selected="true" /><select idref="V-224400" selected="true" /><select idref="V-224401" selected="true" /><select idref="V-224402" selected="true" /><select idref="V-224403" selected="true" /><select idref="V-224404" selected="true" /></Profile><Profile id="MAC-3_Classified"><title>III - Administrative Classified</title><description>&lt;ProfileDescription&gt;&lt;/ProfileDescription&gt;</description><select idref="V-224396" selected="true" /><select idref="V-224397" selected="true" /><select idref="V-224398" selected="true" /><select idref="V-224399" selected="true" /><select idref="V-224400" selected="true" /><select idref="V-224401" selected="true" /><select idref="V-224402" selected="true" /><select idref="V-224403" selected="true" /><select idref="V-224404" selected="true" /></Profile><Profile id="MAC-3_Public"><title>III - Administrative Public</title><description>&lt;ProfileDescription&gt;&lt;/ProfileDescription&gt;</description><select idref="V-224396" selected="true" /><select idref="V-224397" selected="true" /><select idref="V-224398" selected="true" /><select idref="V-224399" selected="true" /><select idref="V-224400" selected="true" /><select idref="V-224401" selected="true" /><select idref="V-224402" selected="true" /><select idref="V-224403" selected="true" /><select idref="V-224404" selected="true" /></Profile><Profile id="MAC-3_Sensitive"><title>III - Administrative Sensitive</title><description>&lt;ProfileDescription&gt;&lt;/ProfileDescription&gt;</description><select idref="V-224396" selected="true" /><select idref="V-224397" selected="true" /><select idref="V-224398" selected="true" /><select idref="V-224399" selected="true" /><select idref="V-224400" selected="true" /><select idref="V-224401" selected="true" /><select idref="V-224402" selected="true" /><select idref="V-224403" selected="true" /><select idref="V-224404" selected="true" /></Profile><Group id="V-224396"><title>SRG-OS-000018</title><description>&lt;GroupDescription&gt;&lt;/GroupDescription&gt;</description><Rule id="SV-224396r1041332_rule" weight="10.0" severity="medium"><version>ZCTM0060</version><title>BMC CONTROL-M security exits are not installed or configured properly.</title><description>&lt;VulnDiscussion&gt;The BMC CONTROL-M security exits enable access authorization checking to BMC CONTROL-M commands, features, and online functionality. If these exit(s) is (are) not in place, activities by unauthorized users may result. BMC CONTROL-M security exit(s) interface with the ACP. If an unauthorized exit was introduced into the operating environment, system security could be weakened or bypassed. These exposures may result in the compromise of the operating system environment, ACP, and customer data.&lt;/VulnDiscussion&gt;&lt;FalsePositives&gt;&lt;/FalsePositives&gt;&lt;FalseNegatives&gt;&lt;/FalseNegatives&gt;&lt;Documentable&gt;false&lt;/Documentable&gt;&lt;Mitigations&gt;&lt;/Mitigations&gt;&lt;SeverityOverrideGuidance&gt;&lt;/SeverityOverrideGuidance&gt;&lt;PotentialImpacts&gt;&lt;/PotentialImpacts&gt;&lt;ThirdPartyTools&gt;&lt;/ThirdPartyTools&gt;&lt;MitigationControl&gt;&lt;/MitigationControl&gt;&lt;Responsibility&gt;&lt;/Responsibility&gt;&lt;IAControls&gt;&lt;/IAControls&gt;</description><reference><dc:title>DPMS Target zOS BMC CONTROL-M for RACF</dc:title><dc:publisher>DISA</dc:publisher><dc:type>DPMS Target</dc:type><dc:subject>zOS BMC CONTROL-M for RACF</dc:subject><dc:identifier>4136</dc:identifier></reference><ident system="http://cyber.mil/legacy">SV-32017</ident><ident system="http://cyber.mil/legacy">V-17985</ident><ident system="http://cyber.mil/cci">CCI-001744</ident><fixtext fixref="F-26061r1041331_fix">The systems programmer responsible for the BMC CONTROL-M will review the BMC CONTROL-M operating environment. Ensure that the following security exit(s) is (are) installed properly. Determine if the site has modified the following security exit(s):

CTMSE01
CTMSE02
CTMSE08

Ensure that the security exit(s) has (have) not been modified.

If the security exit(s) has (have) been modified, ensure the security exit(s) has (have) been checked as to not violate any security integrity within the system and approval documentation is on file.</fixtext><fix id="F-26061r1041331_fix" /><check system="C-26073r1041330_chk"><check-content-ref href="zOS_BMC_CONTROL-M_for_RACF_STIG.xml" name="M" /><check-content>Interview the systems programmer responsible for the BMC CONTROL-M. Determine if the site has modified the following security exit(s):

CTMSE01
CTMSE02
CTMSE08

Ensure the above security exit(s) has (have) not been modified.

If the above security exit(s) has (have) been modified, ensure that the security exit(s) has (have) been approved by the site systems programmer and the approval is on file for examination.</check-content></check></Rule></Group><Group id="V-224397"><title>SRG-OS-000080</title><description>&lt;GroupDescription&gt;&lt;/GroupDescription&gt;</description><Rule id="SV-224397r1041333_rule" weight="10.0" severity="medium"><version>ZCTMR000</version><title>BMC CONTROL-M installation data sets will be properly protected.</title><description>&lt;VulnDiscussion&gt;BMC CONTROL-M installation data sets have the ability to use privileged functions and/or have access to sensitive data. Failure to properly restrict access to these data sets could result in violating the integrity of the base product which could result in compromising the operating system or sensitive data.&lt;/VulnDiscussion&gt;&lt;FalsePositives&gt;&lt;/FalsePositives&gt;&lt;FalseNegatives&gt;&lt;/FalseNegatives&gt;&lt;Documentable&gt;false&lt;/Documentable&gt;&lt;Mitigations&gt;&lt;/Mitigations&gt;&lt;SeverityOverrideGuidance&gt;&lt;/SeverityOverrideGuidance&gt;&lt;PotentialImpacts&gt;&lt;/PotentialImpacts&gt;&lt;ThirdPartyTools&gt;&lt;/ThirdPartyTools&gt;&lt;MitigationControl&gt;&lt;/MitigationControl&gt;&lt;Responsibility&gt;&lt;/Responsibility&gt;&lt;IAControls&gt;&lt;/IAControls&gt;</description><reference><dc:title>DPMS Target zOS BMC CONTROL-M for RACF</dc:title><dc:publisher>DISA</dc:publisher><dc:type>DPMS Target</dc:type><dc:subject>zOS BMC CONTROL-M for RACF</dc:subject><dc:identifier>4136</dc:identifier></reference><ident system="http://cyber.mil/legacy">V-16932</ident><ident system="http://cyber.mil/legacy">SV-31898</ident><ident system="http://cyber.mil/cci">CCI-001499</ident><ident system="http://cyber.mil/cci">CCI-002234</ident><fixtext fixref="F-26062r868355_fix">The ISSO will ensure that WRITE and/or greater access to BMC CONTROL-M installation data sets are limited to systems programmers only, and all WRITE and/or greater access is logged. READ access can be given to auditors, automated operations, BMC users, operations, production control and scheduling personnel (domain level and decentralized), and BMC STCs and/or batch users. All failures and successful WRITE and/or greater accesses are logged.

The installing systems programmer will identify and document the product data sets and categorize them according to who will have update and alter access and if required that all update and allocate access is logged. The installing systems programmer will identify if any additional groups have update and/or alter access for specific data sets, and once documented will work with the ISSO to ensure they are properly restricted to the ACP (Access Control Program) active on the system.

(Note: The data sets and/or data set prefixes identified below are examples of a possible installation. The actual data sets and/or prefixes are determined when the product is actually installed on a system through the product's installation guide and can be site specific.)

Data sets to be protected will be: 
SYS2.IOA.*.CTMI.

The following commands are provided as a sample for implementing data set controls: 

ad 'SYS2.IOA.*.CTMI.**' uacc(none) owner(sys2) -
	audit(success(update) failures(read)) -
	data('BMC CONTROL-M Install DS')
pe 'SYS2.IOA.*.CTMI.**' id(&lt;syspaudt&gt;) acc(a)
pe 'SYS2.IOA.*.CTMI.**' id(&lt;audtaudt&gt;) acc(r)
pe 'SYS2.IOA.*.CTMI.**' id(&lt;autoaudt&gt;) acc(r)
pe 'SYS2.IOA.*.CTMI.**' id(&lt;bmcuser&gt;) acc(r)
pe 'SYS2.IOA.*.CTMI.**' id(&lt;dpcsaudt&gt;) acc(r)
pe 'SYS2.IOA.*.CTMI.**' id(&lt;operaudt&gt;) acc(r)
pe 'SYS2.IOA.*.CTMI.**' id(&lt;pcspaudt&gt;) acc(r)
pe 'SYS2.IOA.*.CTMI.**' id(CONTROLM) acc(r)

setr generic(dataset)</fixtext><fix id="F-26062r868355_fix" /><check system="C-26074r868354_chk"><check-content-ref href="zOS_BMC_CONTROL-M_for_RACF_STIG.xml" name="M" /><check-content>Refer to the following report produced by the Data Set and Resource Data Collection:

- SENSITVE.RPT(CTMRPT)

Automated Analysis
Refer to the following report produced by the Data Set and Resource Data Collection:

- PDI(ZCTM0000)

Verify that the accesses to the BMC CONTROL-M installation data sets are properly restricted. If the following guidance is true, this is not a finding.
 
___ The RACF data set access authorizations restrict READ access to auditors, automated operations, BMC users, operations, production control and scheduling personnel (domain level and decentralized), and BMC STCs and/or batch users.

___ The RACF data set access authorizations restrict WRITE and/or greater access to systems programming personnel.

___ The RACF data set access authorizations specify that all (i.e., failures and successes) WRITE and/or greater access are logged.

___ The RACF data set access authorizations specify UACC(NONE) and NOWARNING.</check-content></check></Rule></Group><Group id="V-224398"><title>SRG-OS-000259</title><description>&lt;GroupDescription&gt;&lt;/GroupDescription&gt;</description><Rule id="SV-224398r958616_rule" weight="10.0" severity="medium"><version>ZCTMR001</version><title>BMC CONTROL-M STC data sets will be properly protected.</title><description>&lt;VulnDiscussion&gt;BMC CONTROL-M STC data sets have the ability to use privileged functions and/or have access to sensitive data. Failure to properly restrict access to these data sets could result in violating the integrity of the base product which could result in compromising the operating system or sensitive data.&lt;/VulnDiscussion&gt;&lt;FalsePositives&gt;&lt;/FalsePositives&gt;&lt;FalseNegatives&gt;&lt;/FalseNegatives&gt;&lt;Documentable&gt;false&lt;/Documentable&gt;&lt;Mitigations&gt;&lt;/Mitigations&gt;&lt;SeverityOverrideGuidance&gt;&lt;/SeverityOverrideGuidance&gt;&lt;PotentialImpacts&gt;&lt;/PotentialImpacts&gt;&lt;ThirdPartyTools&gt;&lt;/ThirdPartyTools&gt;&lt;MitigationControl&gt;&lt;/MitigationControl&gt;&lt;Responsibility&gt;&lt;/Responsibility&gt;&lt;IAControls&gt;&lt;/IAControls&gt;</description><reference><dc:title>DPMS Target zOS BMC CONTROL-M for RACF</dc:title><dc:publisher>DISA</dc:publisher><dc:type>DPMS Target</dc:type><dc:subject>zOS BMC CONTROL-M for RACF</dc:subject><dc:identifier>4136</dc:identifier></reference><ident system="http://cyber.mil/legacy">V-17067</ident><ident system="http://cyber.mil/legacy">SV-31941</ident><ident system="http://cyber.mil/cci">CCI-001499</ident><fixtext fixref="F-26063r868358_fix">The ISSO will ensure that WRITE and/or greater access to BMC CONTROL-M STC data sets are limited to systems programmers only. UPDATE access can be given to scheduled batch jobs, operations, and production control and scheduling personnel, BMC STCs and/or batch users. READ access can be given to auditors and/or BMC users.

The installing systems programmer will identify and document the product data sets and categorize them according to who will have update and alter access and if required that all update and allocate access is logged. The installing systems programmer will identify if any additional groups have update and/or alter access for specific data sets, and once documented will work with the ISSO to ensure they are properly restricted to the ACP (Access Control Program) active on the system.

(Note:  The data sets and/or data set prefixes identified below are examples of a possible installation. The actual data sets and/or prefixes are determined when the product is actually installed on a system through the product's installation guide and can be site specific.)

Data sets to be protected will be: 
SYS3.IOA.*.CTMO.

The following commands are provided as a sample for implementing data set controls: 

ad 'SYS3.IOA.*.CTMO.**' uacc(none) owner(sys3) -
	audit(failures(read)) -
	data('BMC ControlM Started Task DS')
pe 'SYS3.IOA.*.CTMO.**' id(&lt;syspaudt&gt; &lt;tstcaudt&gt;) acc(a)
pe 'SYS3.IOA.*.CTMO.**' id(CONTROLM CONTDAY &lt;autoaudt&gt; &lt;operaudt&gt; &lt;pcspaudt&gt;) acc(u)
pe 'SYS3.IOA.*.CTMO.**' id(&lt;audtaudt&gt; &lt;bmcuser&gt;) acc(r)

setr generic(dataset) refresh</fixtext><fix id="F-26063r868358_fix" /><check system="C-26075r868357_chk"><check-content-ref href="zOS_BMC_CONTROL-M_for_RACF_STIG.xml" name="M" /><check-content>Refer to the following report produced by the Data Set and Resource Data Collection:

- SENSITVE.RPT(CTMSTC)

Automated Analysis
Refer to the following report produced by the Data Set and Resource Data Collection:

- PDI(ZCTM0001)

Verify that the accesses to the BMC CONTROL-M STC data sets are properly restricted. If the following guidance is true, this is not a finding.
 
___ The RACF data set access authorizations restricts READ access to auditors and BMC users.

___ The RACF data set access authorizations restricts WRITE and/or greater access to systems programming personnel.

___ The RACF data set access authorizations restricts UPDATE access to the BMC STCs and/or batch users.

___ The RACF data set access authorizations restricts UPDATE access to scheduled batch jobs, operations, and production control and scheduling personnel.

___ The RACF data set rules for the data sets specify UACC(NONE) and NOWARNING.</check-content></check></Rule></Group><Group id="V-224399"><title>SRG-OS-000080</title><description>&lt;GroupDescription&gt;&lt;/GroupDescription&gt;</description><Rule id="SV-224399r1041334_rule" weight="10.0" severity="medium"><version>ZCTMR002</version><title>BMC CONTROL-M User data sets will be properly protected.</title><description>&lt;VulnDiscussion&gt;BMC CONTROL-M User data sets, Repository, have the ability to use privileged functions and/or have access to sensitive data. Failure to properly restrict access to these data sets could result in violating the integrity of the base product which could result in compromising the operating system or sensitive data.&lt;/VulnDiscussion&gt;&lt;FalsePositives&gt;&lt;/FalsePositives&gt;&lt;FalseNegatives&gt;&lt;/FalseNegatives&gt;&lt;Documentable&gt;false&lt;/Documentable&gt;&lt;Mitigations&gt;&lt;/Mitigations&gt;&lt;SeverityOverrideGuidance&gt;&lt;/SeverityOverrideGuidance&gt;&lt;PotentialImpacts&gt;&lt;/PotentialImpacts&gt;&lt;ThirdPartyTools&gt;&lt;/ThirdPartyTools&gt;&lt;MitigationControl&gt;&lt;/MitigationControl&gt;&lt;Responsibility&gt;&lt;/Responsibility&gt;&lt;IAControls&gt;&lt;/IAControls&gt;</description><reference><dc:title>DPMS Target zOS BMC CONTROL-M for RACF</dc:title><dc:publisher>DISA</dc:publisher><dc:type>DPMS Target</dc:type><dc:subject>zOS BMC CONTROL-M for RACF</dc:subject><dc:identifier>4136</dc:identifier></reference><ident system="http://cyber.mil/legacy">SV-32160</ident><ident system="http://cyber.mil/legacy">V-21592</ident><ident system="http://cyber.mil/cci">CCI-001499</ident><fixtext fixref="F-26064r868361_fix">The ISSO will ensure that WRITE and/or greater access to BMC CONTROL-M User data sets are limited to systems programmers and/or BMC STCs and/or batch users only. UPDATE access can be given to the BMC Users, operations, and production control and scheduling personnel (both domain level and Application level). READ access can be given to auditors.

The installing systems programmer will identify and document the product data sets and categorize them according to who will have update and alter access and if required that all update and allocate access is logged. The installing systems programmer will identify if any additional groups have update and/or alter access for specific data sets, and once documented will work with the ISSO to ensure they are properly restricted to the ACP (Access Control Program) active on the system.

(Note: The data sets and/or data set prefixes identified below are examples of a possible installation. The actual data sets and/or prefixes are determined when the product is actually installed on a system through the product's installation guide and can be site specific.)

Data sets to be protected will be: 
SYS3.IOA.*.CTMC.

The following commands are provided as a sample for implementing data set controls: 

ad 'SYS3.IOA.*.CTMC.**' uacc(none) owner(sys3) -
	audit(failures(read)) -
	data('ControlM Repository Dataset')
pe 'SYS3.IOA.*.CTMC.**' id(&lt;syspaudt&gt;) acc(a)
pe 'SYS3.IOA.*.CTMC.**' id(BMC STCs) acc(a)
pe 'SYS3.IOA.*.CTMC.**' id(&lt;bmcuser&gt; &lt;operaudt&gt; &lt;pcspaudt&gt; &lt;dpcsaudt&gt;) acc(u)
pe 'SYS3.IOA.*.CTMC.**' id(&lt;audtaudt&gt;) acc(r)

setr generic(dataset) refresh</fixtext><fix id="F-26064r868361_fix" /><check system="C-26076r868360_chk"><check-content-ref href="zOS_BMC_CONTROL-M_for_RACF_STIG.xml" name="M" /><check-content>Refer to the following report produced by the Data Set and Resource Data Collection:

- SENSITVE.RPT(CTMUSER)

Automated Analysis
Refer to the following report produced by the Data Set and Resource Data Collection:

- PDI(ZCTM0002)

Verify that the accesses to the BMC CONTROL-M User data sets are properly restricted. If the following guidance is true, this is not a finding.
 
___ The RACF data set access authorizations restrict READ access to auditors.

___ The RACF data set access authorizations restrict WRITE and/or greater access to systems programming personnel.

___ The RACF data set access authorizations restrict WRITE and/or greater access to the BMC STCs and/or batch users.

___ The RACF data set access authorizations restrict UPDATE access to the BMC Users, operations, and production control and scheduling personnel (both domain level and Application level).

___ The RACF data set rules for the data sets specify UACC(NONE) and NOWARNING.</check-content></check></Rule></Group><Group id="V-224400"><title>SRG-OS-000018</title><description>&lt;GroupDescription&gt;&lt;/GroupDescription&gt;</description><Rule id="SV-224400r1041336_rule" weight="10.0" severity="medium"><version>ZCTMR003</version><title>BMC CONTROL-M User/Application JCL data sets must be properly protected.</title><description>&lt;VulnDiscussion&gt;BMC CONTROL-M User/Application JCL data sets have the ability to use privileged functions and/or have access to sensitive data. Failure to properly restrict access to these data sets could result in violating the integrity of the base product which could result in compromising the operating system or sensitive data.&lt;/VulnDiscussion&gt;&lt;FalsePositives&gt;&lt;/FalsePositives&gt;&lt;FalseNegatives&gt;&lt;/FalseNegatives&gt;&lt;Documentable&gt;false&lt;/Documentable&gt;&lt;Mitigations&gt;&lt;/Mitigations&gt;&lt;SeverityOverrideGuidance&gt;&lt;/SeverityOverrideGuidance&gt;&lt;PotentialImpacts&gt;&lt;/PotentialImpacts&gt;&lt;ThirdPartyTools&gt;&lt;/ThirdPartyTools&gt;&lt;MitigationControl&gt;&lt;/MitigationControl&gt;&lt;Responsibility&gt;&lt;/Responsibility&gt;&lt;IAControls&gt;&lt;/IAControls&gt;</description><reference><dc:title>DPMS Target zOS BMC CONTROL-M for RACF</dc:title><dc:publisher>DISA</dc:publisher><dc:type>DPMS Target</dc:type><dc:subject>zOS BMC CONTROL-M for RACF</dc:subject><dc:identifier>4136</dc:identifier></reference><ident system="http://cyber.mil/legacy">V-17072</ident><ident system="http://cyber.mil/legacy">SV-32216</ident><ident system="http://cyber.mil/cci">CCI-001499</ident><fixtext fixref="F-26065r1041335_fix">Ensure that update and alter access to BMC CONTROL-M User/Application JCL data sets are limited to BMC CONTROL-M administrators only. Update access can be given to the Production Control and Scheduling personnel and/or BMC CONTROL-M's STC(s) and/or BMC CONTROL-M's batch user(s). Read access can be given to auditors and automated batch user(s).

The installing systems programmer will identify and document the product data sets and categorize them according to who will have update and alter access and if required that all update and allocate access is logged. 

The installing systems programmer will identify if any additional groups have update and/or alter access for specific data sets, and once documented will work with the ISSO to see that they are properly restricted to the ACP (Access Control Program) active on the system.

Data sets to be protected will be: 
IOA.**

The following commands are provided as a sample for implementing data set controls: 

ad 'IOA.**' uacc(none) owner(IOA) -
	data('ControlM User Datasets')
pe 'IOA.**' id(&lt;syspaudt&gt;) acc(a)
pe 'IOA.**' id(&lt;audtaudt&gt; &lt;autoaudt&gt;) acc(r)
pe 'IOA.**' id(&lt;bmcuser&gt; &lt;bmcbatch&gt; &lt;operaudt&gt; &lt;pcspaudt&gt;) acc(r)
pe 'IOA.**' id(CONTROLM CONTDAY) acc(r)

setr generic(dataset) refresh</fixtext><fix id="F-26065r1041335_fix" /><check system="C-26077r868364_chk"><check-content-ref href="zOS_BMC_CONTROL-M_for_RACF_STIG.xml" name="M" /><check-content>Refer to the following report produced by the Data Set and Resource Data Collection:

- SENSITVE.RPT(CTMJCL)

Automated Analysis
Refer to the following report produced by the Data Set and Resource Data Collection:

- PDI(ZCTM0003)

Verify that the accesses to the BMC CONTROL-M User/Application JCL data sets are limited to only those who require access to perform their job duties. If the following guidance is true, this is not a finding.

___ The RACF data set access authorizations restrict READ access to auditors, automated batch user(s), BMC user(s), and operations.

___ The RACF data set access authorizations restrict WRITE and/or greater access to BMC CONTROL-M administrators and systems programming personnel.

___ The RACF data set access authorizations restrict UPDATE access to the Production Control and Scheduling personnel (both domain level and Application level) and BMC STCs and/or batch users. Accesses must be reviewed and approved by the ISSO based on a documented need to perform job duties. Application (external users) will not have access to internal/site data sets. 

Note: Update or greater access of the site's DASD Administrator Batch Processing JCL and Procedures must be limited to only the LPAR level DASD Administrators. Update or greater access of the site's (LPAR Level) IA (Security) administrative batch processing JCL and Procedures must be limited to only the LPAR LEVEL ISSO/ISSM Team. It is recommended that multiple data sets be created, one of which that contains JCL and Procedures that are considered restricted and this data set be authorized to those users with justification to maintain and run these restricted JCL and Procedures.

___ The RACF data set access authorizations specify UACC(NONE) and NOWARNING.</check-content></check></Rule></Group><Group id="V-224401"><title>SRG-OS-000018</title><description>&lt;GroupDescription&gt;&lt;/GroupDescription&gt;</description><Rule id="SV-224401r1041339_rule" weight="10.0" severity="medium"><version>ZCTMR020</version><title>BMC C0NTROL-M resources must be properly defined and protected.</title><description>&lt;VulnDiscussion&gt;BMC CONTROL-M can run with sensitive system privileges, and potentially can circumvent system controls. Failure to properly control access to product resources could result in the compromise of the operating system environment, and compromise the confidentiality of customer data. Many utilities assign resource controls that can be granted to systems programmers only in greater than read authority. Resources are also granted to certain non-systems personnel with read only authority.&lt;/VulnDiscussion&gt;&lt;FalsePositives&gt;&lt;/FalsePositives&gt;&lt;FalseNegatives&gt;&lt;/FalseNegatives&gt;&lt;Documentable&gt;false&lt;/Documentable&gt;&lt;Mitigations&gt;&lt;/Mitigations&gt;&lt;SeverityOverrideGuidance&gt;&lt;/SeverityOverrideGuidance&gt;&lt;PotentialImpacts&gt;&lt;/PotentialImpacts&gt;&lt;ThirdPartyTools&gt;&lt;/ThirdPartyTools&gt;&lt;MitigationControl&gt;&lt;/MitigationControl&gt;&lt;Responsibility&gt;&lt;/Responsibility&gt;&lt;IAControls&gt;&lt;/IAControls&gt;</description><reference><dc:title>DPMS Target zOS BMC CONTROL-M for RACF</dc:title><dc:publisher>DISA</dc:publisher><dc:type>DPMS Target</dc:type><dc:subject>zOS BMC CONTROL-M for RACF</dc:subject><dc:identifier>4136</dc:identifier></reference><ident system="http://cyber.mil/legacy">SV-32059</ident><ident system="http://cyber.mil/legacy">V-17947</ident><ident system="http://cyber.mil/cci">CCI-000213</ident><ident system="http://cyber.mil/cci">CCI-002234</ident><fixtext fixref="F-26066r1041338_fix">Verify that the following are properly specified in the ACP.

Note: To determine what resource class is used review the IOACLASS setting in SECPARM. The "Trigger" resources, i.e., $$SECxxx (xxx is unique to the product) are defined in the FACILITY resource class

(Note: The resource class, resources, and/or resource prefixes identified below are examples of a possible installation. The actual resource class, resources, and/or resource prefixes are determined when the product is actually installed on a system through the product's installation guide and can be site specific.)

Use BMC CONTROL-M Resources and BMC INCONTROL Resources Descriptions tables in the zOS STIG Addendum. These tables list the resources, descriptions, and access and logging requirements. Ensure the guidelines for the resources and/or generic equivalent specified in the z/OS STIG Addendum are followed.

Note: It is the responsibility of the ISSM to determine and document appropriate personnel for access in accordance with DoD 8500.1 para 18(a),(b),(c).

The following commands are provided as a sample for implementing resource controls:

rdef $ioa $$ctmpnl3.** uacc(none) owner(admin) -
audit(failure(read)) -
data('protected per zctmr020')

pe $$ctmpnl3.** cl($ioa) id(BMC STCs) acc(alter)
pe $$ctmpnl3.** cl($ioa) id(&lt;operaudt&gt;) acc(alter)
pe $$ctmpnl3.** cl($ioa) id(&lt;pcspaudt&gt;) acc(alter)
pe $$ctmpnl3.** cl($ioa) id(&lt;syspaudt&gt;) acc(alter)</fixtext><fix id="F-26066r1041338_fix" /><check system="C-26078r1041337_chk"><check-content-ref href="zOS_BMC_CONTROL-M_for_RACF_STIG.xml" name="M" /><check-content>Refer to the following report produced by the Data Set and Resource Data Collection:

- SENSITVE.RPT(ZCTM0020)

Automated Analysis
Refer to the following report produced by the Data Set and Resource Data Collection:

- PDI(ZCTM0020)

Verify that the accesses to resources and/or generic equivalent are properly restricted according to the requirements specified in BMC CONTROL-M Resources table in the z/OS STIG Addendum. If the following guidance is true, this is not a finding.

Note: To determine what resource class is used review the IOACLASS setting in SECPARM. The "Trigger" resources, i.e., $$SECxxx (xxx is unique to the product) are defined in the FACILITY resource class

___ The RACF resources are defined with a default access of NONE.

___ The RACF resource access authorizations restrict access to the appropriate personnel.

___ The RACF resource logging requirements are specified.

___ The RACF resource access authorizations are defined with UACC(NONE) and NOWARNING.</check-content></check></Rule></Group><Group id="V-224402"><title>SRG-OS-000104</title><description>&lt;GroupDescription&gt;&lt;/GroupDescription&gt;</description><Rule id="SV-224402r958482_rule" weight="10.0" severity="medium"><version>ZCTMR030</version><title>BMC CONTROL-M Started Task name is not properly identified / defined to the system ACP.</title><description>&lt;VulnDiscussion&gt;BMC CONTROL-M requires a started task that will be restricted to certain resources, datasets and other system functions. By defining the started task as a userid to the system ACP, It allows the ACP to control the access and authorized users that require these capabilities. Failure to properly control these capabilities, could compromise of the operating system environment, ACP, and customer data.&lt;/VulnDiscussion&gt;&lt;FalsePositives&gt;&lt;/FalsePositives&gt;&lt;FalseNegatives&gt;&lt;/FalseNegatives&gt;&lt;Documentable&gt;false&lt;/Documentable&gt;&lt;Mitigations&gt;&lt;/Mitigations&gt;&lt;SeverityOverrideGuidance&gt;&lt;/SeverityOverrideGuidance&gt;&lt;PotentialImpacts&gt;&lt;/PotentialImpacts&gt;&lt;ThirdPartyTools&gt;&lt;/ThirdPartyTools&gt;&lt;MitigationControl&gt;&lt;/MitigationControl&gt;&lt;Responsibility&gt;&lt;/Responsibility&gt;&lt;IAControls&gt;&lt;/IAControls&gt;</description><reference><dc:title>DPMS Target zOS BMC CONTROL-M for RACF</dc:title><dc:publisher>DISA</dc:publisher><dc:type>DPMS Target</dc:type><dc:subject>zOS BMC CONTROL-M for RACF</dc:subject><dc:identifier>4136</dc:identifier></reference><ident system="http://cyber.mil/legacy">SV-32071</ident><ident system="http://cyber.mil/legacy">V-17452</ident><ident system="http://cyber.mil/cci">CCI-000764</ident><fixtext fixref="F-26067r518759_fix">The BMC CONTROL-M system programmer and the IAO will ensure that a product's Started Task(s) is properly Identified / defined to the System ACP. 

If the product requires a Started Task, verify that it is properly defined to the System ACP with the proper attributes.

Most installation manuals will indicate how the Started Task is identified and any additional attributes that must be specified.

A sample is provided here:

au CONTROLM name('stc, BMC CONTROL-M') owner(stc) dfltgrp(stc) nopass</fixtext><fix id="F-26067r518759_fix" /><check system="C-26079r518758_chk"><check-content-ref href="zOS_BMC_CONTROL-M_for_RACF_STIG.xml" name="M" /><check-content>Refer to the following report produced by the RACF Data Collection:

-	RACFCMDS.RPT(LISTUSER)

The BMC CONTROL-M started task(s) and/or batch job userid(s) is defined and is assigned the RACF PROTECTED attribute.</check-content></check></Rule></Group><Group id="V-224403"><title>SRG-OS-000104</title><description>&lt;GroupDescription&gt;&lt;/GroupDescription&gt;</description><Rule id="SV-224403r958482_rule" weight="10.0" severity="medium"><version>ZCTMR032</version><title>BMC CONTROL-M Started task(s) must be properly defined to the STARTED resource class for RACF.</title><description>&lt;VulnDiscussion&gt;Access to product resources should be restricted to only those individuals responsible for the application connectivity and who have a requirement to access these resources.  Improper control of product resources could potentially compromise the operating system, ACP, and customer data.&lt;/VulnDiscussion&gt;&lt;FalsePositives&gt;&lt;/FalsePositives&gt;&lt;FalseNegatives&gt;&lt;/FalseNegatives&gt;&lt;Documentable&gt;false&lt;/Documentable&gt;&lt;Mitigations&gt;&lt;/Mitigations&gt;&lt;SeverityOverrideGuidance&gt;&lt;/SeverityOverrideGuidance&gt;&lt;PotentialImpacts&gt;&lt;/PotentialImpacts&gt;&lt;ThirdPartyTools&gt;&lt;/ThirdPartyTools&gt;&lt;MitigationControl&gt;&lt;/MitigationControl&gt;&lt;Responsibility&gt;&lt;/Responsibility&gt;&lt;IAControls&gt;&lt;/IAControls&gt;</description><reference><dc:title>DPMS Target zOS BMC CONTROL-M for RACF</dc:title><dc:publisher>DISA</dc:publisher><dc:type>DPMS Target</dc:type><dc:subject>zOS BMC CONTROL-M for RACF</dc:subject><dc:identifier>4136</dc:identifier></reference><ident system="http://cyber.mil/legacy">SV-32157</ident><ident system="http://cyber.mil/legacy">V-17454</ident><ident system="http://cyber.mil/cci">CCI-000764</ident><fixtext fixref="F-26068r518762_fix">The BMC CONTROL-M system programmer and the IAO will ensure that a product's started task(s) is (are) properly identified and/or defined to the System ACP. 

A unique userid must be assigned for the BMC CONTROL-M started task(s) thru a corresponding STARTED class entry.

The following sample set of commands is shown here as a guideline:

rdef started CONTROLM.** uacc(none) owner(admin) audit(all(read)) stdata(user(CONTROLM) group(stc))

setr racl(started) ref</fixtext><fix id="F-26068r518762_fix" /><check system="C-26080r518761_chk"><check-content-ref href="zOS_BMC_CONTROL-M_for_RACF_STIG.xml" name="M" /><check-content>Refer to the following report produced by the RACF Data Collection:

-	DSMON.RPT(RACSPT)

Automated Analysis
Refer to the following report produced by the RACF Data Collection:

-	PDI(ZCTM0032)

Verify that the BMC CONTROL-M started task(s) is (are) defined to the STARTED resource class profile and/or ICHRIN03 table entry.</check-content></check></Rule></Group><Group id="V-224404"><title>SRG-OS-000018</title><description>&lt;GroupDescription&gt;&lt;/GroupDescription&gt;</description><Rule id="SV-224404r1041341_rule" weight="10.0" severity="medium"><version>ZCTMR040</version><title>BMC CONTROL-M configuration/parameter values must be specified properly.</title><description>&lt;VulnDiscussion&gt;BMC CONTROL-M configuration/parameters control the security and operational characteristics of products. If these parameter values are improperly specified, security and operational controls may be weakened. This exposure may threaten the availability of the product applications, and compromise the confidentiality of customer data.&lt;/VulnDiscussion&gt;&lt;FalsePositives&gt;&lt;/FalsePositives&gt;&lt;FalseNegatives&gt;&lt;/FalseNegatives&gt;&lt;Documentable&gt;false&lt;/Documentable&gt;&lt;Mitigations&gt;&lt;/Mitigations&gt;&lt;SeverityOverrideGuidance&gt;&lt;/SeverityOverrideGuidance&gt;&lt;PotentialImpacts&gt;&lt;/PotentialImpacts&gt;&lt;ThirdPartyTools&gt;&lt;/ThirdPartyTools&gt;&lt;MitigationControl&gt;&lt;/MitigationControl&gt;&lt;Responsibility&gt;&lt;/Responsibility&gt;&lt;IAControls&gt;&lt;/IAControls&gt;</description><reference><dc:title>DPMS Target zOS BMC CONTROL-M for RACF</dc:title><dc:publisher>DISA</dc:publisher><dc:type>DPMS Target</dc:type><dc:subject>zOS BMC CONTROL-M for RACF</dc:subject><dc:identifier>4136</dc:identifier></reference><ident system="http://cyber.mil/legacy">SV-31979</ident><ident system="http://cyber.mil/legacy">V-18014</ident><ident system="http://cyber.mil/cci">CCI-000381</ident><fixtext fixref="F-26069r518765_fix">Configure the standard values for the BMC CONTROL-M security parameters for the specific ACP environment along with additional IOA security parameters with standard values as documented below.

Keyword	Value
DEFMCHKM	$$CTMEDM
SECTOLM	NO
DFMM01	EXTEND
DFMM02	EXTEND
DFMM08	EXTEND
RACJCARD	U
MSUBCHK	NO</fixtext><fix id="F-26069r518765_fix" /><check system="C-26081r1041340_chk"><check-content-ref href="zOS_BMC_CONTROL-M_for_RACF_STIG.xml" name="M" /><check-content>Refer to the following applicable reports produced by the z/OS Data Collection:

- IOA.RPT(SECPARM)

Automated Analysis
Refer to the following report produced by the z/OS Data Collection:

- PDI(ZCTM0040)

The following keywords will have the specified values in the BMC CONTROL-M security parameter member:

Keyword	Value
DEFMCHKM	$$CTMEDM
SECTOLM	NO
DFMM01	EXTEND
DFMM02	EXTEND
DFMM08	EXTEND
RACJCARD	U
MSUBCHK	NO</check-content></check></Rule></Group></Benchmark>