<?xml version="1.0" encoding="utf-8"?><?xml-stylesheet type='text/xsl' href='STIG_unclass.xsl'?><Benchmark xmlns:dc="http://purl.org/dc/elements/1.1/" xmlns:xsi="http://www.w3.org/2001/XMLSchema-instance" xmlns:cpe="http://cpe.mitre.org/language/2.0" xmlns:xhtml="http://www.w3.org/1999/xhtml" xmlns:dsig="http://www.w3.org/2000/09/xmldsig#" xsi:schemaLocation="http://checklists.nist.gov/xccdf/1.1 http://nvd.nist.gov/schema/xccdf-1.1.4.xsd http://cpe.mitre.org/dictionary/2.0 http://cpe.mitre.org/files/cpe-dictionary_2.1.xsd" id="zOS_BMC_CONTROL-D_for_RACF_STIG" xml:lang="en" xmlns="http://checklists.nist.gov/xccdf/1.1"><status date="2024-12-16">accepted</status><title>z/OS BMC CONTROL-D for RACF Security Technical Implementation Guide</title><description>This Security Technical Implementation Guide is published as a tool to improve the security of Department of Defense (DOD) information systems. The requirements are derived from the National Institute of Standards and Technology (NIST) 800-53 and related documents. Comments or proposed revisions to this document should be sent via email to the following address: disa.stig_spt@mail.mil.</description><notice id="terms-of-use" xml:lang="en"></notice><front-matter xml:lang="en"></front-matter><rear-matter xml:lang="en"></rear-matter><reference href="https://cyber.mil"><dc:publisher>DISA</dc:publisher><dc:source>STIG.DOD.MIL</dc:source></reference><plain-text id="release-info">Release: 1 Benchmark Date: 30 Jan 2025</plain-text><plain-text id="generator">3.5</plain-text><plain-text id="conventionsVersion">1.10.0</plain-text><version>7</version><Profile id="MAC-1_Classified"><title>I - Mission Critical Classified</title><description>&lt;ProfileDescription&gt;&lt;/ProfileDescription&gt;</description><select idref="V-224388" selected="true" /><select idref="V-224389" selected="true" /><select idref="V-224390" selected="true" /><select idref="V-224391" selected="true" /><select idref="V-224392" selected="true" /><select idref="V-224393" selected="true" /><select idref="V-224394" selected="true" /><select idref="V-224395" selected="true" /></Profile><Profile id="MAC-1_Public"><title>I - Mission Critical Public</title><description>&lt;ProfileDescription&gt;&lt;/ProfileDescription&gt;</description><select idref="V-224388" selected="true" /><select idref="V-224389" selected="true" /><select idref="V-224390" selected="true" /><select idref="V-224391" selected="true" /><select idref="V-224392" selected="true" /><select idref="V-224393" selected="true" /><select idref="V-224394" selected="true" /><select idref="V-224395" selected="true" /></Profile><Profile id="MAC-1_Sensitive"><title>I - Mission Critical Sensitive</title><description>&lt;ProfileDescription&gt;&lt;/ProfileDescription&gt;</description><select idref="V-224388" selected="true" /><select idref="V-224389" selected="true" /><select idref="V-224390" selected="true" /><select idref="V-224391" selected="true" /><select idref="V-224392" selected="true" /><select idref="V-224393" selected="true" /><select idref="V-224394" selected="true" /><select idref="V-224395" selected="true" /></Profile><Profile id="MAC-2_Classified"><title>II - Mission Support Classified</title><description>&lt;ProfileDescription&gt;&lt;/ProfileDescription&gt;</description><select idref="V-224388" selected="true" /><select idref="V-224389" selected="true" /><select idref="V-224390" selected="true" /><select idref="V-224391" selected="true" /><select idref="V-224392" selected="true" /><select idref="V-224393" selected="true" /><select idref="V-224394" selected="true" /><select idref="V-224395" selected="true" /></Profile><Profile id="MAC-2_Public"><title>II - Mission Support Public</title><description>&lt;ProfileDescription&gt;&lt;/ProfileDescription&gt;</description><select idref="V-224388" selected="true" /><select idref="V-224389" selected="true" /><select idref="V-224390" selected="true" /><select idref="V-224391" selected="true" /><select idref="V-224392" selected="true" /><select idref="V-224393" selected="true" /><select idref="V-224394" selected="true" /><select idref="V-224395" selected="true" /></Profile><Profile id="MAC-2_Sensitive"><title>II - Mission Support Sensitive</title><description>&lt;ProfileDescription&gt;&lt;/ProfileDescription&gt;</description><select idref="V-224388" selected="true" /><select idref="V-224389" selected="true" /><select idref="V-224390" selected="true" /><select idref="V-224391" selected="true" /><select idref="V-224392" selected="true" /><select idref="V-224393" selected="true" /><select idref="V-224394" selected="true" /><select idref="V-224395" selected="true" /></Profile><Profile id="MAC-3_Classified"><title>III - Administrative Classified</title><description>&lt;ProfileDescription&gt;&lt;/ProfileDescription&gt;</description><select idref="V-224388" selected="true" /><select idref="V-224389" selected="true" /><select idref="V-224390" selected="true" /><select idref="V-224391" selected="true" /><select idref="V-224392" selected="true" /><select idref="V-224393" selected="true" /><select idref="V-224394" selected="true" /><select idref="V-224395" selected="true" /></Profile><Profile id="MAC-3_Public"><title>III - Administrative Public</title><description>&lt;ProfileDescription&gt;&lt;/ProfileDescription&gt;</description><select idref="V-224388" selected="true" /><select idref="V-224389" selected="true" /><select idref="V-224390" selected="true" /><select idref="V-224391" selected="true" /><select idref="V-224392" selected="true" /><select idref="V-224393" selected="true" /><select idref="V-224394" selected="true" /><select idref="V-224395" selected="true" /></Profile><Profile id="MAC-3_Sensitive"><title>III - Administrative Sensitive</title><description>&lt;ProfileDescription&gt;&lt;/ProfileDescription&gt;</description><select idref="V-224388" selected="true" /><select idref="V-224389" selected="true" /><select idref="V-224390" selected="true" /><select idref="V-224391" selected="true" /><select idref="V-224392" selected="true" /><select idref="V-224393" selected="true" /><select idref="V-224394" selected="true" /><select idref="V-224395" selected="true" /></Profile><Group id="V-224388"><title>SRG-OS-000018</title><description>&lt;GroupDescription&gt;&lt;/GroupDescription&gt;</description><Rule id="SV-224388r1041320_rule" weight="10.0" severity="medium"><version>ZCTD0040</version><title>BMC CONTROL-D configuration/parameter values are not specified properly.</title><description>&lt;VulnDiscussion&gt;BMC CONTROL-D configuration/parameters control the security and operational characteristics of products. If these parameter values are improperly specified, security and operational controls may be weakened. This exposure may threaten the availability of the product applications, and compromise the confidentiality of customer data.&lt;/VulnDiscussion&gt;&lt;FalsePositives&gt;&lt;/FalsePositives&gt;&lt;FalseNegatives&gt;&lt;/FalseNegatives&gt;&lt;Documentable&gt;false&lt;/Documentable&gt;&lt;Mitigations&gt;&lt;/Mitigations&gt;&lt;SeverityOverrideGuidance&gt;&lt;/SeverityOverrideGuidance&gt;&lt;PotentialImpacts&gt;&lt;/PotentialImpacts&gt;&lt;ThirdPartyTools&gt;&lt;/ThirdPartyTools&gt;&lt;MitigationControl&gt;&lt;/MitigationControl&gt;&lt;Responsibility&gt;&lt;/Responsibility&gt;&lt;IAControls&gt;&lt;/IAControls&gt;</description><reference><dc:title>DPMS Target zOS BMC CONTROL-D for RACF</dc:title><dc:publisher>DISA</dc:publisher><dc:type>DPMS Target</dc:type><dc:subject>zOS BMC CONTROL-D for RACF</dc:subject><dc:identifier>4135</dc:identifier></reference><ident system="http://cyber.mil/legacy">V-18014</ident><ident system="http://cyber.mil/legacy">SV-32211</ident><ident system="http://cyber.mil/cci">CCI-000381</ident><fixtext fixref="F-26053r1041319_fix">The BMC CONTROL-D systems programmer will verify that any configuration/parameters that are required to control the security of the product are properly configured and syntactically correct. Set the standard values for the BMC CONTROL-D security parameters for the specific ACP environment along with additional IOA security parameters with standard values as documented below.

Keyword	Value
DEFMCHKD	$$CTDEDM
SECTOLD	NO
DFMD01	EXTEND
DFMD04	EXTEND
DFMD08	EXTEND
DFMD19	EXTEND
DFMD23	EXTEND
DFMD24	EXTEND
DFMD26	EXTEND
DFMD27	EXTEND</fixtext><fix id="F-26053r1041319_fix" /><check system="C-26065r1041318_chk"><check-content-ref href="zOS_BMC_CONTROL-D_for_RACF_STIG.xml" name="M" /><check-content>Refer to the following applicable reports produced by the z/OS Data Collection:

- IOA.RPT(SECPARM)

Automated Analysis
Refer to the following report produced by the z/OS Data Collection:

- PDI(ZCTD0040)

The following keywords will have the specified values in the BMC CONTROL-D security parameter member:

Keyword	Value
DEFMCHKD	$$CTDEDM
SECTOLD	NO
DFMD01	EXTEND
DFMD04	EXTEND
DFMD08	EXTEND
DFMD19	EXTEND
DFMD23	EXTEND
DFMD24	EXTEND
DFMD26	EXTEND
DFMD27	EXTEND</check-content></check></Rule></Group><Group id="V-224389"><title>SRG-OS-000018</title><description>&lt;GroupDescription&gt;&lt;/GroupDescription&gt;</description><Rule id="SV-224389r1041323_rule" weight="10.0" severity="medium"><version>ZCTD0060</version><title>BMC CONTROL-D security exits are not installed or configured properly.</title><description>&lt;VulnDiscussion&gt;The BMC CONTROL-D security exits enable access authorization checking to BMC CONTROL-D commands, features, and online functionality. If these exit(s) is (are) not in place, activities by unauthorized users may result. BMC CONTROL-D security exit(s) interface with the ACP. If an unauthorized exit was introduced into the operating environment, system security could be weakened or bypassed. These exposures may result in the compromise of the operating system environment, ACP, and customer data.&lt;/VulnDiscussion&gt;&lt;FalsePositives&gt;&lt;/FalsePositives&gt;&lt;FalseNegatives&gt;&lt;/FalseNegatives&gt;&lt;Documentable&gt;false&lt;/Documentable&gt;&lt;Mitigations&gt;&lt;/Mitigations&gt;&lt;SeverityOverrideGuidance&gt;&lt;/SeverityOverrideGuidance&gt;&lt;PotentialImpacts&gt;&lt;/PotentialImpacts&gt;&lt;ThirdPartyTools&gt;&lt;/ThirdPartyTools&gt;&lt;MitigationControl&gt;&lt;/MitigationControl&gt;&lt;Responsibility&gt;&lt;/Responsibility&gt;&lt;IAControls&gt;&lt;/IAControls&gt;</description><reference><dc:title>DPMS Target zOS BMC CONTROL-D for RACF</dc:title><dc:publisher>DISA</dc:publisher><dc:type>DPMS Target</dc:type><dc:subject>zOS BMC CONTROL-D for RACF</dc:subject><dc:identifier>4135</dc:identifier></reference><ident system="http://cyber.mil/legacy">V-17985</ident><ident system="http://cyber.mil/legacy">SV-32015</ident><ident system="http://cyber.mil/cci">CCI-001744</ident><fixtext fixref="F-26054r1041322_fix">The systems programmer responsible for the BMC CONTROL-D will review the BMC CONTROL-D operating environment. Ensure that the following security exit(s) is (are) installed properly. Determine if the site has modified the following security exit(s):

CTDSE01
CTDSE04
CTDSE08
CTDSE19
CTDSE24
CTDSE28

Ensure that the security exit(s) has (have) not been modified.

If the security exit(s) has (have) been modified, ensure the security exit(s) has (have) been checked as to not violate any security integrity within the system and approval documentation is on file.</fixtext><fix id="F-26054r1041322_fix" /><check system="C-26066r1041321_chk"><check-content-ref href="zOS_BMC_CONTROL-D_for_RACF_STIG.xml" name="M" /><check-content>Interview the systems programmer responsible for the BMC CONTROL-D. Determine if the site has modified the following security exit(s):

CTDSE01
CTDSE04
CTDSE08
CTDSE19
CTDSE24
CTDSE28

Ensure the above security exit(s) has (have) not been modified.

If the above security exit(s) has (have) been modified, ensure that the security exit(s) has (have) been approved by the site systems programmer and the approval is on file for examination.</check-content></check></Rule></Group><Group id="V-224390"><title>SRG-OS-000080</title><description>&lt;GroupDescription&gt;&lt;/GroupDescription&gt;</description><Rule id="SV-224390r1041324_rule" weight="10.0" severity="medium"><version>ZCTDR000</version><title>BMC CONTROL-D installation data sets will be properly protected.</title><description>&lt;VulnDiscussion&gt;BMC CONTROL-D installation data sets have the ability to use privileged functions and/or have access to sensitive data. Failure to properly restrict access to these data sets could result in violating the integrity of the base product which could result in compromising the operating system or sensitive data.&lt;/VulnDiscussion&gt;&lt;FalsePositives&gt;&lt;/FalsePositives&gt;&lt;FalseNegatives&gt;&lt;/FalseNegatives&gt;&lt;Documentable&gt;false&lt;/Documentable&gt;&lt;Mitigations&gt;&lt;/Mitigations&gt;&lt;SeverityOverrideGuidance&gt;&lt;/SeverityOverrideGuidance&gt;&lt;PotentialImpacts&gt;&lt;/PotentialImpacts&gt;&lt;ThirdPartyTools&gt;&lt;/ThirdPartyTools&gt;&lt;MitigationControl&gt;&lt;/MitigationControl&gt;&lt;Responsibility&gt;&lt;/Responsibility&gt;&lt;IAControls&gt;&lt;/IAControls&gt;</description><reference><dc:title>DPMS Target zOS BMC CONTROL-D for RACF</dc:title><dc:publisher>DISA</dc:publisher><dc:type>DPMS Target</dc:type><dc:subject>zOS BMC CONTROL-D for RACF</dc:subject><dc:identifier>4135</dc:identifier></reference><ident system="http://cyber.mil/legacy">V-16932</ident><ident system="http://cyber.mil/legacy">SV-31828</ident><ident system="http://cyber.mil/cci">CCI-001499</ident><ident system="http://cyber.mil/cci">CCI-002234</ident><fixtext fixref="F-26055r868344_fix">The ISSO will ensure that WRITE and/or greater access to BMC CONTROL-D installation data sets are limited to systems programmers only, and all WRITE and/or greater access is logged. READ access can be given to auditors, BMC users, security personnel (domain level and decentralized), and BMC STCs and/or batch users. All failures and successful WRITE and/or greater accesses are logged.

The installing systems programmer will identify and document the product data sets and categorize them according to who will have update and alter access and if required that all update and allocate access is logged. The installing systems programmer will identify if any additional groups have update and/or alter access for specific data sets, and once documented will work with the ISSO to ensure they are properly restricted to the ACP (Access Control Program) active on the system.

(Note: The data sets and/or data set prefixes identified below are examples of a possible installation. The actual data sets and/or prefixes are determined when the product is actually installed on a system through the product's installation guide and can be site specific.)

Data sets to be protected will be: 
SYS2.IOA.*.CTDI.

The following commands are provided as a sample for implementing data set controls: 

ad 'SYS2.IOA.*.CTDI.**' uacc(none) owner(sys2) -
	audit(success(update) failures(read)) -
	data('BMC CONTROL-D Install DS')
pe 'SYS2.IOA.*.CTDI.**' id(&lt;syspaudt&gt;) acc(a)
pe 'SYS2.IOA.*.CTDI.**' id(&lt;audtaudt&gt; &lt;secaaudt&gt; &lt;secdaudt&gt;) acc(r)
pe 'SYS2.IOA.*.CTDI.**' id(&lt;bmcuser&gt; CONTROLD) acc(r)

setr generic(dataset) refresh</fixtext><fix id="F-26055r868344_fix" /><check system="C-26067r868343_chk"><check-content-ref href="zOS_BMC_CONTROL-D_for_RACF_STIG.xml" name="M" /><check-content>Refer to the following report produced by the Data Set and Resource Data Collection:

- SENSITVE.RPT(CTDRPT)

Automated Analysis
Refer to the following report produced by the Data Set and Resource Data Collection:

- PDI(ZCTD0000)

Verify that the accesses to the BMC CONTROL-D installation data sets are properly restricted. If the following guidance is true, this is not a finding.
 
___ The RACF data set access authorizations restrict READ access to auditors, BMC users, security personnel (domain level and decentralized), and BMC STCs and/or batch users.

___ The RACF data set access authorizations restrict WRITE and/or greater access to systems programming personnel.

___ The RACF data set access authorizations specify that all (i.e., failures and successes) WRITE and/or greater access are logged.

___ The RACF data set access authorizations specify UACC(NONE) and NOWARNING.</check-content></check></Rule></Group><Group id="V-224391"><title>SRG-OS-000259</title><description>&lt;GroupDescription&gt;&lt;/GroupDescription&gt;</description><Rule id="SV-224391r958616_rule" weight="10.0" severity="medium"><version>ZCTDR001</version><title>BMC CONTROL-D STC data sets must be properly protected.</title><description>&lt;VulnDiscussion&gt;BMC CONTROL-D STC data sets have the ability to use privileged functions and/or have access to sensitive data. Failure to properly restrict access to these data sets could result in violating the integrity of the base product which could result in compromising the operating system or sensitive data.&lt;/VulnDiscussion&gt;&lt;FalsePositives&gt;&lt;/FalsePositives&gt;&lt;FalseNegatives&gt;&lt;/FalseNegatives&gt;&lt;Documentable&gt;false&lt;/Documentable&gt;&lt;Mitigations&gt;&lt;/Mitigations&gt;&lt;SeverityOverrideGuidance&gt;&lt;/SeverityOverrideGuidance&gt;&lt;PotentialImpacts&gt;&lt;/PotentialImpacts&gt;&lt;ThirdPartyTools&gt;&lt;/ThirdPartyTools&gt;&lt;MitigationControl&gt;&lt;/MitigationControl&gt;&lt;Responsibility&gt;&lt;/Responsibility&gt;&lt;IAControls&gt;&lt;/IAControls&gt;</description><reference><dc:title>DPMS Target zOS BMC CONTROL-D for RACF</dc:title><dc:publisher>DISA</dc:publisher><dc:type>DPMS Target</dc:type><dc:subject>zOS BMC CONTROL-D for RACF</dc:subject><dc:identifier>4135</dc:identifier></reference><ident system="http://cyber.mil/legacy">V-17067</ident><ident system="http://cyber.mil/legacy">SV-32166</ident><ident system="http://cyber.mil/cci">CCI-001499</ident><fixtext fixref="F-26056r868347_fix">The ISSO will ensure that WRITE and/or greater access to BMC CONTROL-D STC data sets are limited to systems programmers and BMC STCs and/or batch users. UPDATE access can be given to centralized and decentralized security personnel. READ access can be given to auditors and BMC users.

The installing systems programmer will identify and document the product data sets and categorize them according to who will have update and alter access and if required that all update and allocate access is logged. The installing systems programmer will identify if any additional groups have update and/or alter access for specific data sets, and once documented will work with the ISSO to ensure they are properly restricted to the ACP (Access Control Program) active on the system.

(Note: The data sets and/or data set prefixes identified below are examples of a possible installation. The actual data sets and/or prefixes are determined when the product is actually installed on a system through the product's installation guide and can be site specific.)

Data sets to be protected will be: 
SYS3.IOA.*.CTDO.

The following commands are provided as a sample for implementing data set controls: 

ad 'SYS3.IOA.*.CTDO.**' uacc(none) owner(sys3) -
	audit(failures(read)) -
	data('BMC CONTROL-D STC DS')
pe 'SYS3.IOA.*.CTDO.**' id(syspaudt tstcaudt) acc(a)
pe 'SYS3.IOA.*.CTDO.**' id(BMC STCs) acc(a)
pe 'SYS3.IOA.*.CTDO.**' id(secaaudt secdaudt) acc(u)
pe 'SYS3.IOA.*.CTDO.**' id(bmcuser audtaudt) acc(r)

setr generic(dataset) refresh</fixtext><fix id="F-26056r868347_fix" /><check system="C-26068r868346_chk"><check-content-ref href="zOS_BMC_CONTROL-D_for_RACF_STIG.xml" name="M" /><check-content>Refer to the following report produced by the Data Set and Resource Data Collection:

- SENSITVE.RPT(CTDSTC)

Automated Analysis
Refer to the following report produced by the Data Set and Resource Data Collection:

- PDI(ZCTD0001)

Verify that the accesses to the BMC CONTROL-D STC data sets are properly restricted. If the following guidance is true, this is not a finding.
 
___ The RACF data set access authorizations restrict READ access to auditors and CONTROL-D end users.

___ The RACF data set access authorizations restrict WRITE and/or greater access to systems programming personnel.

___ The RACF data set access authorizations restrict WRITE and/or greater access to BMC STCs and/or batch users.

___ The RACF data set access authorizations restrict UPDATE access to centralized and decentralized security personnel.

___ The RACF data set access authorizations specify UACC(NONE) and NOWARNING.</check-content></check></Rule></Group><Group id="V-224392"><title>SRG-OS-000080</title><description>&lt;GroupDescription&gt;&lt;/GroupDescription&gt;</description><Rule id="SV-224392r1041326_rule" weight="10.0" severity="medium"><version>ZCTDR002</version><title>BMC CONTROL-D user data sets must be properly protected.</title><description>&lt;VulnDiscussion&gt;BMC CONTROL-D User data sets, CDAM and Repository, have the ability to use privileged functions and/or have access to sensitive data. Failure to properly restrict access to these data sets could result in violating the integrity of the base product which could result in compromising the operating system or sensitive data.&lt;/VulnDiscussion&gt;&lt;FalsePositives&gt;&lt;/FalsePositives&gt;&lt;FalseNegatives&gt;&lt;/FalseNegatives&gt;&lt;Documentable&gt;false&lt;/Documentable&gt;&lt;Mitigations&gt;&lt;/Mitigations&gt;&lt;SeverityOverrideGuidance&gt;&lt;/SeverityOverrideGuidance&gt;&lt;PotentialImpacts&gt;&lt;/PotentialImpacts&gt;&lt;ThirdPartyTools&gt;&lt;/ThirdPartyTools&gt;&lt;MitigationControl&gt;&lt;/MitigationControl&gt;&lt;Responsibility&gt;&lt;/Responsibility&gt;&lt;IAControls&gt;&lt;/IAControls&gt;</description><reference><dc:title>DPMS Target zOS BMC CONTROL-D for RACF</dc:title><dc:publisher>DISA</dc:publisher><dc:type>DPMS Target</dc:type><dc:subject>zOS BMC CONTROL-D for RACF</dc:subject><dc:identifier>4135</dc:identifier></reference><ident system="http://cyber.mil/legacy">V-21592</ident><ident system="http://cyber.mil/legacy">SV-32163</ident><ident system="http://cyber.mil/cci">CCI-001499</ident><fixtext fixref="F-26057r1041325_fix">The ISSO must ensure that WRITE and/or greater access to BMC CONTROL-D User data sets are limited to systems programmers and BMC STCs and/or batch users. Additionally, UPDATE access can be given to centralized and decentralized security personnel, and BMC users. READ access can be given to auditors.

The installing systems programmer will identify and document the product data sets and categorize them according to who will have update and alter access and if required that all update and allocate access is logged. The installing systems programmer will identify if any additional groups have update and/or alter access for specific data sets, and once documented will work with the ISSO to ensure they are properly restricted to the ACP (Access Control Program) active on the system.

(Note: The data sets and/or data set prefixes identified below are examples of a possible installation. The actual data sets and/or prefixes are determined when the product is actually installed on a system through the product's installation guide and can be site specific.)

Data sets to be protected will be: 
SYS3.IOA.*.CTDR.
CTRUSR.
CTDSRV.
CTDJB1.

The following commands are provided as a sample for implementing data set controls: 

ad 'SYS3.IOA.*.CTDR.**' uacc(none) owner(sys3) -
audit(failures(read)) -
data('BMC CONTROL-D Repository DS')
pe 'SYS3.IOA.*.CTDR.**' id(syspaudt tstcaudt BMC STCs) acc(a)
pe 'SYS3.IOA.*.CTDR.**' id(bmcuser) acc(u)
pe 'SYS3.IOA.*.CTDR.**' id(secaaudt secdaudt) acc(u)
pe 'SYS3.IOA.*.CTDR.**' id(audtaudt) acc(r)

ad 'CTRUSR.**' uacc(none) owner(CTRUSR) -
audit(failures(read)) -
data('BMC CONTROL-D CDAM DS')
pe 'CTRUSR.**' id(syspaudt tstcaudt BMC STCs) acc(a)
pe 'CTRUSR.**' id(bmcuser) acc(u)
pe 'CTRUSR.**' id(secaaudt secdaudt) acc(u)
pe 'CTRUSR.**' id(audtaudt) acc(r)

ad 'CTDSRV.**' uacc(none) owner(CTDSRV) -
audit(failures(read)) -
data('BMC CONTROL-D CDAM DS')
pe 'CTDSRV.**' id(syspaudt tstcaudt BMC STCs) acc(a)
pe 'CTDSRV.**' id(bmcuser) acc(u)
pe 'CTDSRV.**' id(secaaudt secdaudt) acc(u)
pe 'CTDSRV.**' id(audtaudt) acc(r)

ad 'CTDJB1.**' uacc(none) owner(CTDJB1) -
audit(failures(read)) -
data('BMC CONTROL-D CDAM DS')
pe 'CTDJB1.**' id(syspaudt tstcaudt BMC STCs) acc(a)
pe 'CTDJB1.**' id(bmcuser) acc(u)
pe 'CTDJB1.**' id(secaaudt secdaudt) acc(u)
pe 'CTDJB1.**' id(audtaudt) acc(r)

setr generic(dataset) refresh</fixtext><fix id="F-26057r1041325_fix" /><check system="C-26069r518677_chk"><check-content-ref href="zOS_BMC_CONTROL-D_for_RACF_STIG.xml" name="M" /><check-content>Refer to the following report produced by the Data Set and Resource Data Collection:

- SENSITVE.RPT(CTMUSER)

Automated Analysis
Refer to the following report produced by the Data Set and Resource Data Collection:

- PDI(ZCTD0002)

Verify that the accesses to the BMC CONTROL-D User data sets are properly restricted. If the following guidance is true, this is not a finding.

___ The RACF data set access authorizations restrict READ access to auditors.

___ The RACF data set access authorizations restrict WRITE and/or greater access to systems programming personnel.

___ The RACF data set access authorizations restrict WRITE and/or greater access to the BMC STCs and/or batch users.

___ The RACF data set access authorizations restrict UPDATE access to centralized and decentralized security personnel, and/or CONTROL-D end users.

___ The RACF data set access authorizations specify UACC(NONE) and NOWARNING.</check-content></check></Rule></Group><Group id="V-224393"><title>SRG-OS-000018</title><description>&lt;GroupDescription&gt;&lt;/GroupDescription&gt;</description><Rule id="SV-224393r1041329_rule" weight="10.0" severity="medium"><version>ZCTDR020</version><title>BMC CONTROL-D resources must be properly defined and protected.</title><description>&lt;VulnDiscussion&gt;BMC CONTROL-D can run with sensitive system privileges, and potentially can circumvent system controls. Failure to properly control access to product resources could result in the compromise of the operating system environment, and compromise the confidentiality of customer data. Many utilities assign resource controls that can be granted to systems programmers only in greater than read authority. Resources are also granted to certain non systems personnel with read only authority.&lt;/VulnDiscussion&gt;&lt;FalsePositives&gt;&lt;/FalsePositives&gt;&lt;FalseNegatives&gt;&lt;/FalseNegatives&gt;&lt;Documentable&gt;false&lt;/Documentable&gt;&lt;Mitigations&gt;&lt;/Mitigations&gt;&lt;SeverityOverrideGuidance&gt;&lt;/SeverityOverrideGuidance&gt;&lt;PotentialImpacts&gt;&lt;/PotentialImpacts&gt;&lt;ThirdPartyTools&gt;&lt;/ThirdPartyTools&gt;&lt;MitigationControl&gt;&lt;/MitigationControl&gt;&lt;Responsibility&gt;&lt;/Responsibility&gt;&lt;IAControls&gt;&lt;/IAControls&gt;</description><reference><dc:title>DPMS Target zOS BMC CONTROL-D for RACF</dc:title><dc:publisher>DISA</dc:publisher><dc:type>DPMS Target</dc:type><dc:subject>zOS BMC CONTROL-D for RACF</dc:subject><dc:identifier>4135</dc:identifier></reference><ident system="http://cyber.mil/legacy">SV-32056</ident><ident system="http://cyber.mil/legacy">V-17947</ident><ident system="http://cyber.mil/cci">CCI-000213</ident><ident system="http://cyber.mil/cci">CCI-002234</ident><fixtext fixref="F-26058r1041328_fix">The ISSO will work with the systems programmer to verify that the following are properly specified in the ACP.

Note: To determine what resource class is used review the IOACLASS setting in SECPARM. The "Trigger" resources, i.e., $$SECxxx (xxx is unique to the product) are defined in the FACILITY resource class

(Note: The resource class, resources, and/or resource prefixes identified below are examples of a possible installation. The actual resource class, resources, and/or resource prefixes are determined when the product is actually installed on a system through the product's installation guide and can be site specific.)

Use BMC CONTROL-D Resources and BMC INCONTROL Resources Descriptions tables in the zOS STIG Addendum. These tables list the resources, descriptions, and access and logging requirements. Ensure the guidelines for the resources and/or generic equivalent specified in the z/OS STIG Addendum are followed.

The following commands are provided as a sample for implementing resource controls:

rdef $ioa $$addnot.** uacc(none) owner(admin) -
      audit(failure(read)) -
      data('protected per zctdr020')

pe $$addnot.** cl($ioa) id(&lt;appsaudt&gt;) acc(alter)
pe $$addnot.** cl($ioa) id(&lt;operaudt&gt;) acc(alter)
pe $$addnot.** cl($ioa) id(&lt;pcspaudt&gt;) acc(alter)
pe $$addnot.** cl($ioa) id(&lt;syspaudt&gt;) acc(alter)</fixtext><fix id="F-26058r1041328_fix" /><check system="C-26070r1041327_chk"><check-content-ref href="zOS_BMC_CONTROL-D_for_RACF_STIG.xml" name="M" /><check-content>Refer to the following report produced by the Data Set and Resource Data Collection:

- SENSITVE.RPT(ZCTD0020)

Automated Analysis
Refer to the following report produced by the Data Set and Resource Data Collection:

- PDI(ZCTD0020)

Verify that the accesses to resources and/or generic equivalent are properly restricted according to the requirements specified in BMC CONTROL-D Resources table in the z/OS STIG Addendum. If the following guidance is true, this is not a finding.

Note: To determine what resource class is used review the IOACLASS setting in SECPARM. The "Trigger" resources, i.e., $$SECxxx (xxx is unique to the product) are defined in the FACILITY resource class

___ The RACF resources are defined with a default access of NONE.

___ The RACF resource access authorizations restrict access to the appropriate personnel.

___ The RACF resource logging requirements are specified.

___ The RACF resource access authorizations are defined with UACC(NONE) and NOWARNING.</check-content></check></Rule></Group><Group id="V-224394"><title>SRG-OS-000104</title><description>&lt;GroupDescription&gt;&lt;/GroupDescription&gt;</description><Rule id="SV-224394r958482_rule" weight="10.0" severity="medium"><version>ZCTDR030</version><title>BMC CONTROL-D Started Task name is not properly identified / defined to the system ACP.</title><description>&lt;VulnDiscussion&gt;Products that require a started task will require that the started task be restricted to certain resources, datasets and other system functions. By defining the started task as a userid to the system ACP, It allows the ACP to control the access and authorized users that require these capabilities. Failure to properly control these capabilities, could compromise of the operating system environment, ACP, and customer data.      &lt;/VulnDiscussion&gt;&lt;FalsePositives&gt;&lt;/FalsePositives&gt;&lt;FalseNegatives&gt;&lt;/FalseNegatives&gt;&lt;Documentable&gt;false&lt;/Documentable&gt;&lt;Mitigations&gt;&lt;/Mitigations&gt;&lt;SeverityOverrideGuidance&gt;&lt;/SeverityOverrideGuidance&gt;&lt;PotentialImpacts&gt;&lt;/PotentialImpacts&gt;&lt;ThirdPartyTools&gt;&lt;/ThirdPartyTools&gt;&lt;MitigationControl&gt;&lt;/MitigationControl&gt;&lt;Responsibility&gt;&lt;/Responsibility&gt;&lt;IAControls&gt;&lt;/IAControls&gt;</description><reference><dc:title>DPMS Target zOS BMC CONTROL-D for RACF</dc:title><dc:publisher>DISA</dc:publisher><dc:type>DPMS Target</dc:type><dc:subject>zOS BMC CONTROL-D for RACF</dc:subject><dc:identifier>4135</dc:identifier></reference><ident system="http://cyber.mil/legacy">SV-32068</ident><ident system="http://cyber.mil/legacy">V-17452</ident><ident system="http://cyber.mil/cci">CCI-000764</ident><fixtext fixref="F-26059r518684_fix">The BMC system programer and the IAO will ensure that a product's Started Task(s) is properly Identified / defined to the System ACP. 

If the product requires a Started Task, verify that it is properly defined to the System ACP with the proper attributes.

Most installation manuals will indicate how the Started Task is identified and any additional attributes that must be specified.

A sample is provided here:

au CONTROLD name('stc, BMC Controld') owner(stc) dfltgrp(stc) nopass
</fixtext><fix id="F-26059r518684_fix" /><check system="C-26071r518683_chk"><check-content-ref href="zOS_BMC_CONTROL-D_for_RACF_STIG.xml" name="M" /><check-content>Refer to the following report produced by the RACF Data Collection:

-	RACFCMDS.RPT(LISTUSER)

The BMC CONTROL-D started task(s) and/or batch job userid(s) is defined and is assigned the RACF PROTECTED attribute.</check-content></check></Rule></Group><Group id="V-224395"><title>SRG-OS-000104</title><description>&lt;GroupDescription&gt;&lt;/GroupDescription&gt;</description><Rule id="SV-224395r958482_rule" weight="10.0" severity="medium"><version>ZCTDR032</version><title>BMC CONTROL-D Started task(s) must be properly defined to the STARTED resource class for RACF.
</title><description>&lt;VulnDiscussion&gt;Access to product resources should be restricted to only those individuals responsible for the application connectivity and who have a requirement to access these resources.  Improper control of product resources could potentially compromise the operating system, ACP, and customer data.&lt;/VulnDiscussion&gt;&lt;FalsePositives&gt;&lt;/FalsePositives&gt;&lt;FalseNegatives&gt;&lt;/FalseNegatives&gt;&lt;Documentable&gt;false&lt;/Documentable&gt;&lt;Mitigations&gt;&lt;/Mitigations&gt;&lt;SeverityOverrideGuidance&gt;&lt;/SeverityOverrideGuidance&gt;&lt;PotentialImpacts&gt;&lt;/PotentialImpacts&gt;&lt;ThirdPartyTools&gt;&lt;/ThirdPartyTools&gt;&lt;MitigationControl&gt;&lt;/MitigationControl&gt;&lt;Responsibility&gt;&lt;/Responsibility&gt;&lt;IAControls&gt;&lt;/IAControls&gt;</description><reference><dc:title>DPMS Target zOS BMC CONTROL-D for RACF</dc:title><dc:publisher>DISA</dc:publisher><dc:type>DPMS Target</dc:type><dc:subject>zOS BMC CONTROL-D for RACF</dc:subject><dc:identifier>4135</dc:identifier></reference><ident system="http://cyber.mil/legacy">SV-32155</ident><ident system="http://cyber.mil/legacy">V-17454</ident><ident system="http://cyber.mil/cci">CCI-000764</ident><fixtext fixref="F-26060r518687_fix">The BMC CONTROL-D system programmer and the IAO will ensure that a product's started task(s) is (are) properly identified and/or defined to the System ACP. 

A unique userid must be assigned for the BMC CONTROL-D started task(s) thru a corresponding STARTED class entry.

The following sample set of commands is shown here as a guideline:

rdef started CONTROLD.** uacc(none) owner(admin) audit(all(read)) stdata(user(CONTROLD) group(stc))

setr racl(started) ref</fixtext><fix id="F-26060r518687_fix" /><check system="C-26072r518686_chk"><check-content-ref href="zOS_BMC_CONTROL-D_for_RACF_STIG.xml" name="M" /><check-content>Refer to the following report produced by the RACF Data Collection:

-	DSMON.RPT(RACSPT)

Automated Analysis
Refer to the following report produced by the RACF Data Collection:

-	PDI(ZCTD0032)

Verify that the BMC CONTROL-D started task(s) is (are) defined to the STARTED resource class profile and/or ICHRIN03 table entry.</check-content></check></Rule></Group></Benchmark>