<?xml version="1.0" encoding="utf-8"?><?xml-stylesheet type='text/xsl' href='STIG_unclass.xsl'?><Benchmark xmlns:dc="http://purl.org/dc/elements/1.1/" xmlns:xsi="http://www.w3.org/2001/XMLSchema-instance" xmlns:cpe="http://cpe.mitre.org/language/2.0" xmlns:xhtml="http://www.w3.org/1999/xhtml" xmlns:dsig="http://www.w3.org/2000/09/xmldsig#" xsi:schemaLocation="http://checklists.nist.gov/xccdf/1.1 http://nvd.nist.gov/schema/xccdf-1.1.4.xsd http://cpe.mitre.org/dictionary/2.0 http://cpe.mitre.org/files/cpe-dictionary_2.1.xsd" id="zOS_Compuware_Abend-AID_for_ACF2" xml:lang="en" xmlns="http://checklists.nist.gov/xccdf/1.1"><status date="2024-12-16">accepted</status><title>z/OS Compuware Abend-AID for ACF2 Security Technical Implementation Guide</title><description>This Security Technical Implementation Guide is published as a tool to improve the security of Department of Defense (DOD) information systems. The requirements are derived from the National Institute of Standards and Technology (NIST) 800-53 and related documents. Comments or proposed revisions to this document should be sent via email to the following address: disa.stig_spt@mail.mil.</description><notice id="terms-of-use" xml:lang="en"></notice><front-matter xml:lang="en"></front-matter><rear-matter xml:lang="en"></rear-matter><reference href="https://cyber.mil"><dc:publisher>DISA</dc:publisher><dc:source>STIG.DOD.MIL</dc:source></reference><plain-text id="release-info">Release: 1 Benchmark Date: 30 Jan 2025</plain-text><plain-text id="generator">3.5</plain-text><plain-text id="conventionsVersion">1.10.0</plain-text><version>7</version><Profile id="MAC-1_Classified"><title>I - Mission Critical Classified</title><description>&lt;ProfileDescription&gt;&lt;/ProfileDescription&gt;</description><select idref="V-224289" selected="true" /><select idref="V-224290" selected="true" /><select idref="V-224291" selected="true" /><select idref="V-224292" selected="true" /><select idref="V-224293" selected="true" /><select idref="V-224294" selected="true" /></Profile><Profile id="MAC-1_Public"><title>I - Mission Critical Public</title><description>&lt;ProfileDescription&gt;&lt;/ProfileDescription&gt;</description><select idref="V-224289" selected="true" /><select idref="V-224290" selected="true" /><select idref="V-224291" selected="true" /><select idref="V-224292" selected="true" /><select idref="V-224293" selected="true" /><select idref="V-224294" selected="true" /></Profile><Profile id="MAC-1_Sensitive"><title>I - Mission Critical Sensitive</title><description>&lt;ProfileDescription&gt;&lt;/ProfileDescription&gt;</description><select idref="V-224289" selected="true" /><select idref="V-224290" selected="true" /><select idref="V-224291" selected="true" /><select idref="V-224292" selected="true" /><select idref="V-224293" selected="true" /><select idref="V-224294" selected="true" /></Profile><Profile id="MAC-2_Classified"><title>II - Mission Support Classified</title><description>&lt;ProfileDescription&gt;&lt;/ProfileDescription&gt;</description><select idref="V-224289" selected="true" /><select idref="V-224290" selected="true" /><select idref="V-224291" selected="true" /><select idref="V-224292" selected="true" /><select idref="V-224293" selected="true" /><select idref="V-224294" selected="true" /></Profile><Profile id="MAC-2_Public"><title>II - Mission Support Public</title><description>&lt;ProfileDescription&gt;&lt;/ProfileDescription&gt;</description><select idref="V-224289" selected="true" /><select idref="V-224290" selected="true" /><select idref="V-224291" selected="true" /><select idref="V-224292" selected="true" /><select idref="V-224293" selected="true" /><select idref="V-224294" selected="true" /></Profile><Profile id="MAC-2_Sensitive"><title>II - Mission Support Sensitive</title><description>&lt;ProfileDescription&gt;&lt;/ProfileDescription&gt;</description><select idref="V-224289" selected="true" /><select idref="V-224290" selected="true" /><select idref="V-224291" selected="true" /><select idref="V-224292" selected="true" /><select idref="V-224293" selected="true" /><select idref="V-224294" selected="true" /></Profile><Profile id="MAC-3_Classified"><title>III - Administrative Classified</title><description>&lt;ProfileDescription&gt;&lt;/ProfileDescription&gt;</description><select idref="V-224289" selected="true" /><select idref="V-224290" selected="true" /><select idref="V-224291" selected="true" /><select idref="V-224292" selected="true" /><select idref="V-224293" selected="true" /><select idref="V-224294" selected="true" /></Profile><Profile id="MAC-3_Public"><title>III - Administrative Public</title><description>&lt;ProfileDescription&gt;&lt;/ProfileDescription&gt;</description><select idref="V-224289" selected="true" /><select idref="V-224290" selected="true" /><select idref="V-224291" selected="true" /><select idref="V-224292" selected="true" /><select idref="V-224293" selected="true" /><select idref="V-224294" selected="true" /></Profile><Profile id="MAC-3_Sensitive"><title>III - Administrative Sensitive</title><description>&lt;ProfileDescription&gt;&lt;/ProfileDescription&gt;</description><select idref="V-224289" selected="true" /><select idref="V-224290" selected="true" /><select idref="V-224291" selected="true" /><select idref="V-224292" selected="true" /><select idref="V-224293" selected="true" /><select idref="V-224294" selected="true" /></Profile><Group id="V-224289"><title>SRG-OS-000018</title><description>&lt;GroupDescription&gt;&lt;/GroupDescription&gt;</description><Rule id="SV-224289r1041188_rule" weight="10.0" severity="medium"><version>ZAID0040</version><title>Compuware Abend-AID external security options must be specified properly.</title><description>&lt;VulnDiscussion&gt;Compuware Abend-AID offers external security interfaces that are controlled by parameters specified in FDBDPARM DD statement of the started task procedures. These interfaces provide security controls for Abend-AID. Without proper controls to ensure that security is active, the integrity of the Compuware Abend-AID System and the confidentiality of data stored on the system may be compromised.&lt;/VulnDiscussion&gt;&lt;FalsePositives&gt;&lt;/FalsePositives&gt;&lt;FalseNegatives&gt;&lt;/FalseNegatives&gt;&lt;Documentable&gt;false&lt;/Documentable&gt;&lt;Mitigations&gt;&lt;/Mitigations&gt;&lt;SeverityOverrideGuidance&gt;&lt;/SeverityOverrideGuidance&gt;&lt;PotentialImpacts&gt;&lt;/PotentialImpacts&gt;&lt;ThirdPartyTools&gt;&lt;/ThirdPartyTools&gt;&lt;MitigationControl&gt;&lt;/MitigationControl&gt;&lt;Responsibility&gt;&lt;/Responsibility&gt;&lt;IAControls&gt;&lt;/IAControls&gt;</description><reference><dc:title>DPMS Target zOS Compuware Abend-AID for ACF2</dc:title><dc:publisher>DISA</dc:publisher><dc:type>DPMS Target</dc:type><dc:subject>zOS Compuware Abend-AID for ACF2</dc:subject><dc:identifier>4118</dc:identifier></reference><ident system="http://cyber.mil/legacy">SV-43205</ident><ident system="http://cyber.mil/legacy">V-18014</ident><ident system="http://cyber.mil/cci">CCI-000015</ident><fixtext fixref="F-25950r519795_fix">In the data set specified in the CWPARM DD statement from the ECC started task procedure, specify the parameter values for each component in the respective members as follows:

Member Name: AABD00 - Abend-AID batch dump capture address space
	EXTERNAL_SECURITY_ENABLED=YES    
Member Name: AATD00 - Abend-AID CICS Transaction Dump Capture Address Space
 	EXTERNAL_SECURITY_ENABLED=YES 
Member Name: AAVW00 - Abend-AID viewing server  
	EXTERNAL_SECURITY_ENABLED=YES       
</fixtext><fix id="F-25950r519795_fix" /><check system="C-25962r1041187_chk"><check-content-ref href="zOS_Compuware_Abend-AID_for_ACF2_STIG.xml" name="M" /><check-content>Examine the Enterprise Common Components (ECC) started task procedure. (This can usually be found in the system PROCLIBs). Refer to the contents of the data set specified in the CWPARM DD statement. 

Automated Analysis
Refer to the following report produced by the z/OS Data Collection:

- PDI(ZAID0040)

Review the Member name listed.

If the following is specified for each component, this is not a finding.
Member Name: AABD00 - Abend-AID batch dump capture address space
	EXTERNAL_SECURITY_ENABLED=YES    
Member Name: AATD00 - Abend-AID CICS Transaction Dump Capture Address Space
 	EXTERNAL_SECURITY_ENABLED=YES 
Member Name: AAVW00 - Abend-AID viewing server  
	EXTERNAL_SECURITY_ENABLED=YES
</check-content></check></Rule></Group><Group id="V-224290"><title>SRG-OS-000080</title><description>&lt;GroupDescription&gt;&lt;/GroupDescription&gt;</description><Rule id="SV-224290r1041191_rule" weight="10.0" severity="medium"><version>ZAIDA000</version><title>Compuware Abend-AID installation data sets will be properly protected.</title><description>&lt;VulnDiscussion&gt;Compuware Abend-AID installation data sets have the ability to use privileged functions and/or have access to sensitive data. Failure to properly restrict access to these data sets could result in violating the integrity of the base product which could result in compromising the operating system or sensitive data.&lt;/VulnDiscussion&gt;&lt;FalsePositives&gt;&lt;/FalsePositives&gt;&lt;FalseNegatives&gt;&lt;/FalseNegatives&gt;&lt;Documentable&gt;false&lt;/Documentable&gt;&lt;Mitigations&gt;&lt;/Mitigations&gt;&lt;SeverityOverrideGuidance&gt;&lt;/SeverityOverrideGuidance&gt;&lt;PotentialImpacts&gt;&lt;/PotentialImpacts&gt;&lt;ThirdPartyTools&gt;&lt;/ThirdPartyTools&gt;&lt;MitigationControl&gt;&lt;/MitigationControl&gt;&lt;Responsibility&gt;&lt;/Responsibility&gt;&lt;IAControls&gt;&lt;/IAControls&gt;</description><reference><dc:title>DPMS Target zOS Compuware Abend-AID for ACF2</dc:title><dc:publisher>DISA</dc:publisher><dc:type>DPMS Target</dc:type><dc:subject>zOS Compuware Abend-AID for ACF2</dc:subject><dc:identifier>4118</dc:identifier></reference><ident system="http://cyber.mil/legacy">SV-43165</ident><ident system="http://cyber.mil/legacy">V-16932</ident><ident system="http://cyber.mil/cci">CCI-001499</ident><ident system="http://cyber.mil/cci">CCI-002234</ident><fixtext fixref="F-25951r1041190_fix">The ISSO will ensure that WRITE and/or greater access to Compuware Abend-AID installation data sets is limited to systems programmers only, and all WRITE and/or greater access is logged.  READ access can be given to all authorized users.

The installing systems programmer will identify and document the product data sets and categorize them according to who will have WRITE and/or greater access and if required that all WRITE and/or greater access is logged. The installing systems programmer will identify if any additional groups have WRITE and/or greater access for specific data sets, and once documented will work with the ISSO to see that they are properly restricted to the ACP (Access Control Program) active on the system.

Data sets to be protected will be:
SYS2.ABENDAID.
SYS2A.ABENDAID.
SYS3A.ABENDAID.

The following commands are provided as a sample for implementing data set controls:

$KEY(S2A)
$PREFIX(SYS2)
ABENDAID.V-.- UID(syspaudt) R(A) W(L) A(L) E(A)
ABENDAID.V-.- UID(authorized users/*) R(A) E(A)

SET RULE
COMPILE 'ACF2.MVA.DSNRULES(S2A)' STORE

$KEY(SYS2A0A)
$MODE(ABORT)
$PREFIX(SYS2A)
ABENDAID.V-.- UID(syspaudt) R(A) W(L) A(L) E(A)
ABENDAID.V-.- UID(authorized users/*) R(A) E(A)

SET RULE
COMPILE 'ACF2.MVA.DSNRULES(SYS2A0A)' STORE

$KEY(SYS3A0A)
$PREFIX(SYS3A)
ABENDAID.V-.- UID(syspaudt) R(A) W(L) A(L) E(A)
ABENDAID.V-.- UID(authorized users/*) R(A) E(A)

SET RULE
COMPILE 'ACF2.MVA.DSNRULES(SYS3A0A)' STORE</fixtext><fix id="F-25951r1041190_fix" /><check system="C-25963r1041189_chk"><check-content-ref href="zOS_Compuware_Abend-AID_for_ACF2_STIG.xml" name="M" /><check-content>Refer to the following report produced by the Data Set and Resource Data Collection:

- SENSITVE.RPT(AIDRPT)

Automated Analysis
Refer to the following report produced by the Data Set and Resource Data Collection:

- PDI(ZAID0000)

Verify that the accesses to the Compuware Abend-AID installation data sets are properly restricted. If the following guidance is true, this is not a finding.

___ The ACF2 data set rules for the data sets restricts READ access to all authorized users.

___ The ACF2 data set rules for the data sets restricts WRITE and/or greater access to systems programming personnel.

___ The ACF2 data set rules for the data sets specify that all (i.e., failures and successes) WRITE and/or greater access is logged.</check-content></check></Rule></Group><Group id="V-224291"><title>SRG-OS-000259</title><description>&lt;GroupDescription&gt;&lt;/GroupDescription&gt;</description><Rule id="SV-224291r958616_rule" weight="10.0" severity="medium"><version>ZAIDA001</version><title>Compuware Abend-AID STC data sets must be properly protected.</title><description>&lt;VulnDiscussion&gt;Compuware Abend-AID STC data sets have the ability to use privileged functions and/or have access to sensitive data. Failure to properly restrict access to these data sets could result in violating the integrity of the base product which could result in compromising the operating system or sensitive data.&lt;/VulnDiscussion&gt;&lt;FalsePositives&gt;&lt;/FalsePositives&gt;&lt;FalseNegatives&gt;&lt;/FalseNegatives&gt;&lt;Documentable&gt;false&lt;/Documentable&gt;&lt;Mitigations&gt;&lt;/Mitigations&gt;&lt;SeverityOverrideGuidance&gt;&lt;/SeverityOverrideGuidance&gt;&lt;PotentialImpacts&gt;&lt;/PotentialImpacts&gt;&lt;ThirdPartyTools&gt;&lt;/ThirdPartyTools&gt;&lt;MitigationControl&gt;&lt;/MitigationControl&gt;&lt;Responsibility&gt;&lt;/Responsibility&gt;&lt;IAControls&gt;&lt;/IAControls&gt;</description><reference><dc:title>DPMS Target zOS Compuware Abend-AID for ACF2</dc:title><dc:publisher>DISA</dc:publisher><dc:type>DPMS Target</dc:type><dc:subject>zOS Compuware Abend-AID for ACF2</dc:subject><dc:identifier>4118</dc:identifier></reference><ident system="http://cyber.mil/legacy">SV-43168</ident><ident system="http://cyber.mil/legacy">V-17067</ident><ident system="http://cyber.mil/cci">CCI-001499</ident><fixtext fixref="F-25952r868070_fix">The ISSO will ensure that WRITE and/or greater access to Compuware Abend-AID STC data sets is limited to systems programmers and/or Compuware Abend-AID's STC(s) and/or batch user(s) only. READ access can be given to auditors.

The installing systems programmer will identify and document the product data sets and categorize them according to who will have WRITE and/or greater access and if required that all WRITE and/or greater access is logged. The installing systems programmer will identify if any additional groups have WRITE and/or greater access for specific data sets, and once documented will work with the ISSO to ensure they are properly restricted to the ACP (Access Control Program) active on the system.

Data sets to be protected will be:
SYS3.ABENDAID.

The following commands are provided as a sample for implementing data set controls:

$KEY(SYS3)
ABENDAID.- UID(&lt;syspaudt&gt;) R(A) W(A) A(A) E(A)
ABENDAID.- UID(&lt;tstcaudt&gt;) R(A) W(A) A(A) E(A)
ABENDAID.- UID(ABENDAID STCs) R(A) W(A) A(A) E(A)
ABENDAID.- UID(&lt;audtaudt&gt;) R(A) E(A)</fixtext><fix id="F-25952r868070_fix" /><check system="C-25964r868069_chk"><check-content-ref href="zOS_Compuware_Abend-AID_for_ACF2_STIG.xml" name="M" /><check-content>Refer to the following report produced by the Data Set and Resource Data Collection:

- SENSITVE.RPT(AIDSTC)

Automated Analysis
Refer to the following report produced by the Data Set and Resource Data Collection:

- PDI(ZAID0001)

Verify that the accesses to the Compuware Abend-AID STC data sets are properly restricted. If the following guidance is true, this is not a finding.

___ The ACF2 data set rules for the data sets restricts READ access to auditors.

___ The ACF2 data set rules for the data sets restricts WRITE and/or greater access to systems programming personnel.

___ The ACF2 data set rules for the data sets restricts WRITE and/or greater access to the Compuware Abend-AID's STC(s) and/or batch user(s).</check-content></check></Rule></Group><Group id="V-224292"><title>SRG-OS-000080</title><description>&lt;GroupDescription&gt;&lt;/GroupDescription&gt;</description><Rule id="SV-224292r1041192_rule" weight="10.0" severity="medium"><version>ZAIDA002</version><title>Compuware Abend-AID user data sets must be properly protected.</title><description>&lt;VulnDiscussion&gt;Compuware Abend-AID user data sets have the ability to use privileged functions and/or have access to sensitive data. Failure to properly restrict access to these data sets could result in violating the integrity of the base product which could result in compromising the operating system or sensitive data.&lt;/VulnDiscussion&gt;&lt;FalsePositives&gt;&lt;/FalsePositives&gt;&lt;FalseNegatives&gt;&lt;/FalseNegatives&gt;&lt;Documentable&gt;false&lt;/Documentable&gt;&lt;Mitigations&gt;&lt;/Mitigations&gt;&lt;SeverityOverrideGuidance&gt;&lt;/SeverityOverrideGuidance&gt;&lt;PotentialImpacts&gt;&lt;/PotentialImpacts&gt;&lt;ThirdPartyTools&gt;&lt;/ThirdPartyTools&gt;&lt;MitigationControl&gt;&lt;/MitigationControl&gt;&lt;Responsibility&gt;&lt;/Responsibility&gt;&lt;IAControls&gt;&lt;/IAControls&gt;</description><reference><dc:title>DPMS Target zOS Compuware Abend-AID for ACF2</dc:title><dc:publisher>DISA</dc:publisher><dc:type>DPMS Target</dc:type><dc:subject>zOS Compuware Abend-AID for ACF2</dc:subject><dc:identifier>4118</dc:identifier></reference><ident system="http://cyber.mil/legacy">SV-75837</ident><ident system="http://cyber.mil/legacy">V-21592</ident><ident system="http://cyber.mil/cci">CCI-001499</ident><fixtext fixref="F-25953r868073_fix">Ensure that WRITE and/or greater access to Compuware Abend-AID user data sets is limited to systems programmers and Compuware Abend-AID STC(s) and/or batch user(s) only. Ensure that WRITE access to Compuware Abend-AID user data sets is limited to Application Development Programmers and Application Production Support Team members. Read access can be given to auditors.

(Note: The data sets and/or data set prefixes identified below are examples of a possible installation. The actual data sets and/or prefixes are determined when the product is actually installed on a system through the product's installation guide and can be site specific.)

Data sets to be protected will be:

Region dump datasets
Report databases
Source listing files/source listing shared directories

The following commands are provided as a sample for implementing data set controls:

$KEY(S3A) 
$PREFIX(SYS3)
ABENDAID.SHARED-.- UID(appdaudt) R(A) W(A)
ABENDAID.SHARED-.- UID(appsaudt) R(A) W(A)
ABENDAID.SHARED-.- UID(AbendAID STCs) R(A) W(A) A(A) E(A)
ABENDAID.SHARED-.- UID(syspaudt) R(A) W(A) A(A) E(A)

ABENDAID.SHARED-.- UID(tstcaudt) R(A) W(A) A(A) E(A)
ABENDAID.SHARED-.- UID(audtaudt) R(A)
ABENDAID.REPORTDB-.- UID(appdaudt) R(A) W(A)
ABENDAID.REPORTDB-.- UID(appsaudt) R(A) W(A)
ABENDAID.REPORTDB-.- UID(AbendAID STCs) R(A) W(A) A(A) E(A)
ABENDAID.REPORTED-.- UID(syspaudt) R(A) W(A) A(A) E(A)
ABENDAID.REPORTED-.- UID(tstcaudt) R(A) W(A) A(A) E(A) 
ABENDAID.REPORTDB-.- UID(audtaudt) R(A)

SET RULE
COMPILE 'ACF2.MVA.DSNRULES(S3A)' STORE
</fixtext><fix id="F-25953r868073_fix" /><check system="C-25965r868072_chk"><check-content-ref href="zOS_Compuware_Abend-AID_for_ACF2_STIG.xml" name="M" /><check-content>Refer to the following report produced by the Data Set and Resource Data Collection:

- SENSITVE.RPT(AIDUSER)

Automated Analysis
Refer to the following report produced by the Data Set and Resource Data Collection:

- PDI(ZAID0002)

Verify that the accesses to the following Compuware Abend-AID user data sets are properly restricted:
Region dump datasets
Report databases
Source listing files/source listing shared directories

If the following guidance is true, this is not a finding.

___ The ACF2 data set rules for the listed data sets restricts READ access to auditors.

___ The ACF2 data set rules for the listed data sets restricts WRITE and/or greater access to systems programming personnel.

___ The ACF2 data set rules for the listed data sets restricts WRITE and/or greater access to the Compuware Abend-AID's STC(s) and/or batch user(s).

___ The ACF2 data set rules for the listed data sets restricts WRITE access to Application Development Programmers and Application Production Support Team members.</check-content></check></Rule></Group><Group id="V-224293"><title>SRG-OS-000018</title><description>&lt;GroupDescription&gt;&lt;/GroupDescription&gt;</description><Rule id="SV-224293r1041193_rule" weight="10.0" severity="medium"><version>ZAIDA020</version><title>Compuware Abend-AID resources must be properly defined and protected.</title><description>&lt;VulnDiscussion&gt;Compuware Abend-AID can run with sensitive system privileges, and potentially can circumvent system controls. Failure to properly control access to product resources could result in the compromise of the operating system environment, and compromise the confidentiality of customer data. Many utilities assign resource controls that can be granted to systems programmers only in greater than read authority. Resources are also granted to certain nonsystems personnel with read only authority.&lt;/VulnDiscussion&gt;&lt;FalsePositives&gt;&lt;/FalsePositives&gt;&lt;FalseNegatives&gt;&lt;/FalseNegatives&gt;&lt;Documentable&gt;false&lt;/Documentable&gt;&lt;Mitigations&gt;&lt;/Mitigations&gt;&lt;SeverityOverrideGuidance&gt;&lt;/SeverityOverrideGuidance&gt;&lt;PotentialImpacts&gt;&lt;/PotentialImpacts&gt;&lt;ThirdPartyTools&gt;&lt;/ThirdPartyTools&gt;&lt;MitigationControl&gt;&lt;/MitigationControl&gt;&lt;Responsibility&gt;&lt;/Responsibility&gt;&lt;IAControls&gt;&lt;/IAControls&gt;</description><reference><dc:title>DPMS Target zOS Compuware Abend-AID for ACF2</dc:title><dc:publisher>DISA</dc:publisher><dc:type>DPMS Target</dc:type><dc:subject>zOS Compuware Abend-AID for ACF2</dc:subject><dc:identifier>4118</dc:identifier></reference><ident system="http://cyber.mil/legacy">SV-44084</ident><ident system="http://cyber.mil/legacy">V-17947</ident><ident system="http://cyber.mil/cci">CCI-000213</ident><fixtext fixref="F-25954r868076_fix">Ensure that the following are properly specified in the ACP.

(Note: The resources and/or resource prefixes identified below are examples of a possible installation. The actual resources and/or prefixes are determined when the product is actually installed on a system through the product's installation guide and can be site specific.)

Use the Compuware Abend-AID Resources and Compuware Abend-AID Resources Descriptions tables in the zOS STIG Addendum. These tables list the resources, access requirements, and logging requirement for Compuware Abend-AID. Ensure the guidelines for the resources and/or generic equivalent specified in the z/OS STIG Addendum are followed.

Note: The Compuware Abend-AID resource class is identified in the Viewer Server's STC configuration procedure, CWPARM DD statement, member name AAVW00, using the parameter setting EXTERNAL_SECURITY_RESOURCE_CLASS. In addition, there is a parameter that identifies the prefix for all resources, which is EXTERNAL_SECURITY_PREFIX.

The ACF2 resources as designated in the above table are defined with a default access of PREVENT.

The ACF2 resource access authorizations restrict access to the appropriate personnel as designated in the above table.

The following commands are provided as a sample for implementing resource controls:

$KEY(prefix) TYPE(resource-type)
SERVER.LOGON.FD.- UID(appdaudt) ALLOW
SERVER.LOGON.FD.- UID(appsaudt) ALLOW
SERVER.LOGON.FD.- UID(operaudt) ALLOW
SERVER.LOGON.FD.- UID(syspaudt) ALLOW
- UID(*) PREVENT</fixtext><fix id="F-25954r868076_fix" /><check system="C-25966r868075_chk"><check-content-ref href="zOS_Compuware_Abend-AID_for_ACF2_STIG.xml" name="M" /><check-content>Refer to the following report produced by the ACF2 Data Collection and Data Set and Resource Data Collection:

- SENSITVE.RPT(ZAID0020)
- ACF2CMDS.RPT(RESOURCE) - Alternate report

Automated Analysis
Refer to the following report produced by the Data Set and Resource Data Collection:

- PDI(ZAID0020)

NOTE: The Abend-AID resource class is identified in the Enterprise Common Components (ECC) STC procedure, CWPARM DD statement, member name AAVW00, using the parameter setting EXTERNAL_SECURITY_RESOURCE_CLASS.

Verify that the accesses to resources and/or generic equivalent are properly restricted according to the requirements specified in the Compuware Abend-AID Resources table in the z/OS STIG Addendum. 

If the following guidance is true, this is not a finding.

___ The ACF2 resources are defined with a default access of PREVENT.

___ The ACF2 resource access authorizations restrict access to the appropriate personnel.</check-content></check></Rule></Group><Group id="V-224294"><title>SRG-OS-000104</title><description>&lt;GroupDescription&gt;&lt;/GroupDescription&gt;</description><Rule id="SV-224294r958482_rule" weight="10.0" severity="medium"><version>ZAIDA030</version><title>Compuware Abend-AID Started Task name will be properly identified and/or defined to the system ACP.</title><description>&lt;VulnDiscussion&gt;Compuware Abend-AID requires a started task that will be restricted to certain resources, datasets and other system functions. By defining the started task as a userid to the system ACP, It allows the ACP to control the access and authorized users that require these capabilities. Failure to properly control these capabilities, could compromise of the operating system environment, ACP, and customer data.&lt;/VulnDiscussion&gt;&lt;FalsePositives&gt;&lt;/FalsePositives&gt;&lt;FalseNegatives&gt;&lt;/FalseNegatives&gt;&lt;Documentable&gt;false&lt;/Documentable&gt;&lt;Mitigations&gt;&lt;/Mitigations&gt;&lt;SeverityOverrideGuidance&gt;&lt;/SeverityOverrideGuidance&gt;&lt;PotentialImpacts&gt;&lt;/PotentialImpacts&gt;&lt;ThirdPartyTools&gt;&lt;/ThirdPartyTools&gt;&lt;MitigationControl&gt;&lt;/MitigationControl&gt;&lt;Responsibility&gt;&lt;/Responsibility&gt;&lt;IAControls&gt;&lt;/IAControls&gt;</description><reference><dc:title>DPMS Target zOS Compuware Abend-AID for ACF2</dc:title><dc:publisher>DISA</dc:publisher><dc:type>DPMS Target</dc:type><dc:subject>zOS Compuware Abend-AID for ACF2</dc:subject><dc:identifier>4118</dc:identifier></reference><ident system="http://cyber.mil/legacy">SV-43174</ident><ident system="http://cyber.mil/legacy">V-17452</ident><ident system="http://cyber.mil/cci">CCI-000764</ident><fixtext fixref="F-25955r519810_fix">The IAO working with the systems programmer will ensure the Compuware Abend-AID Started Task(s) is properly identified and/or defined to the System ACP. 

If the product requires a Started Task, verify that it is properly defined to the System ACP with the proper attributes.

Most installation manuals will indicate how the Started Task is identified and any additional attributes that must be specified.

The following commands are provided as a sample for defining Started Task(s):

SET LID
insert AAVIEWER stc name('STC, Compuware Abend-AID Viewer')
insert BDCAS stc name('STC, Compuware Abend-AID')
insert TDCAS stc name('STC, Compuware Abend-AID for CICS')</fixtext><fix id="F-25955r519810_fix" /><check system="C-25967r519809_chk"><check-content-ref href="zOS_Compuware_Abend-AID_for_ACF2_STIG.xml" name="M" /><check-content>Refer to the following report produced by the ACF2 Data Collection:

-	ACF2CMDS.RPT(ATTSTC)

Verify that the logonid(s) for the Compuware Abend-AID started task(s) is (are) properly defined.  If the following attributes are defined, this is not a finding.

STC</check-content></check></Rule></Group></Benchmark>