<?xml version="1.0" encoding="utf-8"?><?xml-stylesheet type='text/xsl' href='STIG_unclass.xsl'?><Benchmark xmlns:dc="http://purl.org/dc/elements/1.1/" xmlns:xsi="http://www.w3.org/2001/XMLSchema-instance" xmlns:cpe="http://cpe.mitre.org/language/2.0" xmlns:xhtml="http://www.w3.org/1999/xhtml" xmlns:dsig="http://www.w3.org/2000/09/xmldsig#" xsi:schemaLocation="http://checklists.nist.gov/xccdf/1.1 http://nvd.nist.gov/schema/xccdf-1.1.4.xsd http://cpe.mitre.org/dictionary/2.0 http://cpe.mitre.org/files/cpe-dictionary_2.1.xsd" id="VMW_NSX_4-x_Distributed_FW_STIG" xml:lang="en" xmlns="http://checklists.nist.gov/xccdf/1.1"><status date="2024-12-13">accepted</status><title>VMware NSX 4.x Distributed Firewall Security Technical Implementation Guide</title><description>This Security Technical Implementation Guide is published as a tool to improve the security of Department of Defense (DOD) information systems. The requirements are derived from the National Institute of Standards and Technology (NIST) 800-53 and related documents. Comments or proposed revisions to this document should be sent via email to the following address: disa.stig_spt@mail.mil.</description><notice id="terms-of-use" xml:lang="en"></notice><front-matter xml:lang="en"></front-matter><rear-matter xml:lang="en"></rear-matter><reference href="https://cyber.mil"><dc:publisher>DISA</dc:publisher><dc:source>STIG.DOD.MIL</dc:source></reference><plain-text id="release-info">Release: 2 Benchmark Date: 30 Jan 2025</plain-text><plain-text id="generator">3.5</plain-text><plain-text id="conventionsVersion">1.10.0</plain-text><version>1</version><Profile id="MAC-1_Classified"><title>I - Mission Critical Classified</title><description>&lt;ProfileDescription&gt;&lt;/ProfileDescription&gt;</description><select idref="V-265612" selected="true" /><select idref="V-265618" selected="true" /><select idref="V-265619" selected="true" /><select idref="V-265628" selected="true" /><select idref="V-265630" selected="true" /><select idref="V-265633" selected="true" /></Profile><Profile id="MAC-1_Public"><title>I - Mission Critical Public</title><description>&lt;ProfileDescription&gt;&lt;/ProfileDescription&gt;</description><select idref="V-265612" selected="true" /><select idref="V-265618" selected="true" /><select idref="V-265619" selected="true" /><select idref="V-265628" selected="true" /><select idref="V-265630" selected="true" /><select idref="V-265633" selected="true" /></Profile><Profile id="MAC-1_Sensitive"><title>I - Mission Critical Sensitive</title><description>&lt;ProfileDescription&gt;&lt;/ProfileDescription&gt;</description><select idref="V-265612" selected="true" /><select idref="V-265618" selected="true" /><select idref="V-265619" selected="true" /><select idref="V-265628" selected="true" /><select idref="V-265630" selected="true" /><select idref="V-265633" selected="true" /></Profile><Profile id="MAC-2_Classified"><title>II - Mission Support Classified</title><description>&lt;ProfileDescription&gt;&lt;/ProfileDescription&gt;</description><select idref="V-265612" selected="true" /><select idref="V-265618" selected="true" /><select idref="V-265619" selected="true" /><select idref="V-265628" selected="true" /><select idref="V-265630" selected="true" /><select idref="V-265633" selected="true" /></Profile><Profile id="MAC-2_Public"><title>II - Mission Support Public</title><description>&lt;ProfileDescription&gt;&lt;/ProfileDescription&gt;</description><select idref="V-265612" selected="true" /><select idref="V-265618" selected="true" /><select idref="V-265619" selected="true" /><select idref="V-265628" selected="true" /><select idref="V-265630" selected="true" /><select idref="V-265633" selected="true" /></Profile><Profile id="MAC-2_Sensitive"><title>II - Mission Support Sensitive</title><description>&lt;ProfileDescription&gt;&lt;/ProfileDescription&gt;</description><select idref="V-265612" selected="true" /><select idref="V-265618" selected="true" /><select idref="V-265619" selected="true" /><select idref="V-265628" selected="true" /><select idref="V-265630" selected="true" /><select idref="V-265633" selected="true" /></Profile><Profile id="MAC-3_Classified"><title>III - Administrative Classified</title><description>&lt;ProfileDescription&gt;&lt;/ProfileDescription&gt;</description><select idref="V-265612" selected="true" /><select idref="V-265618" selected="true" /><select idref="V-265619" selected="true" /><select idref="V-265628" selected="true" /><select idref="V-265630" selected="true" /><select idref="V-265633" selected="true" /></Profile><Profile id="MAC-3_Public"><title>III - Administrative Public</title><description>&lt;ProfileDescription&gt;&lt;/ProfileDescription&gt;</description><select idref="V-265612" selected="true" /><select idref="V-265618" selected="true" /><select idref="V-265619" selected="true" /><select idref="V-265628" selected="true" /><select idref="V-265630" selected="true" /><select idref="V-265633" selected="true" /></Profile><Profile id="MAC-3_Sensitive"><title>III - Administrative Sensitive</title><description>&lt;ProfileDescription&gt;&lt;/ProfileDescription&gt;</description><select idref="V-265612" selected="true" /><select idref="V-265618" selected="true" /><select idref="V-265619" selected="true" /><select idref="V-265628" selected="true" /><select idref="V-265630" selected="true" /><select idref="V-265633" selected="true" /></Profile><Group id="V-265612"><title>SRG-NET-000074-FW-000009</title><description>&lt;GroupDescription&gt;&lt;/GroupDescription&gt;</description><Rule id="SV-265612r993933_rule" weight="10.0" severity="low"><version>NDFW-4X-000004</version><title>The NSX Distributed Firewall must generate traffic log entries that can be sent by the ESXi hosts to the central syslog.</title><description>&lt;VulnDiscussion&gt;Without establishing what type of event occurred, it would be difficult to establish, correlate, and investigate the events leading up to an outage or attack.

Audit event content that may be necessary to satisfy this requirement includes, for example, time stamps, source and destination addresses, user/process identifiers, event descriptions, success/fail indications, filenames involved, and access control or flow control rules invoked.

Associating event types with detected events in the network element logs provides a means of investigating an attack, recognizing resource utilization or capacity thresholds, or identifying an improperly configured network element.

Satisfies: SRG-NET-000074-FW-000009, SRG-NET-000075-FW-000010, SRG-NET-000076-FW-000011, SRG-NET-000077-FW-000012, SRG-NET-000078-FW-000013, SRG-NET-000492-FW-000006, SRG-NET-000493-FW-000007&lt;/VulnDiscussion&gt;&lt;FalsePositives&gt;&lt;/FalsePositives&gt;&lt;FalseNegatives&gt;&lt;/FalseNegatives&gt;&lt;Documentable&gt;false&lt;/Documentable&gt;&lt;Mitigations&gt;&lt;/Mitigations&gt;&lt;SeverityOverrideGuidance&gt;&lt;/SeverityOverrideGuidance&gt;&lt;PotentialImpacts&gt;&lt;/PotentialImpacts&gt;&lt;ThirdPartyTools&gt;&lt;/ThirdPartyTools&gt;&lt;MitigationControl&gt;&lt;/MitigationControl&gt;&lt;Responsibility&gt;&lt;/Responsibility&gt;&lt;IAControls&gt;&lt;/IAControls&gt;</description><reference><dc:title>DPMS Target VMware NSX 4.x Distributed Firewall</dc:title><dc:publisher>DISA</dc:publisher><dc:type>DPMS Target</dc:type><dc:subject>VMware NSX 4.x Distributed Firewall</dc:subject><dc:identifier>5630</dc:identifier></reference><ident system="http://cyber.mil/cci">CCI-000130</ident><ident system="http://cyber.mil/cci">CCI-000131</ident><ident system="http://cyber.mil/cci">CCI-000132</ident><ident system="http://cyber.mil/cci">CCI-000133</ident><ident system="http://cyber.mil/cci">CCI-000134</ident><ident system="http://cyber.mil/cci">CCI-000172</ident><fixtext fixref="F-69437r993932_fix">From the NSX Manager web interface, navigate to Security &gt;&gt; Policy Management &gt;&gt; Distributed Firewall &gt;&gt; Category Specific Rules.

For each rule that has logging disabled, click the gear icon, toggle the logging option to "Enable", and click "Apply".

or

For each Policy or Section, click the menu icon on the left and select "Enable Logging for All Rules".

After all changes are made, click "Publish".

NOTE: Syslog and alert monitoring procedure: Syslog configuration is in the vSphere ESXi STIG where there is a control to require syslog configuration. This is because the NSX Distributed Firewall data plane is not directly configured to communicate with the central log server/syslog. The firewall runs in a distributed manner across ESXi hosts, and the traffic logs for the DFW are located on each host for the traffic it processes and are forwarded from each host to a centralized syslog server. Thus, ESXi hosts must be configured to send the syslogs to the log server. In turn, the syslog must be configured to send all required alerts, including when unknown or out-of-order extension headers are detected in inbound and outbound IPv6 traffic.</fixtext><fix id="F-69437r993932_fix" /><check system="C-69529r993931_chk"><check-content-ref href="VMware_NSX_4.x_Distributed_Firewall_STIG.xml" name="M" /><check-content>From the NSX Manager web interface, navigate to Security &gt;&gt; Policy Management &gt;&gt; Distributed Firewall &gt;&gt; All Rules.

For each rule, click the gear icon and verify the logging setting.

If logging is not enabled for any rule, this is a finding.</check-content></check></Rule></Group><Group id="V-265618"><title>SRG-NET-000193-FW-000030</title><description>&lt;GroupDescription&gt;&lt;/GroupDescription&gt;</description><Rule id="SV-265618r993951_rule" weight="10.0" severity="medium"><version>NDFW-4X-000015</version><title>The NSX Distributed Firewall must limit the effects of packet flooding types of denial-of-service (DoS) attacks.</title><description>&lt;VulnDiscussion&gt;A firewall experiencing a DoS attack will not be able to handle production traffic load. The high utilization and CPU caused by a DoS attack will also have an effect on control keep-alives and timers used for neighbor peering resulting in route flapping and will eventually black hole production traffic.

The device must be configured to contain and limit a DoS attack's effect on the device's resource utilization. The use of redundant components and load balancing are examples of mitigating "flood-type" DoS attacks through increased capacity.

Satisfies: SRG-NET-000193-FW-000030, SRG-NET-000192-FW-000029, SRG-NET-000362-FW-000028&lt;/VulnDiscussion&gt;&lt;FalsePositives&gt;&lt;/FalsePositives&gt;&lt;FalseNegatives&gt;&lt;/FalseNegatives&gt;&lt;Documentable&gt;false&lt;/Documentable&gt;&lt;Mitigations&gt;&lt;/Mitigations&gt;&lt;SeverityOverrideGuidance&gt;&lt;/SeverityOverrideGuidance&gt;&lt;PotentialImpacts&gt;&lt;/PotentialImpacts&gt;&lt;ThirdPartyTools&gt;&lt;/ThirdPartyTools&gt;&lt;MitigationControl&gt;&lt;/MitigationControl&gt;&lt;Responsibility&gt;&lt;/Responsibility&gt;&lt;IAControls&gt;&lt;/IAControls&gt;</description><reference><dc:title>DPMS Target VMware NSX 4.x Distributed Firewall</dc:title><dc:publisher>DISA</dc:publisher><dc:type>DPMS Target</dc:type><dc:subject>VMware NSX 4.x Distributed Firewall</dc:subject><dc:identifier>5630</dc:identifier></reference><ident system="http://cyber.mil/cci">CCI-001095</ident><ident system="http://cyber.mil/cci">CCI-001094</ident><ident system="http://cyber.mil/cci">CCI-002385</ident><fixtext fixref="F-69443r993950_fix">To create a new Flood Protection profile:

From the NSX Manager web interface, navigate to Security &gt;&gt; Settings &gt;&gt; General Settings &gt;&gt; Firewall &gt;&gt; Flood Protection &gt;&gt; Add Profile &gt;&gt; Add Firewall Profile.

Enter a name and specify appropriate values for the following: TCP Half Open Connection limit, UDP Active Flow Limit, ICMP Active Flow Limit, and Other Active Connection Limit.

Enable SYN Cache and RST Spoofing, configure the "Applied To" field with the appropriate security groups, and click "Save".</fixtext><fix id="F-69443r993950_fix" /><check system="C-69535r993949_chk"><check-content-ref href="VMware_NSX_4.x_Distributed_Firewall_STIG.xml" name="M" /><check-content>From the NSX Manager web interface, navigate to Security &gt;&gt; Settings &gt;&gt; General Settings &gt;&gt; Firewall &gt;&gt; Flood Protection to view Flood Protection profiles.

If there are no Flood Protection profiles of type "Distributed Firewall", this is a finding.

If the TCP Half Open Connection limit, UDP Active Flow Limit, ICMP Active Flow Limit, and Other Active Connection Limit are "not set" or SYN Cache and RST Spoofing is not Enabled on a profile, this is a finding.

For each distributed firewall flood protection profile, examine the "Applied To" field to view the workloads it is protecting.

If a distributed firewall flood protection profile is not applied to all workloads through one or more policies, this is a finding.</check-content></check></Rule></Group><Group id="V-265619"><title>SRG-NET-000202-FW-000039</title><description>&lt;GroupDescription&gt;&lt;/GroupDescription&gt;</description><Rule id="SV-265619r993954_rule" weight="10.0" severity="medium"><version>NDFW-4X-000016</version><title>The NSX Distributed Firewall must deny network communications traffic by default and allow network communications traffic by exception.</title><description>&lt;VulnDiscussion&gt;To prevent malicious or accidental leakage of traffic, organizations must implement a deny-by-default security posture at the network perimeter. Such rulesets prevent many malicious exploits or accidental leakage by restricting the traffic to only known sources and only those ports, protocols, or services that are permitted and operationally necessary.

As a managed boundary interface, the firewall must block all inbound and outbound network traffic unless a filter is installed to explicitly allow it. The allow filters must comply with the Ports, Protocols, and Services Management (PPSM) Category Assurance List (CAL) and Vulnerability Assessment (VA).

Satisfies: SRG-NET-000202-FW-000039, SRG-NET-000235-FW-000133&lt;/VulnDiscussion&gt;&lt;FalsePositives&gt;&lt;/FalsePositives&gt;&lt;FalseNegatives&gt;&lt;/FalseNegatives&gt;&lt;Documentable&gt;false&lt;/Documentable&gt;&lt;Mitigations&gt;&lt;/Mitigations&gt;&lt;SeverityOverrideGuidance&gt;&lt;/SeverityOverrideGuidance&gt;&lt;PotentialImpacts&gt;&lt;/PotentialImpacts&gt;&lt;ThirdPartyTools&gt;&lt;/ThirdPartyTools&gt;&lt;MitigationControl&gt;&lt;/MitigationControl&gt;&lt;Responsibility&gt;&lt;/Responsibility&gt;&lt;IAControls&gt;&lt;/IAControls&gt;</description><reference><dc:title>DPMS Target VMware NSX 4.x Distributed Firewall</dc:title><dc:publisher>DISA</dc:publisher><dc:type>DPMS Target</dc:type><dc:subject>VMware NSX 4.x Distributed Firewall</dc:subject><dc:identifier>5630</dc:identifier></reference><ident system="http://cyber.mil/cci">CCI-001109</ident><ident system="http://cyber.mil/cci">CCI-001190</ident><fixtext fixref="F-69444r993953_fix">From the NSX Manager web interface, navigate to Security &gt;&gt; Policy Management &gt;&gt; Distributed Firewall &gt;&gt; Category Specific Rules &gt;&gt; APPLICATION &gt;&gt; Default Layer3 Section &gt;&gt; Default Layer3 Rule and change action to "Drop" or "Reject".

After all changes are made, click "Publish".

Note: Before enabling, ensure the necessary rules to whitelist approved traffic are created and published, or this change may result in loss of communication for workloads.</fixtext><fix id="F-69444r993953_fix" /><check system="C-69536r993952_chk"><check-content-ref href="VMware_NSX_4.x_Distributed_Firewall_STIG.xml" name="M" /><check-content>From the NSX Manager web interface, navigate to Security &gt;&gt; Policy Management &gt;&gt; Distributed Firewall &gt;&gt; Category Specific Rules &gt;&gt; APPLICATION &gt;&gt; Default Layer3 Section &gt;&gt; Default Layer3 Rule &gt;&gt; Action.

If the Default Layer3 Rule is set to "ALLOW", this is a finding.</check-content></check></Rule></Group><Group id="V-265628"><title>SRG-NET-000364-FW-000040</title><description>&lt;GroupDescription&gt;&lt;/GroupDescription&gt;</description><Rule id="SV-265628r993981_rule" weight="10.0" severity="medium"><version>NDFW-4X-000027</version><title>The NSX Distributed Firewall must be configured to inspect traffic at the application layer.</title><description>&lt;VulnDiscussion&gt;Application inspection enables the firewall to control traffic based on different parameters that exist within the packets such as enforcing application-specific message and field length. Inspection provides improved protection against application-based attacks by restricting the types of commands allowed for the applications. Application inspection all enforces conformance against published RFCs.

Some applications embed an IP address in the packet that needs to match the source address that is normally translated when it goes through the firewall. By enabling application inspection for a service that embeds IP addresses, the firewall translates embedded addresses and updates any checksum or other fields that are affected by the translation. By enabling application inspection for a service that uses dynamically assigned ports, the firewall monitors sessions to identify the dynamic port assignments, and permits data exchange on these ports for the duration of the specific session.&lt;/VulnDiscussion&gt;&lt;FalsePositives&gt;&lt;/FalsePositives&gt;&lt;FalseNegatives&gt;&lt;/FalseNegatives&gt;&lt;Documentable&gt;false&lt;/Documentable&gt;&lt;Mitigations&gt;&lt;/Mitigations&gt;&lt;SeverityOverrideGuidance&gt;&lt;/SeverityOverrideGuidance&gt;&lt;PotentialImpacts&gt;&lt;/PotentialImpacts&gt;&lt;ThirdPartyTools&gt;&lt;/ThirdPartyTools&gt;&lt;MitigationControl&gt;&lt;/MitigationControl&gt;&lt;Responsibility&gt;&lt;/Responsibility&gt;&lt;IAControls&gt;&lt;/IAControls&gt;</description><reference><dc:title>DPMS Target VMware NSX 4.x Distributed Firewall</dc:title><dc:publisher>DISA</dc:publisher><dc:type>DPMS Target</dc:type><dc:subject>VMware NSX 4.x Distributed Firewall</dc:subject><dc:identifier>5630</dc:identifier></reference><ident system="http://cyber.mil/cci">CCI-000366</ident><fixtext fixref="F-69453r993980_fix">From the NSX Manager web interface, navigate to Security &gt;&gt; Policy Management &gt;&gt; Distributed Firewall &gt;&gt; Category Specific Rules.

For each rule that should have a Context Profile enabled, click the pencil icon in the Context Profile column.

Select an existing Context Profile or create a custom one then click "Apply".

After all changes are made, click "Publish".

Note: This control does not apply to Ethernet rules.

Not all App IDs will be suitable for use in all cases and should be evaluated in each environment before use.

A list of App IDs for application layer rules is available here: https://docs.vmware.com/en/NSX-Application-IDs/index.html.</fixtext><fix id="F-69453r993980_fix" /><check system="C-69545r993979_chk"><check-content-ref href="VMware_NSX_4.x_Distributed_Firewall_STIG.xml" name="M" /><check-content>From the NSX Manager web interface, navigate to Security &gt;&gt; Distributed Firewall &gt;&gt; All Rules.

Review rules that do not have a Context Profile assigned. For example, if a rule exists to allow SSH by service or custom port, then it should have the associated SSH Context Profile applied.

If any rules with services defined have an associated suitable Context Profile but do not have one applied, this is a finding.</check-content></check></Rule></Group><Group id="V-265630"><title>SRG-NET-000364-FW-000042</title><description>&lt;GroupDescription&gt;&lt;/GroupDescription&gt;</description><Rule id="SV-265630r993987_rule" weight="10.0" severity="medium"><version>NDFW-4X-000029</version><title>The NSX Distributed Firewall must configure SpoofGuard to restrict it from accepting outbound packets that contain an illegitimate address in the source address.</title><description>&lt;VulnDiscussion&gt;A compromised host in an enclave can be used by a malicious platform to launch cyberattacks on third parties. This is a common practice in "botnets", which are a collection of compromised computers using malware to attack other computers or networks. Distributed denial-of-service (DDoS) attacks frequently leverage IP source address spoofing to send packets to multiple hosts that in turn will then send return traffic to the hosts with the IP addresses that were forged. This can generate significant amounts of traffic. Therefore, protection measures to counteract IP source address spoofing must be taken.

SpoofGuard is a tool that is designed to prevent virtual machines from sending traffic with an IP address from which it is not authorized to send traffic. In the instance that a virtual machine's IP address does not match the IP address on the corresponding logical port and segment address binding in SpoofGuard, the virtual machine's virtual network interface card (vNIC) is prevented from accessing the network entirely. SpoofGuard can be configured at the port or segment level. There are several reasons SpoofGuard might be used, but for the distributed firewall it will guarantee that rules will not be inadvertently (or deliberately) bypassed. For distributed firewall (DFW) rules created using IP sets as sources or destinations, the possibility always exists that a virtual machine could have its IP address forged in the packet header, thereby bypassing the rules in question.&lt;/VulnDiscussion&gt;&lt;FalsePositives&gt;&lt;/FalsePositives&gt;&lt;FalseNegatives&gt;&lt;/FalseNegatives&gt;&lt;Documentable&gt;false&lt;/Documentable&gt;&lt;Mitigations&gt;&lt;/Mitigations&gt;&lt;SeverityOverrideGuidance&gt;&lt;/SeverityOverrideGuidance&gt;&lt;PotentialImpacts&gt;&lt;/PotentialImpacts&gt;&lt;ThirdPartyTools&gt;&lt;/ThirdPartyTools&gt;&lt;MitigationControl&gt;&lt;/MitigationControl&gt;&lt;Responsibility&gt;&lt;/Responsibility&gt;&lt;IAControls&gt;&lt;/IAControls&gt;</description><reference><dc:title>DPMS Target VMware NSX 4.x Distributed Firewall</dc:title><dc:publisher>DISA</dc:publisher><dc:type>DPMS Target</dc:type><dc:subject>VMware NSX 4.x Distributed Firewall</dc:subject><dc:identifier>5630</dc:identifier></reference><ident system="http://cyber.mil/cci">CCI-000366</ident><fixtext fixref="F-69455r993986_fix">To create a segment profile with SpoofGuard enabled, do the following:

From the NSX Manager web interface, navigate to Networking &gt;&gt; Connectivity &gt;&gt; Segments &gt;&gt; Profiles &gt;&gt; Segment Profiles &gt;&gt; Add Segment Profile &gt;&gt; SpoofGuard.

Enter a profile name and enable port bindings, then click "Save".

To update a segments SpoofGuard profile, do the following:

From the NSX Manager web interface, navigate to the Networking &gt;&gt; Connectivity &gt;&gt; Segments &gt;&gt; NSX, and click "Edit" from the drop-down menu next to the target segment.

Expand "Segment Profiles" then choose the new SpoofGuard profile from the drop-down list, and then click "Save".</fixtext><fix id="F-69455r993986_fix" /><check system="C-69547r993985_chk"><check-content-ref href="VMware_NSX_4.x_Distributed_Firewall_STIG.xml" name="M" /><check-content>Identity SpoofGuard profiles in use by doing the following:

From the NSX Manager web interface, navigate to Networking &gt;&gt; Connectivity &gt;&gt; Segments &gt;&gt; NSX.

For each segment, expand view Segment Profiles &gt;&gt; SpoofGuard to note the profiles in use.

Review SpoofGuard profile configuration by doing the following:

From the NSX Manager web interface, navigate to Networking &gt;&gt; Connectivity &gt;&gt; Segments &gt;&gt; Profiles &gt;&gt; Segment Profiles.

Review the SpoofGuard profiles previously identified as assigned to segments to ensure the following configuration:

Port Bindings: Yes

If a segment is not configured with a SpoofGuard profile that has port bindings enabled, this is a finding.</check-content></check></Rule></Group><Group id="V-265633"><title>SRG-NET-000364-FW-000042</title><description>&lt;GroupDescription&gt;&lt;/GroupDescription&gt;</description><Rule id="SV-265633r993996_rule" weight="10.0" severity="high"><version>NDFW-4X-000034</version><title>The NSX Distributed Firewall must configure an IP Discovery profile to disable trust on every use method.</title><description>&lt;VulnDiscussion&gt;A compromised host in an enclave can be used by a malicious platform to launch cyberattacks on third parties. This is a common practice in "botnets", which are a collection of compromised computers using malware to attack other computers or networks. Distributed denial-of-service (DDoS) attacks frequently leverage IP source address spoofing to send packets to multiple hosts that in turn will then send return traffic to the hosts with the IP addresses that were forged. This can generate significant amounts of traffic. Therefore, protection measures to counteract IP source address spoofing must be taken.

IP Discovery in NSX uses DHCP and DHCPv6 snooping, Address Resolution Protocol (ARP) snooping, Neighbor Discovery (ND) snooping, and VM Tools to learn MAC and IP addresses.

The discovered MAC and IP addresses are used to achieve ARP/ND suppression, which minimizes traffic between VMs connected to the same logical switch. The addresses are also used by the SpoofGuard and distributed firewall (DFW) components. DFW uses the address bindings to determine the IP address of objects in firewall rules.

By default, the discovery methods ARP snooping and ND snooping operate in a mode called trust on first use (TOFU). In TOFU mode, when an address is discovered and added to the realized bindings list, that binding remains in the realized list forever. TOFU applies to the first "n" unique &lt;IP, MAC, VLAN&gt; bindings discovered using ARP/ND snooping, where "n" is the configurable binding limit. Users can disable TOFU for ARP/ND snooping. The methods will then operate in trust on every use (TOEU) mode. In TOEU mode, when an address is discovered, it is added to the realized bindings list and when it is deleted or expired, it is removed from the realized bindings list. DHCP snooping and VM Tools always operate in TOEU mode.&lt;/VulnDiscussion&gt;&lt;FalsePositives&gt;&lt;/FalsePositives&gt;&lt;FalseNegatives&gt;&lt;/FalseNegatives&gt;&lt;Documentable&gt;false&lt;/Documentable&gt;&lt;Mitigations&gt;&lt;/Mitigations&gt;&lt;SeverityOverrideGuidance&gt;&lt;/SeverityOverrideGuidance&gt;&lt;PotentialImpacts&gt;&lt;/PotentialImpacts&gt;&lt;ThirdPartyTools&gt;&lt;/ThirdPartyTools&gt;&lt;MitigationControl&gt;&lt;/MitigationControl&gt;&lt;Responsibility&gt;&lt;/Responsibility&gt;&lt;IAControls&gt;&lt;/IAControls&gt;</description><reference><dc:title>DPMS Target VMware NSX 4.x Distributed Firewall</dc:title><dc:publisher>DISA</dc:publisher><dc:type>DPMS Target</dc:type><dc:subject>VMware NSX 4.x Distributed Firewall</dc:subject><dc:identifier>5630</dc:identifier></reference><ident system="http://cyber.mil/cci">CCI-000366</ident><fixtext fixref="F-69458r993995_fix">To create a segment profile for IP Discovery, do the following:

From the NSX Manager web interface, navigate to Networking &gt;&gt; Connectivity &gt;&gt; Segments &gt;&gt; NSX &gt;&gt; Profiles &gt;&gt; Segment Profiles &gt;&gt; Add Segment Profile &gt;&gt; IP Discovery.

Enter a profile name then configure the below settings:

Duplicate IP Detection: Enabled
ARP Snooping: Enabled
ARP Binding Limit: 1
DHCP Snooping: Disabled
DHCP Snooping - IPv6: Disabled
VMware Tools: Disabled
VMware Tools - IPv6: Disabled
Trust on First Use: Enabled

Click "Save".

Note: ND Snooping may be enabled if IPv6 is in use.

To update a segments IP Discovery profile, do the following:

From the NSX Manager web interface, navigate to the Networking &gt;&gt; Connectivity &gt;&gt; Segments &gt;&gt; NSX, and click "Edit" from the drop-down menu next to the target segment.

Expand "Segment Profiles" then choose the new IP Discovery profile from the drop-down list, and then click "Save".</fixtext><fix id="F-69458r993995_fix" /><check system="C-69550r993994_chk"><check-content-ref href="VMware_NSX_4.x_Distributed_Firewall_STIG.xml" name="M" /><check-content>Identify IP Discovery profiles in use by doing the following:

From the NSX Manager web interface, navigate to Networking &gt;&gt; Connectivity &gt;&gt; Segments &gt;&gt; NSX.

For each segment, expand view Segment Profiles &gt;&gt; IP Discovery to note the profiles in use.

Review IP Discovery profile configuration by doing the following:

From the NSX Manager web interface, navigate to Networking &gt;&gt; Connectivity &gt;&gt; Segments &gt;&gt; Profiles &gt;&gt; Segment Profiles.

Review the IP Discovery profiles previously identified as assigned to segments to ensure the following configuration:

Duplicate IP Detection: Enabled
ARP Snooping: Enabled
ARP Binding Limit: 1
DHCP Snooping: Disabled
DHCP Snooping - IPv6: Disabled
VMware Tools: Disabled
VMware Tools - IPv6: Disabled
Trust on First Use: Enabled

If a segment is not configured with an IP Discovery profile that is configured with the settings above, this is a finding.</check-content></check></Rule></Group></Benchmark>