<?xml version="1.0" encoding="utf-8"?><?xml-stylesheet type='text/xsl' href='STIG_unclass.xsl'?><Benchmark xmlns:dc="http://purl.org/dc/elements/1.1/" xmlns:xsi="http://www.w3.org/2001/XMLSchema-instance" xmlns:cpe="http://cpe.mitre.org/language/2.0" xmlns:xhtml="http://www.w3.org/1999/xhtml" xmlns:dsig="http://www.w3.org/2000/09/xmldsig#" xsi:schemaLocation="http://checklists.nist.gov/xccdf/1.1 http://nvd.nist.gov/schema/xccdf-1.1.4.xsd http://cpe.mitre.org/dictionary/2.0 http://cpe.mitre.org/files/cpe-dictionary_2.1.xsd" id="NetApp_ONTAP_DSC_9-x_STIG" xml:lang="en" xmlns="http://checklists.nist.gov/xccdf/1.1"><status date="2024-08-22">accepted</status><title>NetApp ONTAP DSC 9.x Security Technical Implementation Guide</title><description>This Security Technical Implementation Guide is published as a tool to improve the security of Department of Defense (DOD) information systems. The requirements are derived from the National Institute of Standards and Technology (NIST) 800-53 and related documents. Comments or proposed revisions to this document should be sent via email to the following address: disa.stig_spt@mail.mil.</description><notice id="terms-of-use" xml:lang="en"></notice><front-matter xml:lang="en"></front-matter><rear-matter xml:lang="en"></rear-matter><reference href="https://cyber.mil"><dc:publisher>DISA</dc:publisher><dc:source>STIG.DOD.MIL</dc:source></reference><plain-text id="release-info">Release: 2 Benchmark Date: 24 Oct 2024</plain-text><plain-text id="generator">3.5</plain-text><plain-text id="conventionsVersion">1.10.0</plain-text><version>2</version><Profile id="MAC-1_Classified"><title>I - Mission Critical Classified</title><description>&lt;ProfileDescription&gt;&lt;/ProfileDescription&gt;</description><select idref="V-246922" selected="true" /><select idref="V-246923" selected="true" /><select idref="V-246925" selected="true" /><select idref="V-246926" selected="true" /><select idref="V-246927" selected="true" /><select idref="V-246930" selected="true" /><select idref="V-246931" selected="true" /><select idref="V-246932" selected="true" /><select idref="V-246933" selected="true" /><select idref="V-246935" selected="true" /><select idref="V-246936" selected="true" /><select idref="V-246938" selected="true" /><select idref="V-246939" selected="true" /><select idref="V-246940" selected="true" /><select idref="V-246944" selected="true" /><select idref="V-246945" selected="true" /><select idref="V-246946" selected="true" /><select idref="V-246947" selected="true" /><select idref="V-246948" selected="true" /><select idref="V-246949" selected="true" /><select idref="V-246950" selected="true" /><select idref="V-246951" selected="true" /><select idref="V-246952" selected="true" /><select idref="V-246953" selected="true" /><select idref="V-246954" selected="true" /><select idref="V-246955" selected="true" /><select idref="V-246958" selected="true" /><select idref="V-246959" selected="true" /><select idref="V-246964" selected="true" /></Profile><Profile id="MAC-1_Public"><title>I - Mission Critical Public</title><description>&lt;ProfileDescription&gt;&lt;/ProfileDescription&gt;</description><select idref="V-246922" selected="true" /><select idref="V-246923" selected="true" /><select idref="V-246925" selected="true" /><select idref="V-246926" selected="true" /><select idref="V-246927" selected="true" /><select idref="V-246930" selected="true" /><select idref="V-246931" selected="true" /><select idref="V-246932" selected="true" /><select idref="V-246933" selected="true" /><select idref="V-246935" selected="true" /><select idref="V-246936" selected="true" /><select idref="V-246938" selected="true" /><select idref="V-246939" selected="true" /><select idref="V-246940" selected="true" /><select idref="V-246944" selected="true" /><select idref="V-246945" selected="true" /><select idref="V-246946" selected="true" /><select idref="V-246947" selected="true" /><select idref="V-246948" selected="true" /><select idref="V-246949" selected="true" /><select idref="V-246950" selected="true" /><select idref="V-246951" selected="true" /><select idref="V-246952" selected="true" /><select idref="V-246953" selected="true" /><select idref="V-246954" selected="true" /><select idref="V-246955" selected="true" /><select idref="V-246958" selected="true" /><select idref="V-246959" selected="true" /><select idref="V-246964" selected="true" /></Profile><Profile id="MAC-1_Sensitive"><title>I - Mission Critical Sensitive</title><description>&lt;ProfileDescription&gt;&lt;/ProfileDescription&gt;</description><select idref="V-246922" selected="true" /><select idref="V-246923" selected="true" /><select idref="V-246925" selected="true" /><select idref="V-246926" selected="true" /><select idref="V-246927" selected="true" /><select idref="V-246930" selected="true" /><select idref="V-246931" selected="true" /><select idref="V-246932" selected="true" /><select idref="V-246933" selected="true" /><select idref="V-246935" selected="true" /><select idref="V-246936" selected="true" /><select idref="V-246938" selected="true" /><select idref="V-246939" selected="true" /><select idref="V-246940" selected="true" /><select idref="V-246944" selected="true" /><select idref="V-246945" selected="true" /><select idref="V-246946" selected="true" /><select idref="V-246947" selected="true" /><select idref="V-246948" selected="true" /><select idref="V-246949" selected="true" /><select idref="V-246950" selected="true" /><select idref="V-246951" selected="true" /><select idref="V-246952" selected="true" /><select idref="V-246953" selected="true" /><select idref="V-246954" selected="true" /><select idref="V-246955" selected="true" /><select idref="V-246958" selected="true" /><select idref="V-246959" selected="true" /><select idref="V-246964" selected="true" /></Profile><Profile id="MAC-2_Classified"><title>II - Mission Support Classified</title><description>&lt;ProfileDescription&gt;&lt;/ProfileDescription&gt;</description><select idref="V-246922" selected="true" /><select idref="V-246923" selected="true" /><select idref="V-246925" selected="true" /><select idref="V-246926" selected="true" /><select idref="V-246927" selected="true" /><select idref="V-246930" selected="true" /><select idref="V-246931" selected="true" /><select idref="V-246932" selected="true" /><select idref="V-246933" selected="true" /><select idref="V-246935" selected="true" /><select idref="V-246936" selected="true" /><select idref="V-246938" selected="true" /><select idref="V-246939" selected="true" /><select idref="V-246940" selected="true" /><select idref="V-246944" selected="true" /><select idref="V-246945" selected="true" /><select idref="V-246946" selected="true" /><select idref="V-246947" selected="true" /><select idref="V-246948" selected="true" /><select idref="V-246949" selected="true" /><select idref="V-246950" selected="true" /><select idref="V-246951" selected="true" /><select idref="V-246952" selected="true" /><select idref="V-246953" selected="true" /><select idref="V-246954" selected="true" /><select idref="V-246955" selected="true" /><select idref="V-246958" selected="true" /><select idref="V-246959" selected="true" /><select idref="V-246964" selected="true" /></Profile><Profile id="MAC-2_Public"><title>II - Mission Support Public</title><description>&lt;ProfileDescription&gt;&lt;/ProfileDescription&gt;</description><select idref="V-246922" selected="true" /><select idref="V-246923" selected="true" /><select idref="V-246925" selected="true" /><select idref="V-246926" selected="true" /><select idref="V-246927" selected="true" /><select idref="V-246930" selected="true" /><select idref="V-246931" selected="true" /><select idref="V-246932" selected="true" /><select idref="V-246933" selected="true" /><select idref="V-246935" selected="true" /><select idref="V-246936" selected="true" /><select idref="V-246938" selected="true" /><select idref="V-246939" selected="true" /><select idref="V-246940" selected="true" /><select idref="V-246944" selected="true" /><select idref="V-246945" selected="true" /><select idref="V-246946" selected="true" /><select idref="V-246947" selected="true" /><select idref="V-246948" selected="true" /><select idref="V-246949" selected="true" /><select idref="V-246950" selected="true" /><select idref="V-246951" selected="true" /><select idref="V-246952" selected="true" /><select idref="V-246953" selected="true" /><select idref="V-246954" selected="true" /><select idref="V-246955" selected="true" /><select idref="V-246958" selected="true" /><select idref="V-246959" selected="true" /><select idref="V-246964" selected="true" /></Profile><Profile id="MAC-2_Sensitive"><title>II - Mission Support Sensitive</title><description>&lt;ProfileDescription&gt;&lt;/ProfileDescription&gt;</description><select idref="V-246922" selected="true" /><select idref="V-246923" selected="true" /><select idref="V-246925" selected="true" /><select idref="V-246926" selected="true" /><select idref="V-246927" selected="true" /><select idref="V-246930" selected="true" /><select idref="V-246931" selected="true" /><select idref="V-246932" selected="true" /><select idref="V-246933" selected="true" /><select idref="V-246935" selected="true" /><select idref="V-246936" selected="true" /><select idref="V-246938" selected="true" /><select idref="V-246939" selected="true" /><select idref="V-246940" selected="true" /><select idref="V-246944" selected="true" /><select idref="V-246945" selected="true" /><select idref="V-246946" selected="true" /><select idref="V-246947" selected="true" /><select idref="V-246948" selected="true" /><select idref="V-246949" selected="true" /><select idref="V-246950" selected="true" /><select idref="V-246951" selected="true" /><select idref="V-246952" selected="true" /><select idref="V-246953" selected="true" /><select idref="V-246954" selected="true" /><select idref="V-246955" selected="true" /><select idref="V-246958" selected="true" /><select idref="V-246959" selected="true" /><select idref="V-246964" selected="true" /></Profile><Profile id="MAC-3_Classified"><title>III - Administrative Classified</title><description>&lt;ProfileDescription&gt;&lt;/ProfileDescription&gt;</description><select idref="V-246922" selected="true" /><select idref="V-246923" selected="true" /><select idref="V-246925" selected="true" /><select idref="V-246926" selected="true" /><select idref="V-246927" selected="true" /><select idref="V-246930" selected="true" /><select idref="V-246931" selected="true" /><select idref="V-246932" selected="true" /><select idref="V-246933" selected="true" /><select idref="V-246935" selected="true" /><select idref="V-246936" selected="true" /><select idref="V-246938" selected="true" /><select idref="V-246939" selected="true" /><select idref="V-246940" selected="true" /><select idref="V-246944" selected="true" /><select idref="V-246945" selected="true" /><select idref="V-246946" selected="true" /><select idref="V-246947" selected="true" /><select idref="V-246948" selected="true" /><select idref="V-246949" selected="true" /><select idref="V-246950" selected="true" /><select idref="V-246951" selected="true" /><select idref="V-246952" selected="true" /><select idref="V-246953" selected="true" /><select idref="V-246954" selected="true" /><select idref="V-246955" selected="true" /><select idref="V-246958" selected="true" /><select idref="V-246959" selected="true" /><select idref="V-246964" selected="true" /></Profile><Profile id="MAC-3_Public"><title>III - Administrative Public</title><description>&lt;ProfileDescription&gt;&lt;/ProfileDescription&gt;</description><select idref="V-246922" selected="true" /><select idref="V-246923" selected="true" /><select idref="V-246925" selected="true" /><select idref="V-246926" selected="true" /><select idref="V-246927" selected="true" /><select idref="V-246930" selected="true" /><select idref="V-246931" selected="true" /><select idref="V-246932" selected="true" /><select idref="V-246933" selected="true" /><select idref="V-246935" selected="true" /><select idref="V-246936" selected="true" /><select idref="V-246938" selected="true" /><select idref="V-246939" selected="true" /><select idref="V-246940" selected="true" /><select idref="V-246944" selected="true" /><select idref="V-246945" selected="true" /><select idref="V-246946" selected="true" /><select idref="V-246947" selected="true" /><select idref="V-246948" selected="true" /><select idref="V-246949" selected="true" /><select idref="V-246950" selected="true" /><select idref="V-246951" selected="true" /><select idref="V-246952" selected="true" /><select idref="V-246953" selected="true" /><select idref="V-246954" selected="true" /><select idref="V-246955" selected="true" /><select idref="V-246958" selected="true" /><select idref="V-246959" selected="true" /><select idref="V-246964" selected="true" /></Profile><Profile id="MAC-3_Sensitive"><title>III - Administrative Sensitive</title><description>&lt;ProfileDescription&gt;&lt;/ProfileDescription&gt;</description><select idref="V-246922" selected="true" /><select idref="V-246923" selected="true" /><select idref="V-246925" selected="true" /><select idref="V-246926" selected="true" /><select idref="V-246927" selected="true" /><select idref="V-246930" selected="true" /><select idref="V-246931" selected="true" /><select idref="V-246932" selected="true" /><select idref="V-246933" selected="true" /><select idref="V-246935" selected="true" /><select idref="V-246936" selected="true" /><select idref="V-246938" selected="true" /><select idref="V-246939" selected="true" /><select idref="V-246940" selected="true" /><select idref="V-246944" selected="true" /><select idref="V-246945" selected="true" /><select idref="V-246946" selected="true" /><select idref="V-246947" selected="true" /><select idref="V-246948" selected="true" /><select idref="V-246949" selected="true" /><select idref="V-246950" selected="true" /><select idref="V-246951" selected="true" /><select idref="V-246952" selected="true" /><select idref="V-246953" selected="true" /><select idref="V-246954" selected="true" /><select idref="V-246955" selected="true" /><select idref="V-246958" selected="true" /><select idref="V-246959" selected="true" /><select idref="V-246964" selected="true" /></Profile><Group id="V-246922"><title>SRG-APP-000001-NDM-000200</title><description>&lt;GroupDescription&gt;&lt;/GroupDescription&gt;</description><Rule id="SV-246922r960735_rule" weight="10.0" severity="medium"><version>NAOT-AC-000001</version><title>ONTAP must be configured to limit the number of concurrent sessions.</title><description>&lt;VulnDiscussion&gt;Device management includes the ability to control the number of administrators and management sessions that manage a device. Limiting the number of allowed administrators and sessions per administrator based on account type, role, or access type is helpful in limiting risks related to DoS attacks.&lt;/VulnDiscussion&gt;&lt;FalsePositives&gt;&lt;/FalsePositives&gt;&lt;FalseNegatives&gt;&lt;/FalseNegatives&gt;&lt;Documentable&gt;false&lt;/Documentable&gt;&lt;Mitigations&gt;&lt;/Mitigations&gt;&lt;SeverityOverrideGuidance&gt;&lt;/SeverityOverrideGuidance&gt;&lt;PotentialImpacts&gt;&lt;/PotentialImpacts&gt;&lt;ThirdPartyTools&gt;&lt;/ThirdPartyTools&gt;&lt;MitigationControl&gt;&lt;/MitigationControl&gt;&lt;Responsibility&gt;&lt;/Responsibility&gt;&lt;IAControls&gt;&lt;/IAControls&gt;</description><reference><dc:title>DPMS Target NetApp ONTAP DSC 9.x</dc:title><dc:publisher>DISA</dc:publisher><dc:type>DPMS Target</dc:type><dc:subject>NetApp ONTAP DSC 9.x</dc:subject><dc:identifier>5415</dc:identifier></reference><ident system="http://cyber.mil/cci">CCI-000054</ident><fixtext fixref="F-50308r769097_fix">Configure session limits with the command, “security session limit modify -max-active-limit 1 -interface cli -category application".</fixtext><fix id="F-50308r769097_fix" /><check system="C-50354r769096_chk"><check-content-ref href="NetApp_ONTAP_DSC_9.x_STIG.xml" name="M" /><check-content>Use "security session limit show -interface cli" to check the concurrent session limit.

If the security session limit is not configured to limit the number of concurrent sessions to 1, this is a finding.</check-content></check></Rule></Group><Group id="V-246923"><title>SRG-APP-000003-NDM-000202</title><description>&lt;GroupDescription&gt;&lt;/GroupDescription&gt;</description><Rule id="SV-246923r960741_rule" weight="10.0" severity="medium"><version>NAOT-AC-000002</version><title>ONTAP must be configured to create a session lock after 15 minutes.</title><description>&lt;VulnDiscussion&gt;A session lock is a temporary network device or administrator-initiated action taken when the administrator stops work but does not log out of the network device. Rather than relying on the user to manually lock their management session prior to vacating the vicinity, network devices need to be able to identify when a management session has idled and take action to initiate the session lock. Once invoked, the session lock must remain in place until the administrator re-authenticates. No other system activity aside from re-authentication must unlock the management session.

Note that CCI-001133 requires that administrative network sessions be disconnected after 10 minutes of idle time. This requirement may only apply to local administrative sessions.&lt;/VulnDiscussion&gt;&lt;FalsePositives&gt;&lt;/FalsePositives&gt;&lt;FalseNegatives&gt;&lt;/FalseNegatives&gt;&lt;Documentable&gt;false&lt;/Documentable&gt;&lt;Mitigations&gt;&lt;/Mitigations&gt;&lt;SeverityOverrideGuidance&gt;&lt;/SeverityOverrideGuidance&gt;&lt;PotentialImpacts&gt;&lt;/PotentialImpacts&gt;&lt;ThirdPartyTools&gt;&lt;/ThirdPartyTools&gt;&lt;MitigationControl&gt;&lt;/MitigationControl&gt;&lt;Responsibility&gt;&lt;/Responsibility&gt;&lt;IAControls&gt;&lt;/IAControls&gt;</description><reference><dc:title>DPMS Target NetApp ONTAP DSC 9.x</dc:title><dc:publisher>DISA</dc:publisher><dc:type>DPMS Target</dc:type><dc:subject>NetApp ONTAP DSC 9.x</dc:subject><dc:identifier>5415</dc:identifier></reference><ident system="http://cyber.mil/cci">CCI-000057</ident><fixtext fixref="F-50309r769100_fix">Configure the CLI timeout value to 15 minutes with the command, "system timeout modify -timeout 15".</fixtext><fix id="F-50309r769100_fix" /><check system="C-50355r835205_chk"><check-content-ref href="NetApp_ONTAP_DSC_9.x_STIG.xml" name="M" /><check-content>Use "system timeout show" to check the current CLI timeout.

If the system timeout is not set to 15 minute(s) or less, this is a finding.</check-content></check></Rule></Group><Group id="V-246925"><title>SRG-APP-000319-NDM-000283</title><description>&lt;GroupDescription&gt;&lt;/GroupDescription&gt;</description><Rule id="SV-246925r961290_rule" weight="10.0" severity="medium"><version>NAOT-AC-000004</version><title>ONTAP must automatically audit account-enabling actions.</title><description>&lt;VulnDiscussion&gt;Once an attacker establishes initial access to a system, the attacker often attempts to create a persistent method of reestablishing access. One way to accomplish this is for the attacker to simply enable a new or disabled account. Notification of account enabling is one method for mitigating this risk. A comprehensive account management process will ensure an audit trail, which documents the creation of application user accounts and notifies administrators and Information System Security Officer (ISSO). Such a process greatly reduces the risk that accounts will be surreptitiously created and provides logging that can be used for forensic purposes.&lt;/VulnDiscussion&gt;&lt;FalsePositives&gt;&lt;/FalsePositives&gt;&lt;FalseNegatives&gt;&lt;/FalseNegatives&gt;&lt;Documentable&gt;false&lt;/Documentable&gt;&lt;Mitigations&gt;&lt;/Mitigations&gt;&lt;SeverityOverrideGuidance&gt;&lt;/SeverityOverrideGuidance&gt;&lt;PotentialImpacts&gt;&lt;/PotentialImpacts&gt;&lt;ThirdPartyTools&gt;&lt;/ThirdPartyTools&gt;&lt;MitigationControl&gt;&lt;/MitigationControl&gt;&lt;Responsibility&gt;&lt;/Responsibility&gt;&lt;IAControls&gt;&lt;/IAControls&gt;</description><reference><dc:title>DPMS Target NetApp ONTAP DSC 9.x</dc:title><dc:publisher>DISA</dc:publisher><dc:type>DPMS Target</dc:type><dc:subject>NetApp ONTAP DSC 9.x</dc:subject><dc:identifier>5415</dc:identifier></reference><ident system="http://cyber.mil/cci">CCI-002130</ident><fixtext fixref="F-50311r769106_fix">Use "cluster log-forwarding show" to identify defined ONTAP remote syslog servers. If no remote syslog servers are defined, use "cluster log-forwarding create" to define a syslog destination.

On the remote syslog server, use commands available to check for new account creation or enabling a disabled account.</fixtext><fix id="F-50311r769106_fix" /><check system="C-50357r769105_chk"><check-content-ref href="NetApp_ONTAP_DSC_9.x_STIG.xml" name="M" /><check-content>Use "cluster log-forwarding show" to see if a remote syslog destination is defined for ONTAP.

Use commands available on the remote syslog server to check for new account creation or enabling a disabled account.

If ONTAP does not automatically audit account-enabling actions, this is a finding.</check-content></check></Rule></Group><Group id="V-246926"><title>SRG-APP-000148-NDM-000346</title><description>&lt;GroupDescription&gt;&lt;/GroupDescription&gt;</description><Rule id="SV-246926r960969_rule" weight="10.0" severity="medium"><version>NAOT-AC-000005</version><title>ONTAP must be configured with only one local account to be used as the account of last resort in the event the authentication server is unavailable.</title><description>&lt;VulnDiscussion&gt;Authentication for administrative (privileged-level) access to the device is required at all times. An account can be created on the device's local database for use when the authentication server is down or connectivity between the device and the authentication server is not operable. This account is referred to as the account of last resort since it is intended to be used as a last resort and when immediate administrative access is absolutely necessary.

The account of last resort logon credentials must be stored in a sealed envelope and kept in a safe. The safe must be periodically audited to verify the envelope remains sealed. The signature of the auditor and the date of the audit should be added to the envelope as a record. Administrators should secure the credentials and disable the root account (if possible) when not needed for system administration functions.&lt;/VulnDiscussion&gt;&lt;FalsePositives&gt;&lt;/FalsePositives&gt;&lt;FalseNegatives&gt;&lt;/FalseNegatives&gt;&lt;Documentable&gt;false&lt;/Documentable&gt;&lt;Mitigations&gt;&lt;/Mitigations&gt;&lt;SeverityOverrideGuidance&gt;&lt;/SeverityOverrideGuidance&gt;&lt;PotentialImpacts&gt;&lt;/PotentialImpacts&gt;&lt;ThirdPartyTools&gt;&lt;/ThirdPartyTools&gt;&lt;MitigationControl&gt;&lt;/MitigationControl&gt;&lt;Responsibility&gt;&lt;/Responsibility&gt;&lt;IAControls&gt;&lt;/IAControls&gt;</description><reference><dc:title>DPMS Target NetApp ONTAP DSC 9.x</dc:title><dc:publisher>DISA</dc:publisher><dc:type>DPMS Target</dc:type><dc:subject>NetApp ONTAP DSC 9.x</dc:subject><dc:identifier>5415</dc:identifier></reference><ident system="http://cyber.mil/cci">CCI-001358</ident><ident system="http://cyber.mil/cci">CCI-002111</ident><fixtext fixref="F-50312r769109_fix">Configure a secure password for the local administrative account with "security login password -username &lt;user_name&gt;".</fixtext><fix id="F-50312r769109_fix" /><check system="C-50358r860671_chk"><check-content-ref href="NetApp_ONTAP_DSC_9.x_STIG.xml" name="M" /><check-content>Use "security login show -role admin -authentication-method password" to see the local administrative account.

If ONTAP is not configured with only one local account to be used as the account of last resort in the event the authentication server is unavailable, this is a finding.</check-content></check></Rule></Group><Group id="V-246927"><title>SRG-APP-000033-NDM-000212</title><description>&lt;GroupDescription&gt;&lt;/GroupDescription&gt;</description><Rule id="SV-246927r960792_rule" weight="10.0" severity="high"><version>NAOT-AC-000006</version><title>ONTAP must enforce administrator privileges based on their defined roles.</title><description>&lt;VulnDiscussion&gt;To mitigate the risk of unauthorized access to sensitive information by entities that have been issued certificates by DoD-approved PKIs, all DoD systems must be properly configured to incorporate access control methods that do not rely solely on the possession of a certificate for access. Successful authentication must not automatically give an entity access to an asset or security boundary. Authorization procedures and controls must be implemented to ensure each authenticated entity also has a validated and current authorization. Authorization is the process of determining whether an entity, once authenticated, is permitted to access a specific asset. Network devices use access control policies and enforcement mechanisms to implement this requirement.

Access control policies include identity-based policies, role-based policies, and attribute-based policies. Access enforcement mechanisms include access control lists, access control matrices, and cryptography. These policies and mechanisms must be employed by the network device to control access between administrators (or processes acting on behalf of administrators) and objects (e.g., device commands, files, records, processes) in the network device.

The access policies must include protecting the data in all three states, i.e. Data at rest , data in use and data in motion. An example of each state can be seen through the use of a configuration setting or file for ONTAP. When stored, the data is at rest. When the data is being updated either through CLI or some web frontend, the data is in use and when the configuration is being transmitted to the devices being managed, the data is in transit.&lt;/VulnDiscussion&gt;&lt;FalsePositives&gt;&lt;/FalsePositives&gt;&lt;FalseNegatives&gt;&lt;/FalseNegatives&gt;&lt;Documentable&gt;false&lt;/Documentable&gt;&lt;Mitigations&gt;&lt;/Mitigations&gt;&lt;SeverityOverrideGuidance&gt;&lt;/SeverityOverrideGuidance&gt;&lt;PotentialImpacts&gt;&lt;/PotentialImpacts&gt;&lt;ThirdPartyTools&gt;&lt;/ThirdPartyTools&gt;&lt;MitigationControl&gt;&lt;/MitigationControl&gt;&lt;Responsibility&gt;&lt;/Responsibility&gt;&lt;IAControls&gt;&lt;/IAControls&gt;</description><reference><dc:title>DPMS Target NetApp ONTAP DSC 9.x</dc:title><dc:publisher>DISA</dc:publisher><dc:type>DPMS Target</dc:type><dc:subject>NetApp ONTAP DSC 9.x</dc:subject><dc:identifier>5415</dc:identifier></reference><ident system="http://cyber.mil/cci">CCI-000213</ident><ident system="http://cyber.mil/cci">CCI-001199</ident><ident system="http://cyber.mil/cci">CCI-002139</ident><fixtext fixref="F-50313r769112_fix">Configure roles with "security login role create -role &lt;name&gt;" to create new roles, and "security login create -user-or-group-name &lt;user_name&gt; -role &lt;name&gt;" to assign the role to a specific user or group.</fixtext><fix id="F-50313r769112_fix" /><check system="C-50359r769111_chk"><check-content-ref href="NetApp_ONTAP_DSC_9.x_STIG.xml" name="M" /><check-content>Use "security login show" to see all configured users and their roles. Use "security login role show" to see specific commands allowed for each role.

If ONTAP does not enforce administrator privileges based on their defined roles, this is a finding.</check-content></check></Rule></Group><Group id="V-246930"><title>SRG-APP-000340-NDM-000288</title><description>&lt;GroupDescription&gt;&lt;/GroupDescription&gt;</description><Rule id="SV-246930r961353_rule" weight="10.0" severity="high"><version>NAOT-AC-000009</version><title>ONTAP must prevent non-privileged users from executing privileged functions to include disabling, circumventing, or altering implemented security safeguards/countermeasures.</title><description>&lt;VulnDiscussion&gt;Preventing non-privileged users from executing privileged functions mitigates the risk that unauthorized individuals or processes may gain unnecessary access to information or privileges.

Privileged functions include, for example, establishing accounts, performing system integrity checks, or administering cryptographic key management activities. Non-privileged users are individuals that do not possess appropriate authorizations.&lt;/VulnDiscussion&gt;&lt;FalsePositives&gt;&lt;/FalsePositives&gt;&lt;FalseNegatives&gt;&lt;/FalseNegatives&gt;&lt;Documentable&gt;false&lt;/Documentable&gt;&lt;Mitigations&gt;&lt;/Mitigations&gt;&lt;SeverityOverrideGuidance&gt;&lt;/SeverityOverrideGuidance&gt;&lt;PotentialImpacts&gt;&lt;/PotentialImpacts&gt;&lt;ThirdPartyTools&gt;&lt;/ThirdPartyTools&gt;&lt;MitigationControl&gt;&lt;/MitigationControl&gt;&lt;Responsibility&gt;&lt;/Responsibility&gt;&lt;IAControls&gt;&lt;/IAControls&gt;</description><reference><dc:title>DPMS Target NetApp ONTAP DSC 9.x</dc:title><dc:publisher>DISA</dc:publisher><dc:type>DPMS Target</dc:type><dc:subject>NetApp ONTAP DSC 9.x</dc:subject><dc:identifier>5415</dc:identifier></reference><ident system="http://cyber.mil/cci">CCI-002235</ident><fixtext fixref="F-50316r769121_fix">Configure privileged users with "security login create -user-or-group-name &lt;user_name&gt; -role admin".

Configure non-privileged users with "security login create -user-or-group-name &lt;user_name&gt; -role &lt;role_name&gt;“where a non-privileged user role other than admin is used.</fixtext><fix id="F-50316r769121_fix" /><check system="C-50362r769120_chk"><check-content-ref href="NetApp_ONTAP_DSC_9.x_STIG.xml" name="M" /><check-content>Use "security login role show” to see role-based access policies defined in ONTAP for privileged and unprivileged users. Privileged users have the role of admin.

If ONTAP does not prevent non-privileged users from executing privileged functions to include disabling, circumventing, or altering implemented security safeguards/countermeasures, this is a finding.</check-content></check></Rule></Group><Group id="V-246931"><title>SRG-APP-000065-NDM-000214</title><description>&lt;GroupDescription&gt;&lt;/GroupDescription&gt;</description><Rule id="SV-246931r960840_rule" weight="10.0" severity="medium"><version>NAOT-AC-000010</version><title>ONTAP must be configured to enforce the limit of three consecutive failed logon attempts.</title><description>&lt;VulnDiscussion&gt;By limiting the number of failed login attempts, the risk of unauthorized system access via user password guessing, otherwise known as brute-forcing, is reduced.&lt;/VulnDiscussion&gt;&lt;FalsePositives&gt;&lt;/FalsePositives&gt;&lt;FalseNegatives&gt;&lt;/FalseNegatives&gt;&lt;Documentable&gt;false&lt;/Documentable&gt;&lt;Mitigations&gt;&lt;/Mitigations&gt;&lt;SeverityOverrideGuidance&gt;&lt;/SeverityOverrideGuidance&gt;&lt;PotentialImpacts&gt;&lt;/PotentialImpacts&gt;&lt;ThirdPartyTools&gt;&lt;/ThirdPartyTools&gt;&lt;MitigationControl&gt;&lt;/MitigationControl&gt;&lt;Responsibility&gt;&lt;/Responsibility&gt;&lt;IAControls&gt;&lt;/IAControls&gt;</description><reference><dc:title>DPMS Target NetApp ONTAP DSC 9.x</dc:title><dc:publisher>DISA</dc:publisher><dc:type>DPMS Target</dc:type><dc:subject>NetApp ONTAP DSC 9.x</dc:subject><dc:identifier>5415</dc:identifier></reference><ident system="http://cyber.mil/cci">CCI-000044</ident><fixtext fixref="F-50317r877995_fix">Use the command "security login role config show" to get a list of roles.

For each role, use the command "security login role config show -vserver &lt;vserver_name&gt; -role &lt;role_name&gt;" to view the password requirements for each role. 

For any role that does not have "Maximum Number of Failed Attempts" set to "3", use the command "security login role config modify -role &lt;role_name&gt; -vserver &lt;vserver_name&gt;  -max-failed-login-attempts 3".</fixtext><fix id="F-50317r877995_fix" /><check system="C-50363r877994_chk"><check-content-ref href="NetApp_ONTAP_DSC_9.x_STIG.xml" name="M" /><check-content>Use the command "security login role config show" to get a list of roles.

For each role, use the command "security login role config show -vserver &lt;vserver_name&gt; -role &lt;role_name&gt;" to view the password requirements for each role. 

If any role has "Maximum Number of Failed Attempts" not set to "3", this is a finding.

Use "security login role config show -role admin -instance" to see the settings for "Maximum Number of Failed Attempts" and “Lockout Duration".

Note: Lockout duration is set by default to lockout for one day or until unlocked by an administrator. It cannot be set to less than one day.

If ONTAP is not configured to enforce a limit of three consecutive invalid logon attempts, this is a finding.</check-content></check></Rule></Group><Group id="V-246932"><title>SRG-APP-000068-NDM-000215</title><description>&lt;GroupDescription&gt;&lt;/GroupDescription&gt;</description><Rule id="SV-246932r960843_rule" weight="10.0" severity="medium"><version>NAOT-AC-000011</version><title>ONTAP must be configured to display the Standard Mandatory DoD Notice and Consent Banner before granting access to the device.</title><description>&lt;VulnDiscussion&gt;Display of the DoD-approved use notification before granting access to the network device ensures privacy and security notification verbiage used is consistent with applicable federal laws, Executive Orders, directives, policies, regulations, standards, and guidance.

System use notifications are required only for access via logon interfaces with human users.&lt;/VulnDiscussion&gt;&lt;FalsePositives&gt;&lt;/FalsePositives&gt;&lt;FalseNegatives&gt;&lt;/FalseNegatives&gt;&lt;Documentable&gt;false&lt;/Documentable&gt;&lt;Mitigations&gt;&lt;/Mitigations&gt;&lt;SeverityOverrideGuidance&gt;&lt;/SeverityOverrideGuidance&gt;&lt;PotentialImpacts&gt;&lt;/PotentialImpacts&gt;&lt;ThirdPartyTools&gt;&lt;/ThirdPartyTools&gt;&lt;MitigationControl&gt;&lt;/MitigationControl&gt;&lt;Responsibility&gt;&lt;/Responsibility&gt;&lt;IAControls&gt;&lt;/IAControls&gt;</description><reference><dc:title>DPMS Target NetApp ONTAP DSC 9.x</dc:title><dc:publisher>DISA</dc:publisher><dc:type>DPMS Target</dc:type><dc:subject>NetApp ONTAP DSC 9.x</dc:subject><dc:identifier>5415</dc:identifier></reference><ident system="http://cyber.mil/cci">CCI-000048</ident><fixtext fixref="F-50318r769127_fix">Configure the Standard Mandatory DoD Notice and Consent Banner with "security login banner modify -message &lt;Standard DoD Notice and Consent Banner&gt;".</fixtext><fix id="F-50318r769127_fix" /><check system="C-50364r835217_chk"><check-content-ref href="NetApp_ONTAP_DSC_9.x_STIG.xml" name="M" /><check-content>Use "security login banner show" to see the current login notice and consent banner.

If ONTAP is not configured to display the Standard Mandatory DoD Notice and Consent Banner before granting access to the device, this is a finding.</check-content></check></Rule></Group><Group id="V-246933"><title>SRG-APP-000357-NDM-000293</title><description>&lt;GroupDescription&gt;&lt;/GroupDescription&gt;</description><Rule id="SV-246933r961392_rule" weight="10.0" severity="medium"><version>NAOT-AU-000001</version><title>ONTAP must allocate audit record storage capacity in accordance with organization-defined audit record storage requirements.</title><description>&lt;VulnDiscussion&gt;Audit records are stored on staging volumes when auditing is enabled. If the staging volumes do not exist when auditing is enabled, the auditing subsystem creates the staging volumes. These volumes hold the audit logs until they can be consolidated.

Enabling auditing will also enable guaranteed auditing by default. This feature will guarantee audit records are not lost even when a node goes offline or the disk becomes filled.
Audit records are stored on staging volumes prior to consolidation and conversion.

Staging volumes can only be created by ONTAP and are given volume names that begin with MDV_aud_ followed by the UUID of the aggregate containing the staging volume.&lt;/VulnDiscussion&gt;&lt;FalsePositives&gt;&lt;/FalsePositives&gt;&lt;FalseNegatives&gt;&lt;/FalseNegatives&gt;&lt;Documentable&gt;false&lt;/Documentable&gt;&lt;Mitigations&gt;&lt;/Mitigations&gt;&lt;SeverityOverrideGuidance&gt;&lt;/SeverityOverrideGuidance&gt;&lt;PotentialImpacts&gt;&lt;/PotentialImpacts&gt;&lt;ThirdPartyTools&gt;&lt;/ThirdPartyTools&gt;&lt;MitigationControl&gt;&lt;/MitigationControl&gt;&lt;Responsibility&gt;&lt;/Responsibility&gt;&lt;IAControls&gt;&lt;/IAControls&gt;</description><reference><dc:title>DPMS Target NetApp ONTAP DSC 9.x</dc:title><dc:publisher>DISA</dc:publisher><dc:type>DPMS Target</dc:type><dc:subject>NetApp ONTAP DSC 9.x</dc:subject><dc:identifier>5415</dc:identifier></reference><ident system="http://cyber.mil/cci">CCI-001849</ident><fixtext fixref="F-50319r860676_fix">Increase the size of the volume that is filled using the command "vol size &lt;volume name&gt; &lt;size increase&gt;".  

To increase vol1 by 500MB, the command would be "vol size vol1 +500m".</fixtext><fix id="F-50319r860676_fix" /><check system="C-50365r860675_chk"><check-content-ref href="NetApp_ONTAP_DSC_9.x_STIG.xml" name="M" /><check-content>To ensure audit record storage capacity is sufficient, use the command "df MDV*".  The output from the command will show the size of the audit volumes, amount used and amount available.  Sample output from the command looks like the following:

cluster ::&gt; df MDV*

Filesystem                                                                                            kbytes       used      avail           capacity        Mounted on
/vol/MDV_aud_4a9d8065eac9454bbe042ffddd0df645/    1992296        532      1991764             0%         /vol/MDV_aud_4a9d8065eac9454bbe042ffddd0df645/
/vol/MDV_aud_62a9aebc8f3d4fe2990e39bb34c66999/    1992296        384      1991912              0%        /vol/MDV_aud_62a9aebc8f3d4fe2990e39bb34c66999/
/vol/MDV_aud_fdb78598bd5945ffa6f7bd1197a9f975/      1992296    1992296              0           100%      /vol/MDV_aud_fdb78598bd5945ffa6f7bd1197a9f975/ 

If any ONTAP volumes show 100 percent capacity, this is a finding.</check-content></check></Rule></Group><Group id="V-246935"><title>SRG-APP-000360-NDM-000295</title><description>&lt;GroupDescription&gt;&lt;/GroupDescription&gt;</description><Rule id="SV-246935r961401_rule" weight="10.0" severity="medium"><version>NAOT-AU-000003</version><title>ONTAP must have audit guarantee enabled.</title><description>&lt;VulnDiscussion&gt;It is critical for the appropriate personnel to be aware if a system is at risk of failing to process audit logs as required. With audit guarantee enabled, all SMB operations must generate an audit event before an ACK is returned to the client and the operation completed.  If the audit event cannot be written, then the client operation is delayed or denied.&lt;/VulnDiscussion&gt;&lt;FalsePositives&gt;&lt;/FalsePositives&gt;&lt;FalseNegatives&gt;&lt;/FalseNegatives&gt;&lt;Documentable&gt;false&lt;/Documentable&gt;&lt;Mitigations&gt;&lt;/Mitigations&gt;&lt;SeverityOverrideGuidance&gt;&lt;/SeverityOverrideGuidance&gt;&lt;PotentialImpacts&gt;&lt;/PotentialImpacts&gt;&lt;ThirdPartyTools&gt;&lt;/ThirdPartyTools&gt;&lt;MitigationControl&gt;&lt;/MitigationControl&gt;&lt;Responsibility&gt;&lt;/Responsibility&gt;&lt;IAControls&gt;&lt;/IAControls&gt;</description><reference><dc:title>DPMS Target NetApp ONTAP DSC 9.x</dc:title><dc:publisher>DISA</dc:publisher><dc:type>DPMS Target</dc:type><dc:subject>NetApp ONTAP DSC 9.x</dc:subject><dc:identifier>5415</dc:identifier></reference><ident system="http://cyber.mil/cci">CCI-001858</ident><fixtext fixref="F-50321r856967_fix">Use the command "vserver audit modify -vserver &lt;vserver_name&gt; -destination &lt;audit log location&gt; -audit-guarantee true" to set audit-guarantee to true.  

An example command for a vserver named svm01 with the audit logs at /audit_log would be "vserver audit modify -vserver svm01 -destination /audit_log -audit-guarantee true".

Use the command "vserver audit show -fields audit-guarantee" to verify the change.</fixtext><fix id="F-50321r856967_fix" /><check system="C-50367r856966_chk"><check-content-ref href="NetApp_ONTAP_DSC_9.x_STIG.xml" name="M" /><check-content>Use "vserver audit show -fields audit-guarantee" to see if audit guarantee is enabled.

If audit-guarantee is set to false, this is a finding.</check-content></check></Rule></Group><Group id="V-246936"><title>SRG-APP-000373-NDM-000298</title><description>&lt;GroupDescription&gt;&lt;/GroupDescription&gt;</description><Rule id="SV-246936r1015268_rule" weight="10.0" severity="medium"><version>NAOT-AU-000004</version><title>ONTAP must be configured to synchronize internal information system clocks using redundant authoritative time sources.</title><description>&lt;VulnDiscussion&gt;The loss of connectivity to a particular authoritative time source will result in the loss of time synchronization (free-run mode) and increasingly inaccurate time stamps on audit events and other functions.

Multiple time sources provide redundancy by including a secondary source. Time synchronization is usually a hierarchy; clients synchronize time to a local source while that source synchronizes its time to a more accurate source. The network device must utilize an authoritative time server and/or be configured to use redundant authoritative time sources. This requirement is related to the comparison done in CCI-001891.

DOD-approved solutions consist of a combination of a primary and secondary time source using a combination or multiple instances of the following: a time server designated for the appropriate DOD network (NIPRNet/SIPRNet); United States Naval Observatory (USNO) time servers; and/or the Global Positioning System (GPS). The secondary time source must be located in a different geographic region than the primary time source.&lt;/VulnDiscussion&gt;&lt;FalsePositives&gt;&lt;/FalsePositives&gt;&lt;FalseNegatives&gt;&lt;/FalseNegatives&gt;&lt;Documentable&gt;false&lt;/Documentable&gt;&lt;Mitigations&gt;&lt;/Mitigations&gt;&lt;SeverityOverrideGuidance&gt;&lt;/SeverityOverrideGuidance&gt;&lt;PotentialImpacts&gt;&lt;/PotentialImpacts&gt;&lt;ThirdPartyTools&gt;&lt;/ThirdPartyTools&gt;&lt;MitigationControl&gt;&lt;/MitigationControl&gt;&lt;Responsibility&gt;&lt;/Responsibility&gt;&lt;IAControls&gt;&lt;/IAControls&gt;</description><reference><dc:title>DPMS Target NetApp ONTAP DSC 9.x</dc:title><dc:publisher>DISA</dc:publisher><dc:type>DPMS Target</dc:type><dc:subject>NetApp ONTAP DSC 9.x</dc:subject><dc:identifier>5415</dc:identifier></reference><ident system="http://cyber.mil/cci">CCI-004928</ident><ident system="http://cyber.mil/cci">CCI-001893</ident><fixtext fixref="F-50322r860679_fix">Configure network time protocol for ONTAP with "cluster time-service ntp server create -server &lt;IP address&gt;" to add new ntp servers. Up to 10 servers can be defined.</fixtext><fix id="F-50322r860679_fix" /><check system="C-50368r945864_chk"><check-content-ref href="NetApp_ONTAP_DSC_9.x_STIG.xml" name="M" /><check-content>Use "cluster time-service ntp server show" to view the current network time protocol configuration for ONTAP and ensure at least two ntp servers are defined.

If ONTAP is not configured to synchronize internal information system clocks using redundant authoritative time sources, this is a finding.</check-content></check></Rule></Group><Group id="V-246938"><title>SRG-APP-000374-NDM-000299</title><description>&lt;GroupDescription&gt;&lt;/GroupDescription&gt;</description><Rule id="SV-246938r961443_rule" weight="10.0" severity="medium"><version>NAOT-AU-000006</version><title>ONTAP must record time stamps for audit records that can be mapped to Coordinated Universal Time (UTC) or Greenwich Mean Time (GMT).</title><description>&lt;VulnDiscussion&gt;If time stamps are not consistently applied and there is no common time reference, it is difficult to perform forensic analysis.

Time stamps generated by the application include date and time. Time is commonly expressed in Coordinated Universal Time (UTC), a modern continuation of Greenwich Mean Time (GMT), or local time with an offset from UTC.&lt;/VulnDiscussion&gt;&lt;FalsePositives&gt;&lt;/FalsePositives&gt;&lt;FalseNegatives&gt;&lt;/FalseNegatives&gt;&lt;Documentable&gt;false&lt;/Documentable&gt;&lt;Mitigations&gt;&lt;/Mitigations&gt;&lt;SeverityOverrideGuidance&gt;&lt;/SeverityOverrideGuidance&gt;&lt;PotentialImpacts&gt;&lt;/PotentialImpacts&gt;&lt;ThirdPartyTools&gt;&lt;/ThirdPartyTools&gt;&lt;MitigationControl&gt;&lt;/MitigationControl&gt;&lt;Responsibility&gt;&lt;/Responsibility&gt;&lt;IAControls&gt;&lt;/IAControls&gt;</description><reference><dc:title>DPMS Target NetApp ONTAP DSC 9.x</dc:title><dc:publisher>DISA</dc:publisher><dc:type>DPMS Target</dc:type><dc:subject>NetApp ONTAP DSC 9.x</dc:subject><dc:identifier>5415</dc:identifier></reference><ident system="http://cyber.mil/cci">CCI-001890</ident><fixtext fixref="F-50324r860682_fix">Configure the time zone to UTC with "cluster date modify -timezone UTC".</fixtext><fix id="F-50324r860682_fix" /><check system="C-50370r860681_chk"><check-content-ref href="NetApp_ONTAP_DSC_9.x_STIG.xml" name="M" /><check-content>Use "cluster date show" to see the current time zone configured.

If ONTAP is not configured to record time stamps for audit records that can be mapped to Coordinated Universal Time (UTC) or Greenwich Mean Time (GMT), this is a finding.</check-content></check></Rule></Group><Group id="V-246939"><title>SRG-APP-000380-NDM-000304</title><description>&lt;GroupDescription&gt;&lt;/GroupDescription&gt;</description><Rule id="SV-246939r961461_rule" weight="10.0" severity="medium"><version>NAOT-CM-000001</version><title>ONTAP must enforce access restrictions associated with changes to the device configuration.</title><description>&lt;VulnDiscussion&gt;Failure to provide logical access restrictions associated with changes to device configuration may have significant effects on the overall security of the system.

When dealing with access restrictions pertaining to change control, it should be noted that any changes to the hardware, software, and/or firmware components of the device could potentially have significant effects on the overall security of the device.

Accordingly, only qualified and authorized individuals should be allowed to obtain access to device components for the purposes of initiating changes, including upgrades and modifications.

Logical access restrictions include, for example, controls that restrict access to workflow automation, media libraries, abstract layers (e.g., changes implemented into third-party interfaces rather than directly into information systems), and change windows (e.g., changes occur only during specified times, making unauthorized changes easy to discover).&lt;/VulnDiscussion&gt;&lt;FalsePositives&gt;&lt;/FalsePositives&gt;&lt;FalseNegatives&gt;&lt;/FalseNegatives&gt;&lt;Documentable&gt;false&lt;/Documentable&gt;&lt;Mitigations&gt;&lt;/Mitigations&gt;&lt;SeverityOverrideGuidance&gt;&lt;/SeverityOverrideGuidance&gt;&lt;PotentialImpacts&gt;&lt;/PotentialImpacts&gt;&lt;ThirdPartyTools&gt;&lt;/ThirdPartyTools&gt;&lt;MitigationControl&gt;&lt;/MitigationControl&gt;&lt;Responsibility&gt;&lt;/Responsibility&gt;&lt;IAControls&gt;&lt;/IAControls&gt;</description><reference><dc:title>DPMS Target NetApp ONTAP DSC 9.x</dc:title><dc:publisher>DISA</dc:publisher><dc:type>DPMS Target</dc:type><dc:subject>NetApp ONTAP DSC 9.x</dc:subject><dc:identifier>5415</dc:identifier></reference><ident system="http://cyber.mil/cci">CCI-001813</ident><fixtext fixref="F-50325r769148_fix">Configure users with administrative privilege that allows device configuration with "security login create -user-or-group-name &lt;user_name&gt; -role admin".</fixtext><fix id="F-50325r769148_fix" /><check system="C-50371r860684_chk"><check-content-ref href="NetApp_ONTAP_DSC_9.x_STIG.xml" name="M" /><check-content>Use "security login show -role admin" to see users with administrative privilege that allow device configuration. 

If ONTAP does not enforce access restrictions associated with changes to the device configuration, this is a finding.</check-content></check></Rule></Group><Group id="V-246940"><title>SRG-APP-000516-NDM-000336</title><description>&lt;GroupDescription&gt;&lt;/GroupDescription&gt;</description><Rule id="SV-246940r961863_rule" weight="10.0" severity="high"><version>NAOT-CM-000002</version><title>ONTAP must be configured to use an authentication server to provide multifactor authentication.</title><description>&lt;VulnDiscussion&gt;Centralized management of authentication settings increases the security of remote and nonlocal access methods. This control is particularly important protection against the insider threat. With robust centralized management, audit records for administrator account access to the organization's network devices can be more readily analyzed for trends and anomalies. The alternative method of defining administrator accounts on each device exposes the device configuration to remote access authentication attacks and system administrators with multiple authenticators for each network device.

Satisfies: SRG-APP-000516-NDM-000336, SRG-APP-000149-NDM-000247, SRG-APP-000175-NDM-000262, SRG-APP-000177-NDM-000263&lt;/VulnDiscussion&gt;&lt;FalsePositives&gt;&lt;/FalsePositives&gt;&lt;FalseNegatives&gt;&lt;/FalseNegatives&gt;&lt;Documentable&gt;false&lt;/Documentable&gt;&lt;Mitigations&gt;&lt;/Mitigations&gt;&lt;SeverityOverrideGuidance&gt;&lt;/SeverityOverrideGuidance&gt;&lt;PotentialImpacts&gt;&lt;/PotentialImpacts&gt;&lt;ThirdPartyTools&gt;&lt;/ThirdPartyTools&gt;&lt;MitigationControl&gt;&lt;/MitigationControl&gt;&lt;Responsibility&gt;&lt;/Responsibility&gt;&lt;IAControls&gt;&lt;/IAControls&gt;</description><reference><dc:title>DPMS Target NetApp ONTAP DSC 9.x</dc:title><dc:publisher>DISA</dc:publisher><dc:type>DPMS Target</dc:type><dc:subject>NetApp ONTAP DSC 9.x</dc:subject><dc:identifier>5415</dc:identifier></reference><ident system="http://cyber.mil/cci">CCI-000370</ident><ident system="http://cyber.mil/cci">CCI-000764</ident><ident system="http://cyber.mil/cci">CCI-000765</ident><ident system="http://cyber.mil/cci">CCI-000166</ident><ident system="http://cyber.mil/cci">CCI-000185</ident><ident system="http://cyber.mil/cci">CCI-000187</ident><fixtext fixref="F-50326r769151_fix">Configure ONTAP to make use of Active Directory to authenticate users and prohibit the use of cached authenticators with "security login create -user-or-group-name &lt;user or group name&gt; -authentication-method domain -application ssh".</fixtext><fix id="F-50326r769151_fix" /><check system="C-50372r835235_chk"><check-content-ref href="NetApp_ONTAP_DSC_9.x_STIG.xml" name="M" /><check-content>Use "security login show -authentication-method domain" to see users configured to authenticate with Active Directory.

If ONTAP is not configured to use an authentication server, this is a finding.</check-content></check></Rule></Group><Group id="V-246944"><title>SRG-APP-000516-NDM-000340</title><description>&lt;GroupDescription&gt;&lt;/GroupDescription&gt;</description><Rule id="SV-246944r961863_rule" weight="10.0" severity="medium"><version>NAOT-CM-000007</version><title>ONTAP must be configured to conduct backups of system level information.</title><description>&lt;VulnDiscussion&gt;System-level information includes default and customized settings and security attributes, including ACLs that relate to the network device configuration, as well as software required for the execution and operation of the device. Information system backup is a critical step in ensuring system integrity and availability. If the system fails and there is no backup of the system-level information, a denial of service condition is possible for all who utilize this critical network component.

This control requires the network device to support the organizational central backup process for system-level information associated with the network device. This function may be provided by the network device itself; however, the preferred best practice is a centralized backup rather than each network device performing discrete backups.&lt;/VulnDiscussion&gt;&lt;FalsePositives&gt;&lt;/FalsePositives&gt;&lt;FalseNegatives&gt;&lt;/FalseNegatives&gt;&lt;Documentable&gt;false&lt;/Documentable&gt;&lt;Mitigations&gt;&lt;/Mitigations&gt;&lt;SeverityOverrideGuidance&gt;&lt;/SeverityOverrideGuidance&gt;&lt;PotentialImpacts&gt;&lt;/PotentialImpacts&gt;&lt;ThirdPartyTools&gt;&lt;/ThirdPartyTools&gt;&lt;MitigationControl&gt;&lt;/MitigationControl&gt;&lt;Responsibility&gt;&lt;/Responsibility&gt;&lt;IAControls&gt;&lt;/IAControls&gt;</description><reference><dc:title>DPMS Target NetApp ONTAP DSC 9.x</dc:title><dc:publisher>DISA</dc:publisher><dc:type>DPMS Target</dc:type><dc:subject>NetApp ONTAP DSC 9.x</dc:subject><dc:identifier>5415</dc:identifier></reference><ident system="http://cyber.mil/cci">CCI-000537</ident><fixtext fixref="F-50330r769163_fix">Configure ONTAP to conduct backups of system level information with "set -privilege advanced" reply "y" to continue and "system configuration backup create -node &lt;node_name&gt; -backup-type cluster -backup-name &lt;name&gt;".</fixtext><fix id="F-50330r769163_fix" /><check system="C-50376r835240_chk"><check-content-ref href="NetApp_ONTAP_DSC_9.x_STIG.xml" name="M" /><check-content>Use "set -privilege advanced" reply "y" to continue and "system configuration backup show" to see if ONTAP is configured for system backups.

If ONTAP is not configured to conduct backups of system-level data when changes occur, this is a finding.</check-content></check></Rule></Group><Group id="V-246945"><title>SRG-APP-000516-NDM-000344</title><description>&lt;GroupDescription&gt;&lt;/GroupDescription&gt;</description><Rule id="SV-246945r961863_rule" weight="10.0" severity="medium"><version>NAOT-CM-000008</version><title>ONTAP must use DoD-approved PKI rather than proprietary or self-signed device certificates.</title><description>&lt;VulnDiscussion&gt;Each organization obtains user certificates from an approved, shared service provider as required by OMB policy. For federal agencies operating a legacy public key infrastructure cross-certified with the Federal Bridge Certification Authority (CA) at medium assurance or higher, this CA will suffice.&lt;/VulnDiscussion&gt;&lt;FalsePositives&gt;&lt;/FalsePositives&gt;&lt;FalseNegatives&gt;&lt;/FalseNegatives&gt;&lt;Documentable&gt;false&lt;/Documentable&gt;&lt;Mitigations&gt;&lt;/Mitigations&gt;&lt;SeverityOverrideGuidance&gt;&lt;/SeverityOverrideGuidance&gt;&lt;PotentialImpacts&gt;&lt;/PotentialImpacts&gt;&lt;ThirdPartyTools&gt;&lt;/ThirdPartyTools&gt;&lt;MitigationControl&gt;&lt;/MitigationControl&gt;&lt;Responsibility&gt;&lt;/Responsibility&gt;&lt;IAControls&gt;&lt;/IAControls&gt;</description><reference><dc:title>DPMS Target NetApp ONTAP DSC 9.x</dc:title><dc:publisher>DISA</dc:publisher><dc:type>DPMS Target</dc:type><dc:subject>NetApp ONTAP DSC 9.x</dc:subject><dc:identifier>5415</dc:identifier></reference><ident system="http://cyber.mil/cci">CCI-001159</ident><fixtext fixref="F-50331r945867_fix">Generate a new key-pair from a DOD-approved certificate issuer. Sites must consult the PKI/PKI pages on the https://cyber.mil website for procedures for NIPRNet and SIPRNet.

RSA:
request security pki generate-key-pair certificate-id &lt;cert name&gt; type rsa size &lt;512 | 1024 | 2048 | 4096&gt;

ECDSA:
request security pki generate-key-pair certificate-id &lt;cert_name&gt; type ecdsa size &lt;256 | 384&gt;

Generate a CSR from RSA key-pair using the following command and options.

request security generate-certificate-request certificate-id &lt;cert_name_from_key_file&gt; digest &lt;sha1 | sha256&gt; domain &lt;FQDN&gt; email &lt;admin_email&gt; ip-address &lt;ip_address&gt; subject “CN=&lt;hostname&gt;,DC=&lt;domain_part&gt;,DC=&lt;TLD_domain&gt;,O=&lt;organization&gt;,OU=&lt;organization_dept&gt;,
L=&lt;city&gt;,ST=&lt;state&gt;,C=&lt;us&gt;” filename &lt;path/filename&gt;

Generate a CSR from ECDSA key-pair using the following command and options.

request security generate-certificate-request certificate-id &lt;cert_name_from_key_file&gt; digest &lt;sha256 | sha384&gt; domain &lt;FQDN&gt; email &lt;admin_email&gt; ip-address &lt;ip_address&gt; subject “CN=&lt;hostname&gt;,DC=&lt;domain_part&gt;,DC=&lt;TLD_domain&gt;,O=&lt;organization&gt;,OU=&lt;organization_dept&gt;,
L=&lt;city&gt;,ST=&lt;state&gt;,C=&lt;us&gt;” filename &lt;path/filename&gt;

If no filename is specified, the CSR is displayed on the standard out (terminal).

After receiving the approved certificate from the CA, install the certificate with the command "security certificate install -type client-ca -vserver &lt;vserver_name&gt;".

For SSH accounts, apply the public key from the cert to the user account with the following command.
 
security login publickey create -vserver &lt;vserver name&gt; -username &lt;username&gt; -index 0 -publickey "ssh-rsa &lt;cert_text&gt;"</fixtext><fix id="F-50331r945867_fix" /><check system="C-50377r945866_chk"><check-content-ref href="NetApp_ONTAP_DSC_9.x_STIG.xml" name="M" /><check-content>Use the command "security certificate show -instance -type client-ca" to show information about the ca-certificates that are installed.

If any of the certificates have the name or identifier of a nonapproved source in the Issuer field, this is a finding.</check-content></check></Rule></Group><Group id="V-246946"><title>SRG-APP-000142-NDM-000245</title><description>&lt;GroupDescription&gt;&lt;/GroupDescription&gt;</description><Rule id="SV-246946r1007838_rule" weight="10.0" severity="high"><version>NAOT-CM-000009</version><title>ONTAP must be configured to prohibit the use of all unnecessary and/or nonsecure functions, ports, protocols, and/or services.</title><description>&lt;VulnDiscussion&gt;In order to prevent unauthorized connection of devices, unauthorized transfer of information, or unauthorized tunneling (i.e., embedding of data types within data types), organizations must disable unused or unnecessary physical and logical ports/protocols on information systems.

Network devices are capable of providing a wide variety of functions and services. Some of the functions and services provided by default may not be necessary to support essential organizational operations. Additionally, it is sometimes convenient to provide multiple services from a single component (e.g., email and web services); however, doing so increases risk over limiting the services provided by any one component.

To support the requirements and principles of least functionality, the network device must support the organizational requirements providing only essential capabilities and limiting the use of ports, protocols, and/or services to only those required, authorized, and approved. Some network devices have capabilities enabled by default; if these capabilities are not necessary, they must be disabled. If a particular capability is used, then it must be documented and approved.&lt;/VulnDiscussion&gt;&lt;FalsePositives&gt;&lt;/FalsePositives&gt;&lt;FalseNegatives&gt;&lt;/FalseNegatives&gt;&lt;Documentable&gt;false&lt;/Documentable&gt;&lt;Mitigations&gt;&lt;/Mitigations&gt;&lt;SeverityOverrideGuidance&gt;&lt;/SeverityOverrideGuidance&gt;&lt;PotentialImpacts&gt;&lt;/PotentialImpacts&gt;&lt;ThirdPartyTools&gt;&lt;/ThirdPartyTools&gt;&lt;MitigationControl&gt;&lt;/MitigationControl&gt;&lt;Responsibility&gt;&lt;/Responsibility&gt;&lt;IAControls&gt;&lt;/IAControls&gt;</description><reference><dc:title>DPMS Target NetApp ONTAP DSC 9.x</dc:title><dc:publisher>DISA</dc:publisher><dc:type>DPMS Target</dc:type><dc:subject>NetApp ONTAP DSC 9.x</dc:subject><dc:identifier>5415</dc:identifier></reference><ident system="http://cyber.mil/cci">CCI-000382</ident><ident system="http://cyber.mil/cci">CCI-002385</ident><fixtext fixref="F-50332r1007837_fix">Configure logical interfaces to use service policies with "network interface modify -service-policy &lt;service_policy_name&gt; -lif &lt;logical_interface_name&gt;".</fixtext><fix id="F-50332r1007837_fix" /><check system="C-50378r1007836_chk"><check-content-ref href="NetApp_ONTAP_DSC_9.x_STIG.xml" name="M" /><check-content>Use "network interface service-policy show" to see all of the configured service policies defined in ONTAP.

Use "network interface show -fields service-policy" to see which network logical interfaces (LIFs) have which service policies configured.

If ONTAP does not have service policies defined for each interface, this is a finding.</check-content></check></Rule></Group><Group id="V-246947"><title>SRG-APP-000153-NDM-000249</title><description>&lt;GroupDescription&gt;&lt;/GroupDescription&gt;</description><Rule id="SV-246947r1015269_rule" weight="10.0" severity="medium"><version>NAOT-IA-000001</version><title>ONTAP must be configured to authenticate each administrator prior to authorizing privileges based on assignment of group or role.</title><description>&lt;VulnDiscussion&gt;To assure individual accountability and prevent unauthorized access, administrators must be individually identified and authenticated.

Individual accountability mandates that each administrator is uniquely identified. A group authenticator is a shared account or some other form of authentication that allows multiple unique individuals to access the network device using a single account.

If a device allows or provides for group authenticators, it must first individually authenticate administrators prior to implementing group authenticator functionality.

Some devices may not have the need to provide a group authenticator; this is considered a matter of device design. In those instances where the device design includes the use of a group authenticator, this requirement will apply. This requirement applies to accounts created and managed on or by the network device.&lt;/VulnDiscussion&gt;&lt;FalsePositives&gt;&lt;/FalsePositives&gt;&lt;FalseNegatives&gt;&lt;/FalseNegatives&gt;&lt;Documentable&gt;false&lt;/Documentable&gt;&lt;Mitigations&gt;&lt;/Mitigations&gt;&lt;SeverityOverrideGuidance&gt;&lt;/SeverityOverrideGuidance&gt;&lt;PotentialImpacts&gt;&lt;/PotentialImpacts&gt;&lt;ThirdPartyTools&gt;&lt;/ThirdPartyTools&gt;&lt;MitigationControl&gt;&lt;/MitigationControl&gt;&lt;Responsibility&gt;&lt;/Responsibility&gt;&lt;IAControls&gt;&lt;/IAControls&gt;</description><reference><dc:title>DPMS Target NetApp ONTAP DSC 9.x</dc:title><dc:publisher>DISA</dc:publisher><dc:type>DPMS Target</dc:type><dc:subject>NetApp ONTAP DSC 9.x</dc:subject><dc:identifier>5415</dc:identifier></reference><ident system="http://cyber.mil/cci">CCI-004045</ident><ident system="http://cyber.mil/cci">CCI-000770</ident><fixtext fixref="F-50333r769172_fix">Configure new administrator active directory users or groups with "security login create -user-or-group-name &lt;user_name&gt; -role admin -authentication-method domain".</fixtext><fix id="F-50333r769172_fix" /><check system="C-50379r835247_chk"><check-content-ref href="NetApp_ONTAP_DSC_9.x_STIG.xml" name="M" /><check-content>Use "security login show -role admin -authentication-method domain" to see all configured admin users and groups that authenticate using active directory.

If ONTAP is not configured to authenticate each administrator prior to authorizing privileges based on assignment of group or role, this is a finding.</check-content></check></Rule></Group><Group id="V-246948"><title>SRG-APP-000156-NDM-000250</title><description>&lt;GroupDescription&gt;&lt;/GroupDescription&gt;</description><Rule id="SV-246948r960993_rule" weight="10.0" severity="medium"><version>NAOT-IA-000002</version><title>ONTAP must implement replay-resistant authentication mechanisms for network access to privileges accounts.</title><description>&lt;VulnDiscussion&gt;A replay attack may enable an unauthorized user to gain access to the application. Authentication sessions between the authenticator and the application validating the user credentials must not be vulnerable to a replay attack.

An authentication process resists replay attacks if it is impractical to achieve a successful authentication by recording and replaying a previous authentication message. 

Techniques used to address this include protocols using nonces (e.g., numbers generated for a specific one-time use) or challenges (e.g., TLS, WS_Security). Additional techniques include time-synchronous or challenge-response one-time authenticators.&lt;/VulnDiscussion&gt;&lt;FalsePositives&gt;&lt;/FalsePositives&gt;&lt;FalseNegatives&gt;&lt;/FalseNegatives&gt;&lt;Documentable&gt;false&lt;/Documentable&gt;&lt;Mitigations&gt;&lt;/Mitigations&gt;&lt;SeverityOverrideGuidance&gt;&lt;/SeverityOverrideGuidance&gt;&lt;PotentialImpacts&gt;&lt;/PotentialImpacts&gt;&lt;ThirdPartyTools&gt;&lt;/ThirdPartyTools&gt;&lt;MitigationControl&gt;&lt;/MitigationControl&gt;&lt;Responsibility&gt;&lt;/Responsibility&gt;&lt;IAControls&gt;&lt;/IAControls&gt;</description><reference><dc:title>DPMS Target NetApp ONTAP DSC 9.x</dc:title><dc:publisher>DISA</dc:publisher><dc:type>DPMS Target</dc:type><dc:subject>NetApp ONTAP DSC 9.x</dc:subject><dc:identifier>5415</dc:identifier></reference><ident system="http://cyber.mil/cci">CCI-001941</ident><fixtext fixref="F-50334r769175_fix">Configure new administrator active directory users or groups with "security login create -user-or-group-name &lt;user_name&gt; -role admin -authentication-method domain".</fixtext><fix id="F-50334r769175_fix" /><check system="C-50380r860686_chk"><check-content-ref href="NetApp_ONTAP_DSC_9.x_STIG.xml" name="M" /><check-content>Use "security login show -role admin" to see all configured admin users and groups. 

If any account, other than the admin account used as the account of last resort, has an authentication method other than domain, this is a finding.</check-content></check></Rule></Group><Group id="V-246949"><title>SRG-APP-000395-NDM-000310</title><description>&lt;GroupDescription&gt;&lt;/GroupDescription&gt;</description><Rule id="SV-246949r961506_rule" weight="10.0" severity="medium"><version>NAOT-IA-000003</version><title>ONTAP must be configured to authenticate SNMP messages using FIPS-validated Keyed-HMAC.</title><description>&lt;VulnDiscussion&gt;Without authenticating devices, unidentified or unknown devices may be introduced, thereby facilitating malicious activity. Bidirectional authentication provides stronger safeguards to validate the identity of other devices for connections that are of greater risk.

A local connection is any connection with a device communicating without the use of a network. A network connection is any connection with a device that communicates through a network (e.g., local area or wide area network, internet). A remote connection is any connection with a device communicating through an external network (e.g., the internet).

Because of the challenges of applying this requirement on a large scale, organizations are encouraged to only apply the requirement to those limited number (and type) of devices that truly need to support this capability.&lt;/VulnDiscussion&gt;&lt;FalsePositives&gt;&lt;/FalsePositives&gt;&lt;FalseNegatives&gt;&lt;/FalseNegatives&gt;&lt;Documentable&gt;false&lt;/Documentable&gt;&lt;Mitigations&gt;&lt;/Mitigations&gt;&lt;SeverityOverrideGuidance&gt;&lt;/SeverityOverrideGuidance&gt;&lt;PotentialImpacts&gt;&lt;/PotentialImpacts&gt;&lt;ThirdPartyTools&gt;&lt;/ThirdPartyTools&gt;&lt;MitigationControl&gt;&lt;/MitigationControl&gt;&lt;Responsibility&gt;&lt;/Responsibility&gt;&lt;IAControls&gt;&lt;/IAControls&gt;</description><reference><dc:title>DPMS Target NetApp ONTAP DSC 9.x</dc:title><dc:publisher>DISA</dc:publisher><dc:type>DPMS Target</dc:type><dc:subject>NetApp ONTAP DSC 9.x</dc:subject><dc:identifier>5415</dc:identifier></reference><ident system="http://cyber.mil/cci">CCI-001967</ident><fixtext fixref="F-50335r769178_fix">Configure a snmpV3 user using FIPS-validated Keyed-HMAC with "security login create -user-or-group-name snmptest2 -application snmp -authentication-method usm".

Enter the authoritative entity's EngineID [local EngineID]:

Which authentication protocol do you want to choose (none, md5, sha, sha2-256) [none]: sha2-256

Enter the authentication protocol password (minimum 8 characters long):

Enter the authentication protocol password again:

Which privacy protocol do you want to choose (none, des, aes128) [none]: aes128.</fixtext><fix id="F-50335r769178_fix" /><check system="C-50381r860688_chk"><check-content-ref href="NetApp_ONTAP_DSC_9.x_STIG.xml" name="M" /><check-content>Validate that SNMP is enabled using the command "options -option-name snmp*".

If snmp.enable and snmp.san.enable are set to "off", then SNMP is not enabled and this requirement is not applicable.

Use "security snmpusers -authmethod usm" to see snmpV3 users using FIPS-validated Keyed-HMAC.

If ONTAP is not configured to authenticate SNMP messages using FIPS-validated Keyed-HMAC, this is a finding.</check-content></check></Rule></Group><Group id="V-246950"><title>SRG-APP-000395-NDM-000347</title><description>&lt;GroupDescription&gt;&lt;/GroupDescription&gt;</description><Rule id="SV-246950r961506_rule" weight="10.0" severity="medium"><version>NAOT-IA-000004</version><title>ONTAP must authenticate NTP sources using authentication that is cryptographically based.</title><description>&lt;VulnDiscussion&gt;If Network Time Protocol (NTP) is not authenticated, an attacker can introduce a rogue NTP server. This rogue server can then be used to send incorrect time information to network devices, which will make log timestamps inaccurate and affect scheduled actions. NTP authentication is used to prevent this tampering by authenticating the time source.&lt;/VulnDiscussion&gt;&lt;FalsePositives&gt;&lt;/FalsePositives&gt;&lt;FalseNegatives&gt;&lt;/FalseNegatives&gt;&lt;Documentable&gt;false&lt;/Documentable&gt;&lt;Mitigations&gt;&lt;/Mitigations&gt;&lt;SeverityOverrideGuidance&gt;&lt;/SeverityOverrideGuidance&gt;&lt;PotentialImpacts&gt;&lt;/PotentialImpacts&gt;&lt;ThirdPartyTools&gt;&lt;/ThirdPartyTools&gt;&lt;MitigationControl&gt;&lt;/MitigationControl&gt;&lt;Responsibility&gt;&lt;/Responsibility&gt;&lt;IAControls&gt;&lt;/IAControls&gt;</description><reference><dc:title>DPMS Target NetApp ONTAP DSC 9.x</dc:title><dc:publisher>DISA</dc:publisher><dc:type>DPMS Target</dc:type><dc:subject>NetApp ONTAP DSC 9.x</dc:subject><dc:identifier>5415</dc:identifier></reference><ident system="http://cyber.mil/cci">CCI-001967</ident><fixtext fixref="F-50336r769181_fix">Configure an authenticated NTP source using authentication that is cryptographically based with "cluster time-service ntp server create -server &lt;ip_address&gt; -key-id &lt;NTP_Symmetric_Authentication_Key_ID&gt;".</fixtext><fix id="F-50336r769181_fix" /><check system="C-50382r860690_chk"><check-content-ref href="NetApp_ONTAP_DSC_9.x_STIG.xml" name="M" /><check-content>Use "cluster time-service ntp server show" to see authenticated NTP sources using authentication that is cryptographically based.

If any of the NTP servers listed has the field "Is Authentication Enabled" set to false, this is a finding.</check-content></check></Rule></Group><Group id="V-246951"><title>SRG-APP-000164-NDM-000252</title><description>&lt;GroupDescription&gt;&lt;/GroupDescription&gt;</description><Rule id="SV-246951r1015270_rule" weight="10.0" severity="medium"><version>NAOT-IA-000005</version><title>ONTAP must enforce a minimum 15-character password length.</title><description>&lt;VulnDiscussion&gt;Password complexity, or strength, is a measure of the effectiveness of a password in resisting attempts at guessing and brute-force attacks. Password length is one factor of several that helps to determine strength and how long it takes to crack a password.

The shorter the password, the lower the number of possible combinations that need to be tested before the password is compromised. Use of more characters in a password helps to exponentially increase the time and/or resources required to compromise the password.&lt;/VulnDiscussion&gt;&lt;FalsePositives&gt;&lt;/FalsePositives&gt;&lt;FalseNegatives&gt;&lt;/FalseNegatives&gt;&lt;Documentable&gt;false&lt;/Documentable&gt;&lt;Mitigations&gt;&lt;/Mitigations&gt;&lt;SeverityOverrideGuidance&gt;&lt;/SeverityOverrideGuidance&gt;&lt;PotentialImpacts&gt;&lt;/PotentialImpacts&gt;&lt;ThirdPartyTools&gt;&lt;/ThirdPartyTools&gt;&lt;MitigationControl&gt;&lt;/MitigationControl&gt;&lt;Responsibility&gt;&lt;/Responsibility&gt;&lt;IAControls&gt;&lt;/IAControls&gt;</description><reference><dc:title>DPMS Target NetApp ONTAP DSC 9.x</dc:title><dc:publisher>DISA</dc:publisher><dc:type>DPMS Target</dc:type><dc:subject>NetApp ONTAP DSC 9.x</dc:subject><dc:identifier>5415</dc:identifier></reference><ident system="http://cyber.mil/cci">CCI-004066</ident><ident system="http://cyber.mil/cci">CCI-000205</ident><fixtext fixref="F-50337r945869_fix">Configure the minimum password length for the role admin to 15 with "security login role config modify -vserver &lt;vserver name&gt; -role admin -passwd-minlength 15".</fixtext><fix id="F-50337r945869_fix" /><check system="C-50383r835255_chk"><check-content-ref href="NetApp_ONTAP_DSC_9.x_STIG.xml" name="M" /><check-content>Use "security login role config show -role admin -fields passwd-minlength" to see the minimum password length for the role admin.

If ONTAP is not configured to enforce a minimum 15-character password length, this is a finding.</check-content></check></Rule></Group><Group id="V-246952"><title>SRG-APP-000166-NDM-000254</title><description>&lt;GroupDescription&gt;&lt;/GroupDescription&gt;</description><Rule id="SV-246952r1015271_rule" weight="10.0" severity="medium"><version>NAOT-IA-000006</version><title>ONTAP must enforce password complexity by requiring that at least one uppercase character be used.</title><description>&lt;VulnDiscussion&gt;Use of a complex password helps to increase the time and resources required to compromise the password. Password complexity, or strength, is a measure of the effectiveness of a password in resisting attempts at guessing and brute-force attacks.

Password complexity is one factor of several that determine how long it takes to crack a password. The more complex the password is, the greater the number of possible combinations that need to be tested before the password is compromised.

Multifactor authentication (MFA) is required for all administrative and user accounts on network devices, except for an account of last resort and (where applicable) a root account. Passwords should only be used when MFA using PKI is not available, and for the account of last resort and root account.&lt;/VulnDiscussion&gt;&lt;FalsePositives&gt;&lt;/FalsePositives&gt;&lt;FalseNegatives&gt;&lt;/FalseNegatives&gt;&lt;Documentable&gt;false&lt;/Documentable&gt;&lt;Mitigations&gt;&lt;/Mitigations&gt;&lt;SeverityOverrideGuidance&gt;&lt;/SeverityOverrideGuidance&gt;&lt;PotentialImpacts&gt;&lt;/PotentialImpacts&gt;&lt;ThirdPartyTools&gt;&lt;/ThirdPartyTools&gt;&lt;MitigationControl&gt;&lt;/MitigationControl&gt;&lt;Responsibility&gt;&lt;/Responsibility&gt;&lt;IAControls&gt;&lt;/IAControls&gt;</description><reference><dc:title>DPMS Target NetApp ONTAP DSC 9.x</dc:title><dc:publisher>DISA</dc:publisher><dc:type>DPMS Target</dc:type><dc:subject>NetApp ONTAP DSC 9.x</dc:subject><dc:identifier>5415</dc:identifier></reference><ident system="http://cyber.mil/cci">CCI-004066</ident><ident system="http://cyber.mil/cci">CCI-000192</ident><fixtext fixref="F-50338r835258_fix">Configure ONTAP to enforce password complexity by requiring that at least one uppercase character be used for the role admin with "security login role config modify  -role admin -passwd-min-uppercase-chars 1".</fixtext><fix id="F-50338r835258_fix" /><check system="C-50384r835257_chk"><check-content-ref href="NetApp_ONTAP_DSC_9.x_STIG.xml" name="M" /><check-content>Use "security login role config show -role admin -fields passwd-min-uppercase-chars" to see the minimum number of uppercase characters required in a password for the role admin.

If ONTAP is not configured to enforce password complexity by requiring that at least one uppercase character be used, this is a finding.</check-content></check></Rule></Group><Group id="V-246953"><title>SRG-APP-000167-NDM-000255</title><description>&lt;GroupDescription&gt;&lt;/GroupDescription&gt;</description><Rule id="SV-246953r1015272_rule" weight="10.0" severity="medium"><version>NAOT-IA-000007</version><title>ONTAP must enforce password complexity by requiring that at least one lowercase character be used.</title><description>&lt;VulnDiscussion&gt;Use of a complex password helps to increase the time and resources required to compromise the password. Password complexity, or strength, is a measure of the effectiveness of a password in resisting attempts at guessing and brute-force attacks.

Password complexity is one factor of several that determine how long it takes to crack a password. The more complex the password, the greater the number of possible combinations that need to be tested before the password is compromised.

Multifactor authentication (MFA) is required for all administrative and user accounts on network devices, except for an account of last resort and (where applicable) a root account. Passwords should only be used when MFA using PKI is not available, and for the account of last resort and root account.&lt;/VulnDiscussion&gt;&lt;FalsePositives&gt;&lt;/FalsePositives&gt;&lt;FalseNegatives&gt;&lt;/FalseNegatives&gt;&lt;Documentable&gt;false&lt;/Documentable&gt;&lt;Mitigations&gt;&lt;/Mitigations&gt;&lt;SeverityOverrideGuidance&gt;&lt;/SeverityOverrideGuidance&gt;&lt;PotentialImpacts&gt;&lt;/PotentialImpacts&gt;&lt;ThirdPartyTools&gt;&lt;/ThirdPartyTools&gt;&lt;MitigationControl&gt;&lt;/MitigationControl&gt;&lt;Responsibility&gt;&lt;/Responsibility&gt;&lt;IAControls&gt;&lt;/IAControls&gt;</description><reference><dc:title>DPMS Target NetApp ONTAP DSC 9.x</dc:title><dc:publisher>DISA</dc:publisher><dc:type>DPMS Target</dc:type><dc:subject>NetApp ONTAP DSC 9.x</dc:subject><dc:identifier>5415</dc:identifier></reference><ident system="http://cyber.mil/cci">CCI-004066</ident><ident system="http://cyber.mil/cci">CCI-000193</ident><fixtext fixref="F-50339r835261_fix">Configure ONTAP to enforce password complexity by requiring that at least one lowercase character be used for the role admin with "security login role config modify  -role admin -passwd-min-lowercase-chars 1".</fixtext><fix id="F-50339r835261_fix" /><check system="C-50385r835260_chk"><check-content-ref href="NetApp_ONTAP_DSC_9.x_STIG.xml" name="M" /><check-content>Use "security login role config show -role admin -fields passwd-min-lowercase-chars" to see the minimum number of lowercase characters required in a password for the role admin.

If ONTAP is not configured to enforce password complexity by requiring that at least one lowercase character be used, this is a finding.</check-content></check></Rule></Group><Group id="V-246954"><title>SRG-APP-000168-NDM-000256</title><description>&lt;GroupDescription&gt;&lt;/GroupDescription&gt;</description><Rule id="SV-246954r1015273_rule" weight="10.0" severity="medium"><version>NAOT-IA-000008</version><title>ONTAP must enforce password complexity by requiring that at least one numeric character be used.</title><description>&lt;VulnDiscussion&gt;Use of a complex password helps to increase the time and resources required to compromise the password. Password complexity, or strength, is a measure of the effectiveness of a password in resisting attempts at guessing and brute-force attacks.

Password complexity is one factor of several that determine how long it takes to crack a password. The more complex the password, the greater the number of possible combinations that need to be tested before the password is compromised.

Multifactor authentication (MFA) is required for all administrative and user accounts on network devices, except for an account of last resort and (where applicable) a root account. Passwords should only be used when MFA using PKI is not available, and for the account of last resort and root account.&lt;/VulnDiscussion&gt;&lt;FalsePositives&gt;&lt;/FalsePositives&gt;&lt;FalseNegatives&gt;&lt;/FalseNegatives&gt;&lt;Documentable&gt;false&lt;/Documentable&gt;&lt;Mitigations&gt;&lt;/Mitigations&gt;&lt;SeverityOverrideGuidance&gt;&lt;/SeverityOverrideGuidance&gt;&lt;PotentialImpacts&gt;&lt;/PotentialImpacts&gt;&lt;ThirdPartyTools&gt;&lt;/ThirdPartyTools&gt;&lt;MitigationControl&gt;&lt;/MitigationControl&gt;&lt;Responsibility&gt;&lt;/Responsibility&gt;&lt;IAControls&gt;&lt;/IAControls&gt;</description><reference><dc:title>DPMS Target NetApp ONTAP DSC 9.x</dc:title><dc:publisher>DISA</dc:publisher><dc:type>DPMS Target</dc:type><dc:subject>NetApp ONTAP DSC 9.x</dc:subject><dc:identifier>5415</dc:identifier></reference><ident system="http://cyber.mil/cci">CCI-004066</ident><ident system="http://cyber.mil/cci">CCI-000194</ident><fixtext fixref="F-50340r769193_fix">Configure ONTAP to enforce password complexity by requiring that at least one numeric character be used with "security login role config modify -role admin -passwd-alphanum enabled".</fixtext><fix id="F-50340r769193_fix" /><check system="C-50386r835263_chk"><check-content-ref href="NetApp_ONTAP_DSC_9.x_STIG.xml" name="M" /><check-content>Use "security login role config show -role admin -fields passwd-alphanum" to see at least one letter and one number are required in a password for the role admin.

If ONTAP is not configured to enforce password complexity by requiring that at least one numeric character be used, this is a finding.</check-content></check></Rule></Group><Group id="V-246955"><title>SRG-APP-000169-NDM-000257</title><description>&lt;GroupDescription&gt;&lt;/GroupDescription&gt;</description><Rule id="SV-246955r1015274_rule" weight="10.0" severity="medium"><version>NAOT-IA-000009</version><title>ONTAP must enforce password complexity by requiring that at least one special character be used.</title><description>&lt;VulnDiscussion&gt;Use of a complex password helps to increase the time and resources required to compromise the password. Password complexity, or strength, is a measure of the effectiveness of a password in resisting attempts at guessing and brute-force attacks.

Password complexity is one factor of several that determine how long it takes to crack a password. The more complex the password, the greater the number of possible combinations that need to be tested before the password is compromised.

Multifactor authentication (MFA) is required for all administrative and user accounts on network devices, except for an account of last resort and (where applicable) a root account. Passwords should only be used when MFA using PKI is not available, and for the account of last resort and root account.&lt;/VulnDiscussion&gt;&lt;FalsePositives&gt;&lt;/FalsePositives&gt;&lt;FalseNegatives&gt;&lt;/FalseNegatives&gt;&lt;Documentable&gt;false&lt;/Documentable&gt;&lt;Mitigations&gt;&lt;/Mitigations&gt;&lt;SeverityOverrideGuidance&gt;&lt;/SeverityOverrideGuidance&gt;&lt;PotentialImpacts&gt;&lt;/PotentialImpacts&gt;&lt;ThirdPartyTools&gt;&lt;/ThirdPartyTools&gt;&lt;MitigationControl&gt;&lt;/MitigationControl&gt;&lt;Responsibility&gt;&lt;/Responsibility&gt;&lt;IAControls&gt;&lt;/IAControls&gt;</description><reference><dc:title>DPMS Target NetApp ONTAP DSC 9.x</dc:title><dc:publisher>DISA</dc:publisher><dc:type>DPMS Target</dc:type><dc:subject>NetApp ONTAP DSC 9.x</dc:subject><dc:identifier>5415</dc:identifier></reference><ident system="http://cyber.mil/cci">CCI-004066</ident><ident system="http://cyber.mil/cci">CCI-001619</ident><fixtext fixref="F-50341r769196_fix">Configure ONTAP to enforce password complexity by requiring that at least one special character be used with "security login role config modify -role admin -passwd-min-special-chars 1".</fixtext><fix id="F-50341r769196_fix" /><check system="C-50387r835265_chk"><check-content-ref href="NetApp_ONTAP_DSC_9.x_STIG.xml" name="M" /><check-content>Use "security login role config show -role admin -fields passwd-min-special-chars" to see the minimum number of special characters required in a password for the role admin.

If ONTAP is not configured to enforce password complexity by requiring that at least one special character be used, this is a finding.</check-content></check></Rule></Group><Group id="V-246958"><title>SRG-APP-000412-NDM-000331</title><description>&lt;GroupDescription&gt;&lt;/GroupDescription&gt;</description><Rule id="SV-246958r961557_rule" weight="10.0" severity="high"><version>NAOT-MA-000002</version><title>ONTAP must be configured to implement cryptographic mechanisms using FIPS 140-2.</title><description>&lt;VulnDiscussion&gt;Unapproved mechanisms that are used for authentication to the cryptographic module are not verified and therefore cannot be relied upon to provide confidentiality or integrity, and DoD data may be compromised.

Satisfies: SRG-APP-000412-NDM-000331, SRG-APP-000411-NDM-000330, SRG-APP-000179-NDM-000265&lt;/VulnDiscussion&gt;&lt;FalsePositives&gt;&lt;/FalsePositives&gt;&lt;FalseNegatives&gt;&lt;/FalseNegatives&gt;&lt;Documentable&gt;false&lt;/Documentable&gt;&lt;Mitigations&gt;&lt;/Mitigations&gt;&lt;SeverityOverrideGuidance&gt;&lt;/SeverityOverrideGuidance&gt;&lt;PotentialImpacts&gt;&lt;/PotentialImpacts&gt;&lt;ThirdPartyTools&gt;&lt;/ThirdPartyTools&gt;&lt;MitigationControl&gt;&lt;/MitigationControl&gt;&lt;Responsibility&gt;&lt;/Responsibility&gt;&lt;IAControls&gt;&lt;/IAControls&gt;</description><reference><dc:title>DPMS Target NetApp ONTAP DSC 9.x</dc:title><dc:publisher>DISA</dc:publisher><dc:type>DPMS Target</dc:type><dc:subject>NetApp ONTAP DSC 9.x</dc:subject><dc:identifier>5415</dc:identifier></reference><ident system="http://cyber.mil/cci">CCI-000803</ident><ident system="http://cyber.mil/cci">CCI-003123</ident><ident system="http://cyber.mil/cci">CCI-002890</ident><fixtext fixref="F-50344r945871_fix">Configure ONTAP to use cryptographic mechanisms with "set -privilege advanced" reply "y" to continue and  "security config modify -is-fips-enabled true -interface SSL".</fixtext><fix id="F-50344r945871_fix" /><check system="C-50390r860692_chk"><check-content-ref href="NetApp_ONTAP_DSC_9.x_STIG.xml" name="M" /><check-content>Use "set -privilege advanced" reply "y" to continue and "security config show" to see if cluster FIPS mode is true.

If ONTAP is not configured to implement cryptographic mechanisms using FIPS 140-2, this is a finding.</check-content></check></Rule></Group><Group id="V-246959"><title>SRG-APP-000190-NDM-000267</title><description>&lt;GroupDescription&gt;&lt;/GroupDescription&gt;</description><Rule id="SV-246959r961068_rule" weight="10.0" severity="high"><version>NAOT-SC-000001</version><title>ONTAP must terminate all network connections associated with a device management session at the end of the session, or the session must be terminated after 10 minutes of inactivity except to fulfill documented and validated mission requirements.</title><description>&lt;VulnDiscussion&gt;Terminating an idle session within a short time period reduces the window of opportunity for unauthorized personnel to take control of a management session enabled on the console or console port that has been left unattended. In addition, quickly terminating an idle session will also free up resources committed by the managed network element.

Terminating network connections associated with communications sessions includes, for example, de-allocating associated TCP/IP address/port pairs at the operating system level, or de-allocating networking assignments at the application level if multiple application sessions are using a single, operating system-level network connection. This does not mean that the device terminates all sessions or network access; it only ends the inactive session and releases the resources associated with that session.&lt;/VulnDiscussion&gt;&lt;FalsePositives&gt;&lt;/FalsePositives&gt;&lt;FalseNegatives&gt;&lt;/FalseNegatives&gt;&lt;Documentable&gt;false&lt;/Documentable&gt;&lt;Mitigations&gt;&lt;/Mitigations&gt;&lt;SeverityOverrideGuidance&gt;&lt;/SeverityOverrideGuidance&gt;&lt;PotentialImpacts&gt;&lt;/PotentialImpacts&gt;&lt;ThirdPartyTools&gt;&lt;/ThirdPartyTools&gt;&lt;MitigationControl&gt;&lt;/MitigationControl&gt;&lt;Responsibility&gt;&lt;/Responsibility&gt;&lt;IAControls&gt;&lt;/IAControls&gt;</description><reference><dc:title>DPMS Target NetApp ONTAP DSC 9.x</dc:title><dc:publisher>DISA</dc:publisher><dc:type>DPMS Target</dc:type><dc:subject>NetApp ONTAP DSC 9.x</dc:subject><dc:identifier>5415</dc:identifier></reference><ident system="http://cyber.mil/cci">CCI-001133</ident><fixtext fixref="F-50345r769208_fix">Configure ONTAP to timeout idle sessions after 10 minutes with "system timeout modify -timeout 10".</fixtext><fix id="F-50345r769208_fix" /><check system="C-50391r769207_chk"><check-content-ref href="NetApp_ONTAP_DSC_9.x_STIG.xml" name="M" /><check-content>Use "system timeout show" to see the session timeout in minutes.

If ONTAP does not terminate the connection associated with a device management session at the end of the session or after 10 minutes of inactivity, this is a finding.</check-content></check></Rule></Group><Group id="V-246964"><title>SRG-APP-000516-NDM-000350</title><description>&lt;GroupDescription&gt;&lt;/GroupDescription&gt;</description><Rule id="SV-246964r961863_rule" weight="10.0" severity="high"><version>NAOT-SI-000001</version><title>ONTAP must be configured to send audit log data to a central log server.</title><description>&lt;VulnDiscussion&gt;The aggregation of log data kept on a syslog server can be used to detect attacks and trigger an alert to the appropriate security personnel. The stored log data can used to detect weaknesses in security that enable the network IA team to find and address these weaknesses before breaches can occur. Reviewing these logs, whether before or after a security breach, are important in showing whether someone is an internal employee or an outside threat.&lt;/VulnDiscussion&gt;&lt;FalsePositives&gt;&lt;/FalsePositives&gt;&lt;FalseNegatives&gt;&lt;/FalseNegatives&gt;&lt;Documentable&gt;false&lt;/Documentable&gt;&lt;Mitigations&gt;&lt;/Mitigations&gt;&lt;SeverityOverrideGuidance&gt;&lt;/SeverityOverrideGuidance&gt;&lt;PotentialImpacts&gt;&lt;/PotentialImpacts&gt;&lt;ThirdPartyTools&gt;&lt;/ThirdPartyTools&gt;&lt;MitigationControl&gt;&lt;/MitigationControl&gt;&lt;Responsibility&gt;&lt;/Responsibility&gt;&lt;IAControls&gt;&lt;/IAControls&gt;</description><reference><dc:title>DPMS Target NetApp ONTAP DSC 9.x</dc:title><dc:publisher>DISA</dc:publisher><dc:type>DPMS Target</dc:type><dc:subject>NetApp ONTAP DSC 9.x</dc:subject><dc:identifier>5415</dc:identifier></reference><ident system="http://cyber.mil/cci">CCI-001851</ident><fixtext fixref="F-50350r769223_fix">Configure ONTAP for remote syslogging with "cluster log-forwarding create -destination &lt;hostname_or_ip_address&gt;".</fixtext><fix id="F-50350r769223_fix" /><check system="C-50396r860697_chk"><check-content-ref href="NetApp_ONTAP_DSC_9.x_STIG.xml" name="M" /><check-content>Use "cluster log-forwarding show" to see if audit logs are being sent to a remote logging server.

Sample output from the command:

                                                                                           Verify   Syslog
Destination Host         Port   Protocol                   Server   Facility
------------------------ ------ ----------------------- --------  --------
192.168.0.1                     514    udp-unencrypted false       user

If no remote logging servers are listed, this is a finding.</check-content></check></Rule></Group></Benchmark>