<?xml version="1.0" encoding="utf-8"?><?xml-stylesheet type='text/xsl' href='STIG_unclass.xsl'?><Benchmark xmlns:dc="http://purl.org/dc/elements/1.1/" xmlns:xsi="http://www.w3.org/2001/XMLSchema-instance" xmlns:cpe="http://cpe.mitre.org/language/2.0" xmlns:xhtml="http://www.w3.org/1999/xhtml" xmlns:dsig="http://www.w3.org/2000/09/xmldsig#" xsi:schemaLocation="http://checklists.nist.gov/xccdf/1.1 http://nvd.nist.gov/schema/xccdf-1.1.4.xsd http://cpe.mitre.org/dictionary/2.0 http://cpe.mitre.org/files/cpe-dictionary_2.1.xsd" id="RB_NetProfiler_STIG" xml:lang="en" xmlns="http://checklists.nist.gov/xccdf/1.1"><status date="2024-08-27">accepted</status><title>Riverbed NetProfiler Security Technical Implementation Guide</title><description>This Security Technical Implementation Guide is published as a tool to improve the security of Department of Defense (DOD) information systems. The requirements are derived from the National Institute of Standards and Technology (NIST) 800-53 and related documents. Comments or proposed revisions to this document should be sent via email to the following address: disa.stig_spt@mail.mil.</description><notice id="terms-of-use" xml:lang="en"></notice><front-matter xml:lang="en"></front-matter><rear-matter xml:lang="en"></rear-matter><reference href="https://cyber.mil"><dc:publisher>DISA</dc:publisher><dc:source>STIG.DOD.MIL</dc:source></reference><plain-text id="release-info">Release: 1 Benchmark Date: 24 Jul 2024</plain-text><plain-text id="generator">3.5</plain-text><plain-text id="conventionsVersion">1.10.0</plain-text><version>2</version><Profile id="MAC-1_Classified"><title>I - Mission Critical Classified</title><description>&lt;ProfileDescription&gt;&lt;/ProfileDescription&gt;</description><select idref="V-256071" selected="true" /><select idref="V-256072" selected="true" /><select idref="V-256073" selected="true" /><select idref="V-256074" selected="true" /><select idref="V-256075" selected="true" /><select idref="V-256077" selected="true" /><select idref="V-256078" selected="true" /><select idref="V-256079" selected="true" /><select idref="V-256080" selected="true" /><select idref="V-256081" selected="true" /><select idref="V-256082" selected="true" /><select idref="V-256084" selected="true" /><select idref="V-256085" selected="true" /><select idref="V-256086" selected="true" /><select idref="V-256087" selected="true" /><select idref="V-256088" selected="true" /><select idref="V-256089" selected="true" /><select idref="V-256090" selected="true" /><select idref="V-256091" selected="true" /><select idref="V-256092" selected="true" /><select idref="V-256093" selected="true" /><select idref="V-256094" selected="true" /><select idref="V-256095" selected="true" /><select idref="V-256096" selected="true" /><select idref="V-256097" selected="true" /></Profile><Profile id="MAC-1_Public"><title>I - Mission Critical Public</title><description>&lt;ProfileDescription&gt;&lt;/ProfileDescription&gt;</description><select idref="V-256071" selected="true" /><select idref="V-256072" selected="true" /><select idref="V-256073" selected="true" /><select idref="V-256074" selected="true" /><select idref="V-256075" selected="true" /><select idref="V-256077" selected="true" /><select idref="V-256078" selected="true" /><select idref="V-256079" selected="true" /><select idref="V-256080" selected="true" /><select idref="V-256081" selected="true" /><select idref="V-256082" selected="true" /><select idref="V-256084" selected="true" /><select idref="V-256085" selected="true" /><select idref="V-256086" selected="true" /><select idref="V-256087" selected="true" /><select idref="V-256088" selected="true" /><select idref="V-256089" selected="true" /><select idref="V-256090" selected="true" /><select idref="V-256091" selected="true" /><select idref="V-256092" selected="true" /><select idref="V-256093" selected="true" /><select idref="V-256094" selected="true" /><select idref="V-256095" selected="true" /><select idref="V-256096" selected="true" /><select idref="V-256097" selected="true" /></Profile><Profile id="MAC-1_Sensitive"><title>I - Mission Critical Sensitive</title><description>&lt;ProfileDescription&gt;&lt;/ProfileDescription&gt;</description><select idref="V-256071" selected="true" /><select idref="V-256072" selected="true" /><select idref="V-256073" selected="true" /><select idref="V-256074" selected="true" /><select idref="V-256075" selected="true" /><select idref="V-256077" selected="true" /><select idref="V-256078" selected="true" /><select idref="V-256079" selected="true" /><select idref="V-256080" selected="true" /><select idref="V-256081" selected="true" /><select idref="V-256082" selected="true" /><select idref="V-256084" selected="true" /><select idref="V-256085" selected="true" /><select idref="V-256086" selected="true" /><select idref="V-256087" selected="true" /><select idref="V-256088" selected="true" /><select idref="V-256089" selected="true" /><select idref="V-256090" selected="true" /><select idref="V-256091" selected="true" /><select idref="V-256092" selected="true" /><select idref="V-256093" selected="true" /><select idref="V-256094" selected="true" /><select idref="V-256095" selected="true" /><select idref="V-256096" selected="true" /><select idref="V-256097" selected="true" /></Profile><Profile id="MAC-2_Classified"><title>II - Mission Support Classified</title><description>&lt;ProfileDescription&gt;&lt;/ProfileDescription&gt;</description><select idref="V-256071" selected="true" /><select idref="V-256072" selected="true" /><select idref="V-256073" selected="true" /><select idref="V-256074" selected="true" /><select idref="V-256075" selected="true" /><select idref="V-256077" selected="true" /><select idref="V-256078" selected="true" /><select idref="V-256079" selected="true" /><select idref="V-256080" selected="true" /><select idref="V-256081" selected="true" /><select idref="V-256082" selected="true" /><select idref="V-256084" selected="true" /><select idref="V-256085" selected="true" /><select idref="V-256086" selected="true" /><select idref="V-256087" selected="true" /><select idref="V-256088" selected="true" /><select idref="V-256089" selected="true" /><select idref="V-256090" selected="true" /><select idref="V-256091" selected="true" /><select idref="V-256092" selected="true" /><select idref="V-256093" selected="true" /><select idref="V-256094" selected="true" /><select idref="V-256095" selected="true" /><select idref="V-256096" selected="true" /><select idref="V-256097" selected="true" /></Profile><Profile id="MAC-2_Public"><title>II - Mission Support Public</title><description>&lt;ProfileDescription&gt;&lt;/ProfileDescription&gt;</description><select idref="V-256071" selected="true" /><select idref="V-256072" selected="true" /><select idref="V-256073" selected="true" /><select idref="V-256074" selected="true" /><select idref="V-256075" selected="true" /><select idref="V-256077" selected="true" /><select idref="V-256078" selected="true" /><select idref="V-256079" selected="true" /><select idref="V-256080" selected="true" /><select idref="V-256081" selected="true" /><select idref="V-256082" selected="true" /><select idref="V-256084" selected="true" /><select idref="V-256085" selected="true" /><select idref="V-256086" selected="true" /><select idref="V-256087" selected="true" /><select idref="V-256088" selected="true" /><select idref="V-256089" selected="true" /><select idref="V-256090" selected="true" /><select idref="V-256091" selected="true" /><select idref="V-256092" selected="true" /><select idref="V-256093" selected="true" /><select idref="V-256094" selected="true" /><select idref="V-256095" selected="true" /><select idref="V-256096" selected="true" /><select idref="V-256097" selected="true" /></Profile><Profile id="MAC-2_Sensitive"><title>II - Mission Support Sensitive</title><description>&lt;ProfileDescription&gt;&lt;/ProfileDescription&gt;</description><select idref="V-256071" selected="true" /><select idref="V-256072" selected="true" /><select idref="V-256073" selected="true" /><select idref="V-256074" selected="true" /><select idref="V-256075" selected="true" /><select idref="V-256077" selected="true" /><select idref="V-256078" selected="true" /><select idref="V-256079" selected="true" /><select idref="V-256080" selected="true" /><select idref="V-256081" selected="true" /><select idref="V-256082" selected="true" /><select idref="V-256084" selected="true" /><select idref="V-256085" selected="true" /><select idref="V-256086" selected="true" /><select idref="V-256087" selected="true" /><select idref="V-256088" selected="true" /><select idref="V-256089" selected="true" /><select idref="V-256090" selected="true" /><select idref="V-256091" selected="true" /><select idref="V-256092" selected="true" /><select idref="V-256093" selected="true" /><select idref="V-256094" selected="true" /><select idref="V-256095" selected="true" /><select idref="V-256096" selected="true" /><select idref="V-256097" selected="true" /></Profile><Profile id="MAC-3_Classified"><title>III - Administrative Classified</title><description>&lt;ProfileDescription&gt;&lt;/ProfileDescription&gt;</description><select idref="V-256071" selected="true" /><select idref="V-256072" selected="true" /><select idref="V-256073" selected="true" /><select idref="V-256074" selected="true" /><select idref="V-256075" selected="true" /><select idref="V-256077" selected="true" /><select idref="V-256078" selected="true" /><select idref="V-256079" selected="true" /><select idref="V-256080" selected="true" /><select idref="V-256081" selected="true" /><select idref="V-256082" selected="true" /><select idref="V-256084" selected="true" /><select idref="V-256085" selected="true" /><select idref="V-256086" selected="true" /><select idref="V-256087" selected="true" /><select idref="V-256088" selected="true" /><select idref="V-256089" selected="true" /><select idref="V-256090" selected="true" /><select idref="V-256091" selected="true" /><select idref="V-256092" selected="true" /><select idref="V-256093" selected="true" /><select idref="V-256094" selected="true" /><select idref="V-256095" selected="true" /><select idref="V-256096" selected="true" /><select idref="V-256097" selected="true" /></Profile><Profile id="MAC-3_Public"><title>III - Administrative Public</title><description>&lt;ProfileDescription&gt;&lt;/ProfileDescription&gt;</description><select idref="V-256071" selected="true" /><select idref="V-256072" selected="true" /><select idref="V-256073" selected="true" /><select idref="V-256074" selected="true" /><select idref="V-256075" selected="true" /><select idref="V-256077" selected="true" /><select idref="V-256078" selected="true" /><select idref="V-256079" selected="true" /><select idref="V-256080" selected="true" /><select idref="V-256081" selected="true" /><select idref="V-256082" selected="true" /><select idref="V-256084" selected="true" /><select idref="V-256085" selected="true" /><select idref="V-256086" selected="true" /><select idref="V-256087" selected="true" /><select idref="V-256088" selected="true" /><select idref="V-256089" selected="true" /><select idref="V-256090" selected="true" /><select idref="V-256091" selected="true" /><select idref="V-256092" selected="true" /><select idref="V-256093" selected="true" /><select idref="V-256094" selected="true" /><select idref="V-256095" selected="true" /><select idref="V-256096" selected="true" /><select idref="V-256097" selected="true" /></Profile><Profile id="MAC-3_Sensitive"><title>III - Administrative Sensitive</title><description>&lt;ProfileDescription&gt;&lt;/ProfileDescription&gt;</description><select idref="V-256071" selected="true" /><select idref="V-256072" selected="true" /><select idref="V-256073" selected="true" /><select idref="V-256074" selected="true" /><select idref="V-256075" selected="true" /><select idref="V-256077" selected="true" /><select idref="V-256078" selected="true" /><select idref="V-256079" selected="true" /><select idref="V-256080" selected="true" /><select idref="V-256081" selected="true" /><select idref="V-256082" selected="true" /><select idref="V-256084" selected="true" /><select idref="V-256085" selected="true" /><select idref="V-256086" selected="true" /><select idref="V-256087" selected="true" /><select idref="V-256088" selected="true" /><select idref="V-256089" selected="true" /><select idref="V-256090" selected="true" /><select idref="V-256091" selected="true" /><select idref="V-256092" selected="true" /><select idref="V-256093" selected="true" /><select idref="V-256094" selected="true" /><select idref="V-256095" selected="true" /><select idref="V-256096" selected="true" /><select idref="V-256097" selected="true" /></Profile><Group id="V-256071"><title>SRG-APP-000001-NDM-000200</title><description>&lt;GroupDescription&gt;&lt;/GroupDescription&gt;</description><Rule id="SV-256071r960735_rule" weight="10.0" severity="low"><version>RINP-DM-000001</version><title>The Riverbed NetProfiler must be configured to limit the number of concurrent sessions to one for the locally defined administrator account.</title><description>&lt;VulnDiscussion&gt;Device management includes the ability to control the number of administrators and management sessions that manage a device. Limiting the number of allowed administrators and sessions per administrator based on account type, role, or access type is helpful in limiting risks related to denial-of-service (DOS) attacks.

This requirement addresses concurrent sessions for administrative accounts and does not address concurrent sessions by a single administrator via multiple administrative accounts. The maximum number of concurrent sessions should be defined based on mission needs and the operational environment for each system. At a minimum, limits must be set for SSH, HTTPS, account of last resort, and root account sessions.&lt;/VulnDiscussion&gt;&lt;FalsePositives&gt;&lt;/FalsePositives&gt;&lt;FalseNegatives&gt;&lt;/FalseNegatives&gt;&lt;Documentable&gt;false&lt;/Documentable&gt;&lt;Mitigations&gt;&lt;/Mitigations&gt;&lt;SeverityOverrideGuidance&gt;&lt;/SeverityOverrideGuidance&gt;&lt;PotentialImpacts&gt;&lt;/PotentialImpacts&gt;&lt;ThirdPartyTools&gt;&lt;/ThirdPartyTools&gt;&lt;MitigationControl&gt;&lt;/MitigationControl&gt;&lt;Responsibility&gt;&lt;/Responsibility&gt;&lt;IAControls&gt;&lt;/IAControls&gt;</description><reference><dc:title>DPMS Target Riverbed NetProfiler</dc:title><dc:publisher>DISA</dc:publisher><dc:type>DPMS Target</dc:type><dc:subject>Riverbed NetProfiler</dc:subject><dc:identifier>5514</dc:identifier></reference><ident system="http://cyber.mil/cci">CCI-000054</ident><fixtext fixref="F-59688r882720_fix">Go to Administration &gt;&gt; Account Management &gt;&gt; User Accounts. 

Click "Settings". 

Under "Log-in Settings", check the "Allow only one log-in per user name/password combination" box. 

Click "OK" to save the settings.</fixtext><fix id="F-59688r882720_fix" /><check system="C-59745r882719_chk"><check-content-ref href="Riverbed_NetProfiler_STIG.xml" name="M" /><check-content>Go to Administration &gt;&gt; Account Management &gt;&gt; User Accounts. 

Click "Settings". 

Check under "Log-in Settings".

If the "Allow only one log-in per user name/password combination" box is not checked, this is a finding.</check-content></check></Rule></Group><Group id="V-256072"><title>SRG-APP-000026-NDM-000208</title><description>&lt;GroupDescription&gt;&lt;/GroupDescription&gt;</description><Rule id="SV-256072r1015798_rule" weight="10.0" severity="high"><version>RINP-DM-000004</version><title>The Riverbed NetProfiler must be configured to automatically generate DOD-required audit records with sufficient information to support incident reporting to a central log server.</title><description>&lt;VulnDiscussion&gt;Auditing can be disabled in the NetProfiler. The aggregation of log data kept on a syslog server can be used to detect attacks and trigger an alert to the appropriate security personnel. Upon gaining access to a network device, an attacker often attempts to create or change accounts to ensure continued access. Audit records and alerts with sufficient information to provide the information system security officer (ISSO) with forensic information about the incident can alert administrators to an ongoing attack attempt.

The Riverbed NetProfiler audit log generates sufficient information by default to fulfill DOD requirements when the audit setting "Log all Audit Events" is selected. Sites may also fine-tune using the "Log custom set of audit events" and selecting applicable settings; however, this method may fail to capture all required audit records.

Satisfies: SRG-APP-000026-NDM-000208, SRG-APP-000516-NDM-000350, SRG-APP-000027-NDM-000209, SRG-APP-000028-NDM-000210, SRG-APP-000029-NDM-000211, SRG-APP-000092-NDM-000224, SRG-APP-000095-NDM-000225, SRG-APP-000096-NDM-000226, SRG-APP-000097-NDM-000227, SRG-APP-000098-NDM-000228, SRG-APP-000099-NDM-000229, SRG-APP-000100-NDM-000230, SRG-APP-000101-NDM-000231, SRG-APP-000381-NDM-000305, SRG-APP-000080-NDM-000220, SRG-APP-000091-NDM-000223, SRG-APP-000343-NDM-000289, SRG-APP-000495-NDM-000318, SRG-APP-000499-NDM-000319, SRG-APP-000503-NDM-000320, SRG-APP-000504-NDM-000321&lt;/VulnDiscussion&gt;&lt;FalsePositives&gt;&lt;/FalsePositives&gt;&lt;FalseNegatives&gt;&lt;/FalseNegatives&gt;&lt;Documentable&gt;false&lt;/Documentable&gt;&lt;Mitigations&gt;&lt;/Mitigations&gt;&lt;SeverityOverrideGuidance&gt;&lt;/SeverityOverrideGuidance&gt;&lt;PotentialImpacts&gt;&lt;/PotentialImpacts&gt;&lt;ThirdPartyTools&gt;&lt;/ThirdPartyTools&gt;&lt;MitigationControl&gt;&lt;/MitigationControl&gt;&lt;Responsibility&gt;&lt;/Responsibility&gt;&lt;IAControls&gt;&lt;/IAControls&gt;</description><reference><dc:title>DPMS Target Riverbed NetProfiler</dc:title><dc:publisher>DISA</dc:publisher><dc:type>DPMS Target</dc:type><dc:subject>Riverbed NetProfiler</dc:subject><dc:identifier>5514</dc:identifier></reference><ident system="http://cyber.mil/cci">CCI-000018</ident><ident system="http://cyber.mil/cci">CCI-000130</ident><ident system="http://cyber.mil/cci">CCI-000131</ident><ident system="http://cyber.mil/cci">CCI-000132</ident><ident system="http://cyber.mil/cci">CCI-000133</ident><ident system="http://cyber.mil/cci">CCI-000134</ident><ident system="http://cyber.mil/cci">CCI-000135</ident><ident system="http://cyber.mil/cci">CCI-000166</ident><ident system="http://cyber.mil/cci">CCI-000172</ident><ident system="http://cyber.mil/cci">CCI-001403</ident><ident system="http://cyber.mil/cci">CCI-001404</ident><ident system="http://cyber.mil/cci">CCI-001405</ident><ident system="http://cyber.mil/cci">CCI-001464</ident><ident system="http://cyber.mil/cci">CCI-001487</ident><ident system="http://cyber.mil/cci">CCI-003938</ident><ident system="http://cyber.mil/cci">CCI-002234</ident><ident system="http://cyber.mil/cci">CCI-002605</ident><ident system="http://cyber.mil/cci">CCI-001814</ident><fixtext fixref="F-59689r882723_fix">Go to Administration &gt;&gt; Audit Trail. 

Click "Audit Settings". 

Under "Logging Settings", select "Log all Audit Events". 

Click "OK" to save the settings.</fixtext><fix id="F-59689r882723_fix" /><check system="C-59746r882722_chk"><check-content-ref href="Riverbed_NetProfiler_STIG.xml" name="M" /><check-content>Enable all DOD-required audit requirements, including changes to user accounts and use of privileged functions.

Go to Administration &gt;&gt; Audit Trail. 

Click "Audit Settings". 

Check under "Logging Settings". 

If "Log all Audit Events" is not selected, this is a finding.</check-content></check></Rule></Group><Group id="V-256073"><title>SRG-APP-000065-NDM-000214</title><description>&lt;GroupDescription&gt;&lt;/GroupDescription&gt;</description><Rule id="SV-256073r960840_rule" weight="10.0" severity="medium"><version>RINP-DM-000008</version><title>The Riverbed NetProfiler must enforce the limit of three consecutive invalid logon attempts, after which time it must block any login attempt for 30 minutes, at a minimum.</title><description>&lt;VulnDiscussion&gt;By limiting the number of failed login attempts, the risk of unauthorized system access via user password guessing, otherwise known as brute forcing, is reduced. in NetProfiler, the default "Number of log-in attempts before account is locked" is 3, and the default "Number of minutes to keep account locked" is 30.&lt;/VulnDiscussion&gt;&lt;FalsePositives&gt;&lt;/FalsePositives&gt;&lt;FalseNegatives&gt;&lt;/FalseNegatives&gt;&lt;Documentable&gt;false&lt;/Documentable&gt;&lt;Mitigations&gt;&lt;/Mitigations&gt;&lt;SeverityOverrideGuidance&gt;&lt;/SeverityOverrideGuidance&gt;&lt;PotentialImpacts&gt;&lt;/PotentialImpacts&gt;&lt;ThirdPartyTools&gt;&lt;/ThirdPartyTools&gt;&lt;MitigationControl&gt;&lt;/MitigationControl&gt;&lt;Responsibility&gt;&lt;/Responsibility&gt;&lt;IAControls&gt;&lt;/IAControls&gt;</description><reference><dc:title>DPMS Target Riverbed NetProfiler</dc:title><dc:publisher>DISA</dc:publisher><dc:type>DPMS Target</dc:type><dc:subject>Riverbed NetProfiler</dc:subject><dc:identifier>5514</dc:identifier></reference><ident system="http://cyber.mil/cci">CCI-000044</ident><fixtext fixref="F-59690r882726_fix">Go to Administration &gt;&gt; Account Management &gt;&gt; User Accounts. 

Click "Settings". 

Under "Log-in Settings", change the "Number of log-in attempts before account is locked" to "3", and change the "Number of minutes to keep account locked" to "30". 

Click "OK" to save the settings.

Note that the DOD minimum setting is 15; however, the product minimum is 30.</fixtext><fix id="F-59690r882726_fix" /><check system="C-59747r882725_chk"><check-content-ref href="Riverbed_NetProfiler_STIG.xml" name="M" /><check-content>Go to Administration &gt;&gt; Account Management &gt;&gt; User Accounts. 

Click "Settings". 

Check under "Log-in Settings". 

If the "Number of log-in attempts before an account is locked" is not set to "3", and the "Number of minutes to keep account locked" is not set to "30", this is a finding.</check-content></check></Rule></Group><Group id="V-256074"><title>SRG-APP-000068-NDM-000215</title><description>&lt;GroupDescription&gt;&lt;/GroupDescription&gt;</description><Rule id="SV-256074r960843_rule" weight="10.0" severity="medium"><version>RINP-DM-000009</version><title>The Riverbed NetProfiler must be configured to display the Standard Mandatory DOD Notice and Consent Banner before granting access to the device.</title><description>&lt;VulnDiscussion&gt;Display of the DOD-approved use notification before granting access to the network device ensures privacy and security notification verbiage used is consistent with applicable federal laws, Executive Orders, directives, policies, regulations, standards, and guidance.

System use notifications are required only for access via logon interfaces with human users.&lt;/VulnDiscussion&gt;&lt;FalsePositives&gt;&lt;/FalsePositives&gt;&lt;FalseNegatives&gt;&lt;/FalseNegatives&gt;&lt;Documentable&gt;false&lt;/Documentable&gt;&lt;Mitigations&gt;&lt;/Mitigations&gt;&lt;SeverityOverrideGuidance&gt;&lt;/SeverityOverrideGuidance&gt;&lt;PotentialImpacts&gt;&lt;/PotentialImpacts&gt;&lt;ThirdPartyTools&gt;&lt;/ThirdPartyTools&gt;&lt;MitigationControl&gt;&lt;/MitigationControl&gt;&lt;Responsibility&gt;&lt;/Responsibility&gt;&lt;IAControls&gt;&lt;/IAControls&gt;</description><reference><dc:title>DPMS Target Riverbed NetProfiler</dc:title><dc:publisher>DISA</dc:publisher><dc:type>DPMS Target</dc:type><dc:subject>Riverbed NetProfiler</dc:subject><dc:identifier>5514</dc:identifier></reference><ident system="http://cyber.mil/cci">CCI-000048</ident><fixtext fixref="F-59691r882729_fix">Go to Administration &gt;&gt; Account Management &gt;&gt; User Accounts. 

Click "Settings". 

Under "Log-in Settings" on the "Log-in splash screen display", use the drop-down menu to select "Show until Acknowledged".

Click the browse button beside "Upload new log-in splash screen" to select the banner file.

Click "OK" to save the settings.

NOTE: The banner file can only be uploaded in JPG format.</fixtext><fix id="F-59691r882729_fix" /><check system="C-59748r882728_chk"><check-content-ref href="Riverbed_NetProfiler_STIG.xml" name="M" /><check-content>Go to Administration &gt;&gt; Account Management &gt;&gt; User Accounts. 

Click "Settings". 

Check under "Log-in Settings". 

Verify the following verbiage is used exactly as displayed with spacing and syntax as depicted in DTM-08-060:

"You are accessing a U.S. Government (USG) Information System (IS) that is provided for USG-authorized use only.

By using this IS (which includes any device attached to this IS), you consent to the following conditions:
-The USG routinely intercepts and monitors communications on this IS for purposes including, but not limited to, penetration testing, COMSEC monitoring, network operations and defense, personnel misconduct (PM), law enforcement (LE), and counterintelligence (CI) investigations.
-At any time, the USG may inspect and seize data stored on this IS.
-Communications using, or data stored on, this IS are not private, are subject to routine monitoring, interception, and search, and may be disclosed or used for any USG-authorized purpose.
-This IS includes security measures (e.g., authentication and access controls) to protect USG interests--not for your personal benefit or privacy.
-Notwithstanding the above, using this IS does not constitute consent to PM, LE or CI investigative searching or monitoring of the content of privileged communications, or work product, related to personal representation or services by attorneys, psychotherapists, or clergy, and their assistants. Such communications and work product are private and confidential. See User Agreement for details."

If the "Log-in splash screen display" is not set to display the Standard Mandatory DOD Notice and Consent Banner on the login screen exactly in the format required by DOD, this is a finding.</check-content></check></Rule></Group><Group id="V-256075"><title>SRG-APP-000069-NDM-000216</title><description>&lt;GroupDescription&gt;&lt;/GroupDescription&gt;</description><Rule id="SV-256075r960846_rule" weight="10.0" severity="medium"><version>RINP-DM-000010</version><title>The Riverbed NetProfiler must be configured to retain the Standard Mandatory DOD Notice and Consent Banner on the screen until the administrator acknowledges the usage conditions and takes explicit actions to log on for further access.</title><description>&lt;VulnDiscussion&gt;The administrator must acknowledge the banner prior to the device allowing the administrator access to the network device. This provides assurance that the administrator has seen the message and accepted the conditions for access. If the administrator does not acknowledge the consent banner, DOD will not be in compliance with system use notifications required by law. 

To establish acceptance of the network administration policy, a click-through banner at management session logon is required. The device must prevent further activity until the administrator executes a positive action to manifest agreement.

In the case of CLI access using a terminal client, entering the username and password when the banner is presented is considered an explicit action of acknowledgement. Entering the username, viewing the banner, and then entering the password is also acceptable.&lt;/VulnDiscussion&gt;&lt;FalsePositives&gt;&lt;/FalsePositives&gt;&lt;FalseNegatives&gt;&lt;/FalseNegatives&gt;&lt;Documentable&gt;false&lt;/Documentable&gt;&lt;Mitigations&gt;&lt;/Mitigations&gt;&lt;SeverityOverrideGuidance&gt;&lt;/SeverityOverrideGuidance&gt;&lt;PotentialImpacts&gt;&lt;/PotentialImpacts&gt;&lt;ThirdPartyTools&gt;&lt;/ThirdPartyTools&gt;&lt;MitigationControl&gt;&lt;/MitigationControl&gt;&lt;Responsibility&gt;&lt;/Responsibility&gt;&lt;IAControls&gt;&lt;/IAControls&gt;</description><reference><dc:title>DPMS Target Riverbed NetProfiler</dc:title><dc:publisher>DISA</dc:publisher><dc:type>DPMS Target</dc:type><dc:subject>Riverbed NetProfiler</dc:subject><dc:identifier>5514</dc:identifier></reference><ident system="http://cyber.mil/cci">CCI-000050</ident><fixtext fixref="F-59692r882732_fix">Go to Administration &gt;&gt; Account Management &gt;&gt; User Accounts. 

Click "Settings". 

Under "Log-in Settings", on the "Log-in splash screen display", use the drop-down menu to select "Show until Acknowledged".</fixtext><fix id="F-59692r882732_fix" /><check system="C-59749r882731_chk"><check-content-ref href="Riverbed_NetProfiler_STIG.xml" name="M" /><check-content>Go to Administration &gt;&gt; Account Management &gt;&gt; User Accounts. 

Click "Settings". 

Check under "Log-in Settings". 

If the "Log-in splash screen display" is not set to "Show until Acknowledged", this is a finding.</check-content></check></Rule></Group><Group id="V-256077"><title>SRG-APP-000142-NDM-000245</title><description>&lt;GroupDescription&gt;&lt;/GroupDescription&gt;</description><Rule id="SV-256077r960966_rule" weight="10.0" severity="medium"><version>RINP-DM-000026</version><title>The Riverbed NetProfiler must be configured to prohibit the use of all unnecessary and/or nonsecure functions, ports, protocols, and/or services.</title><description>&lt;VulnDiscussion&gt;To prevent unauthorized connection of devices, unauthorized transfer of information, or unauthorized tunneling (i.e., embedding of data types within data types), organizations must disable unused or unnecessary physical and logical ports/protocols on information systems.

To support the requirements and principles of least functionality, the network device must support the organizational requirements providing only essential capabilities and limiting the use of ports, protocols, and/or services to only those required, authorized, and approved. Some network devices have capabilities enabled by default; if these capabilities are not necessary, they must be disabled. If a particular capability is used, it must be documented and approved.

NOTE: Configuration of the network firewall is out of scope for this STIG. However, the network firewall must be configured to ONLY allow the following ports to the Riverbed NetProfiler.
- TCP/22 – (SSH) Used for secure shell access to SteelCentral software components and for the appliance to obtain information from servers via scripts.
- TCP/443 – Used to secure web-based management interfaces.
- TCP/8443 – Used for exchange of encryption certificates between SteelCentral products.
- TCP/41017 – Used for encrypted communication between NetProfiler and Flow Gateway, NetShark, and AppResponse appliances.
- TCP/5432 – (ODBC) Enable this port if plans are to enable other applications' access to the NetProfiler internal database via ODBC.
- TCP/42999 – Enable traffic on this port if the intent is to use the NetProfiler user identification feature with a Microsoft Active Directory domain controller.
- UDP/123 – (NTP) Used for synchronization of time between a Flow Gateway and NetProfiler.
- UDP/161 – (SNMP) Used by the NetProfiler or Flow Gateway to obtain interface information from switches, routers, firewalls, SteelHeads, and any sFlow or Netflow sources. Also, management systems use this port to read the SteelCentral product Management Information Base (MIB).
- Vulnerability scanner ports – Use of the NetProfiler vulnerability scan feature requires allowing traffic on the port the SteelCentral product uses to access the vulnerability scanner server. Obtain the vulnerability scanner server addresses and port numbers from the administrator of those systems. The default ports are:
   - Nessus: 1241
   - nCircle: 443
   - Rapid7: 3780
   - Qualys: Requires external https access to qualysapi.qualys.com (Note: This is separate from qualysguard.qualys.com.)
   - Foundstone: 3800&lt;/VulnDiscussion&gt;&lt;FalsePositives&gt;&lt;/FalsePositives&gt;&lt;FalseNegatives&gt;&lt;/FalseNegatives&gt;&lt;Documentable&gt;false&lt;/Documentable&gt;&lt;Mitigations&gt;&lt;/Mitigations&gt;&lt;SeverityOverrideGuidance&gt;&lt;/SeverityOverrideGuidance&gt;&lt;PotentialImpacts&gt;&lt;/PotentialImpacts&gt;&lt;ThirdPartyTools&gt;&lt;/ThirdPartyTools&gt;&lt;MitigationControl&gt;&lt;/MitigationControl&gt;&lt;Responsibility&gt;&lt;/Responsibility&gt;&lt;IAControls&gt;&lt;/IAControls&gt;</description><reference><dc:title>DPMS Target Riverbed NetProfiler</dc:title><dc:publisher>DISA</dc:publisher><dc:type>DPMS Target</dc:type><dc:subject>Riverbed NetProfiler</dc:subject><dc:identifier>5514</dc:identifier></reference><ident system="http://cyber.mil/cci">CCI-000382</ident><fixtext fixref="F-59694r882738_fix">Remove unused or unnecessary services that are not being used.

Example: If the AUX port is not being used, go to the Configuration &gt;&gt; General Settings page, AUX interface configuration section, and deselect the "Configure AUX Interface" option. This disables the AUX interface.

If any static routes were added for the configuration that are no longer needed, remove them in the Static Routes section.</fixtext><fix id="F-59694r882738_fix" /><check system="C-59751r882737_chk"><check-content-ref href="Riverbed_NetProfiler_STIG.xml" name="M" /><check-content>Work with the site representative to identify unnecessary and/or nonsecure functions, ports, protocols, and/or services that are enabled.

If unnecessary and/or nonsecure functions, ports, protocols, and/or services are enabled, this is a finding.</check-content></check></Rule></Group><Group id="V-256078"><title>SRG-APP-000148-NDM-000346</title><description>&lt;GroupDescription&gt;&lt;/GroupDescription&gt;</description><Rule id="SV-256078r960969_rule" weight="10.0" severity="medium"><version>RINP-DM-000027</version><title>The Riverbed NetProfiler must be configured with only one local account to be used as the account of last resort in the event the authentication server is unavailable.</title><description>&lt;VulnDiscussion&gt;Authentication for administrative (privileged-level) access to the device is required at all times. An account can be created on the device's local database for use when the authentication server is down or connectivity between the device and the authentication server is not operable. This account is referred to as the account of last resort because it is intended to be used as a last resort and when immediate administrative access is absolutely necessary.

The account of last resort logon credentials must be stored in a sealed envelope and kept in a safe. The safe must be periodically audited to verify the envelope remains sealed. The signature of the auditor and the date of the audit should be added to the envelope as a record. Administrators should secure the credentials and disable the root account (if possible) when not needed for system administration functions.&lt;/VulnDiscussion&gt;&lt;FalsePositives&gt;&lt;/FalsePositives&gt;&lt;FalseNegatives&gt;&lt;/FalseNegatives&gt;&lt;Documentable&gt;false&lt;/Documentable&gt;&lt;Mitigations&gt;&lt;/Mitigations&gt;&lt;SeverityOverrideGuidance&gt;&lt;/SeverityOverrideGuidance&gt;&lt;PotentialImpacts&gt;&lt;/PotentialImpacts&gt;&lt;ThirdPartyTools&gt;&lt;/ThirdPartyTools&gt;&lt;MitigationControl&gt;&lt;/MitigationControl&gt;&lt;Responsibility&gt;&lt;/Responsibility&gt;&lt;IAControls&gt;&lt;/IAControls&gt;</description><reference><dc:title>DPMS Target Riverbed NetProfiler</dc:title><dc:publisher>DISA</dc:publisher><dc:type>DPMS Target</dc:type><dc:subject>Riverbed NetProfiler</dc:subject><dc:identifier>5514</dc:identifier></reference><ident system="http://cyber.mil/cci">CCI-001358</ident><ident system="http://cyber.mil/cci">CCI-002111</ident><fixtext fixref="F-59695r882741_fix">Use of the factory-created "admin" account as the account of last resort is strongly recommended. It must have a DOD-compliant password and be securely stored in a safe for emergency but not day-to-day use.

Go to the Configuration &gt;&gt; Manage Accounts &gt;&gt; User Accounts &gt;&gt; Settings page.

In the Global account settings configuration window, ensure the "Prevent user 'admin' from being locked out via a DOS attack" feature applies to only the factory-created admin account.</fixtext><fix id="F-59695r882741_fix" /><check system="C-59752r882740_chk"><check-content-ref href="Riverbed_NetProfiler_STIG.xml" name="M" /><check-content>Navigate to the Configuration &gt;&gt; Account Management &gt;&gt; User Accounts page.

If accounts exist other than the "admin" account, this is a finding.</check-content></check></Rule></Group><Group id="V-256079"><title>SRG-APP-000153-NDM-000249</title><description>&lt;GroupDescription&gt;&lt;/GroupDescription&gt;</description><Rule id="SV-256079r1015799_rule" weight="10.0" severity="high"><version>RINP-DM-000029</version><title>The Riverbed NetProfiler must be configured to authenticate each administrator prior to authorizing privileges based on roles.</title><description>&lt;VulnDiscussion&gt;The lack of role-based access control could result in the immediate compromise of and unauthorized access to sensitive information. Additionally, without mapping the PKI certificate to a unique user account, the ability to determine the identities of individuals or assert nonrepudiation is lost.

Individual accountability mandates that each administrator is uniquely identified. For public key infrastructure (PKI)-based authentication, the device must be configured to map validated certificates to unique user accounts.

This requirement applies to accounts or roles created and managed on or by the network device.

Satisfies: SRG-APP-000153-NDM-000249, SRG-APP-000119-NDM-000236, SRG-APP-000120-NDM-000237, SRG-APP-000121-NDM-000238, SRG-APP-000122-NDM-000239, SRG-APP-000123-NDM-000240, SRG-APP-000329-NDM-000287, SRG-APP-000177-NDM-000263, SRG-APP-000033-NDM-000212&lt;/VulnDiscussion&gt;&lt;FalsePositives&gt;&lt;/FalsePositives&gt;&lt;FalseNegatives&gt;&lt;/FalseNegatives&gt;&lt;Documentable&gt;false&lt;/Documentable&gt;&lt;Mitigations&gt;&lt;/Mitigations&gt;&lt;SeverityOverrideGuidance&gt;&lt;/SeverityOverrideGuidance&gt;&lt;PotentialImpacts&gt;&lt;/PotentialImpacts&gt;&lt;ThirdPartyTools&gt;&lt;/ThirdPartyTools&gt;&lt;MitigationControl&gt;&lt;/MitigationControl&gt;&lt;Responsibility&gt;&lt;/Responsibility&gt;&lt;IAControls&gt;&lt;/IAControls&gt;</description><reference><dc:title>DPMS Target Riverbed NetProfiler</dc:title><dc:publisher>DISA</dc:publisher><dc:type>DPMS Target</dc:type><dc:subject>Riverbed NetProfiler</dc:subject><dc:identifier>5514</dc:identifier></reference><ident system="http://cyber.mil/cci">CCI-000163</ident><ident system="http://cyber.mil/cci">CCI-000164</ident><ident system="http://cyber.mil/cci">CCI-000166</ident><ident system="http://cyber.mil/cci">CCI-000187</ident><ident system="http://cyber.mil/cci">CCI-000213</ident><ident system="http://cyber.mil/cci">CCI-000366</ident><ident system="http://cyber.mil/cci">CCI-000370</ident><ident system="http://cyber.mil/cci">CCI-000764</ident><ident system="http://cyber.mil/cci">CCI-004045</ident><ident system="http://cyber.mil/cci">CCI-001493</ident><ident system="http://cyber.mil/cci">CCI-001494</ident><ident system="http://cyber.mil/cci">CCI-001495</ident><ident system="http://cyber.mil/cci">CCI-002169</ident><ident system="http://cyber.mil/cci">CCI-000770</ident><fixtext fixref="F-59696r882744_fix">Although all individual admin accounts must be configured on an authentication server, the NetProfiler must be configured to point to a PKI-based authentication server and the NetProfiler roles must be mapped to the authorization attributes on the authentication server.

The following is an example using RADIUS. Refer to the user's guide for instructions for TACACS+ or SAML. 

Users who do not have a NetProfiler or NetExpress account must have both their authentication information (login name, password) and authorization information (user role indicated by the value of the Class attribute or the Cascade-User-Role attribute) specified on the RADIUS server. The values of the RADIUS authorization attributes must be mapped to their corresponding user roles on NetProfiler or NetExpress.

The values on the RADIUS server and the values on NetProfiler or NetExpress must match for the user to be logged on. To map the NetProfiler or NetExpress user roles to RADIUS authorization attributes:

1. Click "Edit" in the Roles-Attributes Mapping section of the RADIUS tab of the Configuration &gt;&gt; Account Management &gt;&gt; Remote Authentication page. 
2. For the first user role, click "Add new attribute" to display an edit box.
3. Select the RADIUS authorization attribute (Class or Cascade-User-Role). (If assigning the Restricted user account role, use the Restricted-Filter attribute to limit the account to traffic specified by traffic expressions. Refer to the in-product help system for additional information about Restricted user accounts.)
4. Enter the value of the attribute that is required for a RADIUS-authorized user to be logged on in this user role.
5. If applicable, click "Add new attribute" to add another mapping.
6. Continue with the next user role that is to be authorized by RADIUS.
7. When the RADIUS authorization attributes have been mapped to their corresponding NetProfiler user roles, click "Save".</fixtext><fix id="F-59696r882744_fix" /><check system="C-59753r882743_chk"><check-content-ref href="Riverbed_NetProfiler_STIG.xml" name="M" /><check-content>Review the site's System Security Plan (SSP) to determine which personnel are assigned to each NetProfiler role. 

Go to Administration &gt;&gt; Account Management &gt;&gt; User Accounts. 

Go to the Roles-Attributes Mapping section of the RADIUS, TACACS+, or SAML tab of the Configuration &gt;&gt; Account Management &gt;&gt; Remote Authentication page. 

If account roles are not configured, or if the roles assigned do not match the site's SSP, this is a finding.</check-content></check></Rule></Group><Group id="V-256080"><title>SRG-APP-000164-NDM-000252</title><description>&lt;GroupDescription&gt;&lt;/GroupDescription&gt;</description><Rule id="SV-256080r1015800_rule" weight="10.0" severity="medium"><version>RINP-DM-000031</version><title>The Riverbed NetProfiler must be configured to enforce a minimum 15-character password length.</title><description>&lt;VulnDiscussion&gt;Password complexity, or strength, is a measure of the effectiveness of a password in resisting attempts at guessing and brute-force attacks. Password length is one factor of several that helps to determine strength and how long it takes to crack a password.

The shorter the password, the lower the number of possible combinations that need to be tested before the password is compromised. Use of more characters in a password helps to exponentially increase the time and/or resources required to compromise the password.

Satisfies: SRG-APP-000164-NDM-000252, SRG-APP-000170-NDM-000329&lt;/VulnDiscussion&gt;&lt;FalsePositives&gt;&lt;/FalsePositives&gt;&lt;FalseNegatives&gt;&lt;/FalseNegatives&gt;&lt;Documentable&gt;false&lt;/Documentable&gt;&lt;Mitigations&gt;&lt;/Mitigations&gt;&lt;SeverityOverrideGuidance&gt;&lt;/SeverityOverrideGuidance&gt;&lt;PotentialImpacts&gt;&lt;/PotentialImpacts&gt;&lt;ThirdPartyTools&gt;&lt;/ThirdPartyTools&gt;&lt;MitigationControl&gt;&lt;/MitigationControl&gt;&lt;Responsibility&gt;&lt;/Responsibility&gt;&lt;IAControls&gt;&lt;/IAControls&gt;</description><reference><dc:title>DPMS Target Riverbed NetProfiler</dc:title><dc:publisher>DISA</dc:publisher><dc:type>DPMS Target</dc:type><dc:subject>Riverbed NetProfiler</dc:subject><dc:identifier>5514</dc:identifier></reference><ident system="http://cyber.mil/cci">CCI-004066</ident><ident system="http://cyber.mil/cci">CCI-000195</ident><ident system="http://cyber.mil/cci">CCI-000205</ident><fixtext fixref="F-59697r882747_fix">Go to Administration &gt;&gt; Account Management &gt;&gt; User Accounts. 

Click the "Settings" button. 

Under "Password Requirements", change the "Minimum number of characters" to "15".</fixtext><fix id="F-59697r882747_fix" /><check system="C-59754r882746_chk"><check-content-ref href="Riverbed_NetProfiler_STIG.xml" name="M" /><check-content>Go to Administration &gt;&gt; Account Management &gt;&gt; User Accounts. 

Click the "Settings" button. 

Check under "Password Requirements". 

If "Minimum number of characters" is set not to "15", this is a finding.</check-content></check></Rule></Group><Group id="V-256081"><title>SRG-APP-000166-NDM-000254</title><description>&lt;GroupDescription&gt;&lt;/GroupDescription&gt;</description><Rule id="SV-256081r1015801_rule" weight="10.0" severity="medium"><version>RINP-DM-000032</version><title>The Riverbed NetProfiler must configure the local account password to "require mixed case".</title><description>&lt;VulnDiscussion&gt;Use of complex passwords helps to increase the time and resources required to compromise the password. Password complexity, or strength, is a measure of the effectiveness of a password in resisting attempts at guessing and brute-force attacks.

Password complexity is one factor of several that determine how long it takes to crack a password. The more complex the password is, the greater the number of possible combinations that need to be tested before the password is compromised.

Multifactor authentication (MFA) is required for all administrative and user accounts on network devices, except for an account of last resort and (where applicable) a root account. Passwords should only be used when MFA using public key infrastructure (PKI) is not available and for the account of last resort and root account.

Satisfies: SRG-APP-000166-NDM-000254, SRG-APP-000167-NDM-000255&lt;/VulnDiscussion&gt;&lt;FalsePositives&gt;&lt;/FalsePositives&gt;&lt;FalseNegatives&gt;&lt;/FalseNegatives&gt;&lt;Documentable&gt;false&lt;/Documentable&gt;&lt;Mitigations&gt;&lt;/Mitigations&gt;&lt;SeverityOverrideGuidance&gt;&lt;/SeverityOverrideGuidance&gt;&lt;PotentialImpacts&gt;&lt;/PotentialImpacts&gt;&lt;ThirdPartyTools&gt;&lt;/ThirdPartyTools&gt;&lt;MitigationControl&gt;&lt;/MitigationControl&gt;&lt;Responsibility&gt;&lt;/Responsibility&gt;&lt;IAControls&gt;&lt;/IAControls&gt;</description><reference><dc:title>DPMS Target Riverbed NetProfiler</dc:title><dc:publisher>DISA</dc:publisher><dc:type>DPMS Target</dc:type><dc:subject>Riverbed NetProfiler</dc:subject><dc:identifier>5514</dc:identifier></reference><ident system="http://cyber.mil/cci">CCI-004066</ident><ident system="http://cyber.mil/cci">CCI-000192</ident><fixtext fixref="F-59698r882750_fix">Require the user password to have at least one uppercase and one lowercase character.

Go to Administration &gt;&gt; Account Management &gt;&gt; User Accounts. 

Click the "Settings" button. 

Under "Password Requirements", select the "Require mixed case" rule.</fixtext><fix id="F-59698r882750_fix" /><check system="C-59755r882749_chk"><check-content-ref href="Riverbed_NetProfiler_STIG.xml" name="M" /><check-content>Go to Administration &gt;&gt; Account Management &gt;&gt; User Accounts. 

Click the "Settings" button. 

Check under "Password Requirements". 

If the "Require mixed case" rule is not checked, this is a finding.</check-content></check></Rule></Group><Group id="V-256082"><title>SRG-APP-000169-NDM-000257</title><description>&lt;GroupDescription&gt;&lt;/GroupDescription&gt;</description><Rule id="SV-256082r1015802_rule" weight="10.0" severity="medium"><version>RINP-DM-000035</version><title>The Riverbed NetProfiler must require that at least one special character be used.</title><description>&lt;VulnDiscussion&gt;Use of a complex password helps to increase the time and resources required to compromise the password. Password complexity, or strength, is a measure of the effectiveness of a password in resisting attempts at guessing and brute-force attacks.

Password complexity is one factor of several that determine how long it takes to crack a password. The more complex the password, the greater the number of possible combinations that need to be tested before the password is compromised.

Multifactor authentication (MFA) is required for all administrative and user accounts on network devices, except for an account of last resort and (where applicable) a root account. Passwords should only be used when MFA using public key infrastructure (PKI) is not available and for the account of last resort and root account.&lt;/VulnDiscussion&gt;&lt;FalsePositives&gt;&lt;/FalsePositives&gt;&lt;FalseNegatives&gt;&lt;/FalseNegatives&gt;&lt;Documentable&gt;false&lt;/Documentable&gt;&lt;Mitigations&gt;&lt;/Mitigations&gt;&lt;SeverityOverrideGuidance&gt;&lt;/SeverityOverrideGuidance&gt;&lt;PotentialImpacts&gt;&lt;/PotentialImpacts&gt;&lt;ThirdPartyTools&gt;&lt;/ThirdPartyTools&gt;&lt;MitigationControl&gt;&lt;/MitigationControl&gt;&lt;Responsibility&gt;&lt;/Responsibility&gt;&lt;IAControls&gt;&lt;/IAControls&gt;</description><reference><dc:title>DPMS Target Riverbed NetProfiler</dc:title><dc:publisher>DISA</dc:publisher><dc:type>DPMS Target</dc:type><dc:subject>Riverbed NetProfiler</dc:subject><dc:identifier>5514</dc:identifier></reference><ident system="http://cyber.mil/cci">CCI-004066</ident><ident system="http://cyber.mil/cci">CCI-001619</ident><fixtext fixref="F-59699r882753_fix">Go to Administration &gt;&gt; Account Management &gt;&gt; User Accounts. 

Click the "Settings" button. 

Under "Password Requirements", select the "Require nonalphanumeric characters" rule.</fixtext><fix id="F-59699r882753_fix" /><check system="C-59756r882752_chk"><check-content-ref href="Riverbed_NetProfiler_STIG.xml" name="M" /><check-content>Go to Administration &gt;&gt; Account Management &gt;&gt; User Accounts. 

Click the "Settings" button. 

Check under "Password Requirements". 

If the "Require nonalphanumeric characters" rule is not checked, this is a finding.</check-content></check></Rule></Group><Group id="V-256084"><title>SRG-APP-000190-NDM-000267</title><description>&lt;GroupDescription&gt;&lt;/GroupDescription&gt;</description><Rule id="SV-256084r961068_rule" weight="10.0" severity="high"><version>RINP-DM-000042</version><title>The Riverbed NetProfiler must be configured to terminate all network connections associated with a device management session at the end of the session, or the session must be terminated after 10 minutes of inactivity except to fulfill documented and validated mission requirements.</title><description>&lt;VulnDiscussion&gt;Terminating an idle session within a short time period reduces the window of opportunity for unauthorized personnel to take control of a management session enabled on the console or console port that has been left unattended. In addition, quickly terminating an idle session will free up resources committed by the managed network element. 

Terminating network connections associated with communications sessions includes, for example, deallocating associated TCP/IP address/port pairs at the operating system level or deallocating networking assignments at the application level if multiple application sessions are using a single, operating system-level network connection. This does not mean the device terminates all sessions or network access; it only ends the inactive session and releases the resources associated with that session.&lt;/VulnDiscussion&gt;&lt;FalsePositives&gt;&lt;/FalsePositives&gt;&lt;FalseNegatives&gt;&lt;/FalseNegatives&gt;&lt;Documentable&gt;false&lt;/Documentable&gt;&lt;Mitigations&gt;&lt;/Mitigations&gt;&lt;SeverityOverrideGuidance&gt;&lt;/SeverityOverrideGuidance&gt;&lt;PotentialImpacts&gt;&lt;/PotentialImpacts&gt;&lt;ThirdPartyTools&gt;&lt;/ThirdPartyTools&gt;&lt;MitigationControl&gt;&lt;/MitigationControl&gt;&lt;Responsibility&gt;&lt;/Responsibility&gt;&lt;IAControls&gt;&lt;/IAControls&gt;</description><reference><dc:title>DPMS Target Riverbed NetProfiler</dc:title><dc:publisher>DISA</dc:publisher><dc:type>DPMS Target</dc:type><dc:subject>Riverbed NetProfiler</dc:subject><dc:identifier>5514</dc:identifier></reference><ident system="http://cyber.mil/cci">CCI-001133</ident><fixtext fixref="F-59701r882759_fix">Go to Configuration &gt;&gt; Appliance Security &gt;&gt; Password Security. 

Under "Inactivity Timeout", check the "Enable Maximum Inactivity Timeout" box and set the timer for 10 minutes.</fixtext><fix id="F-59701r882759_fix" /><check system="C-59758r882758_chk"><check-content-ref href="Riverbed_NetProfiler_STIG.xml" name="M" /><check-content>Go to Configuration &gt;&gt; Appliance Security &gt;&gt; Password Security. 

Under "Inactivity Timeout", verify the "Enable Maximum Inactivity Timeout" box is checked and the timer is set for 10 minutes. 

If the inactivity timeout is not enabled, and/or the timer is not set to 10 minutes, this is a finding.</check-content></check></Rule></Group><Group id="V-256085"><title>SRG-APP-000373-NDM-000298</title><description>&lt;GroupDescription&gt;&lt;/GroupDescription&gt;</description><Rule id="SV-256085r1015803_rule" weight="10.0" severity="medium"><version>RINP-DM-000047</version><title>The Riverbed NetProfiler must be configured to synchronize internal information system clocks using redundant authoritative time sources.</title><description>&lt;VulnDiscussion&gt;The loss of connectivity to a particular authoritative time source will result in the loss of time synchronization (free-run mode) and increasingly inaccurate time stamps on audit events and other functions. 

Multiple time sources provide redundancy by including a secondary source. Time synchronization is usually a hierarchy; clients synchronize time to a local source while that source synchronizes its time to a more accurate source. The network device must use an authoritative time server and/or be configured to use redundant authoritative time sources. This requirement is related to the comparison done in CCI-001891.

DOD-approved solutions consist of a combination of a primary and secondary time source using a combination or multiple instances of the following: a time server designated for the appropriate DOD network (NIPRNet/SIPRNet); United States Naval Observatory (USNO) time servers; and/or the Global Positioning System (GPS). The secondary time source must be located in a different geographic region than the primary time source.&lt;/VulnDiscussion&gt;&lt;FalsePositives&gt;&lt;/FalsePositives&gt;&lt;FalseNegatives&gt;&lt;/FalseNegatives&gt;&lt;Documentable&gt;false&lt;/Documentable&gt;&lt;Mitigations&gt;&lt;/Mitigations&gt;&lt;SeverityOverrideGuidance&gt;&lt;/SeverityOverrideGuidance&gt;&lt;PotentialImpacts&gt;&lt;/PotentialImpacts&gt;&lt;ThirdPartyTools&gt;&lt;/ThirdPartyTools&gt;&lt;MitigationControl&gt;&lt;/MitigationControl&gt;&lt;Responsibility&gt;&lt;/Responsibility&gt;&lt;IAControls&gt;&lt;/IAControls&gt;</description><reference><dc:title>DPMS Target Riverbed NetProfiler</dc:title><dc:publisher>DISA</dc:publisher><dc:type>DPMS Target</dc:type><dc:subject>Riverbed NetProfiler</dc:subject><dc:identifier>5514</dc:identifier></reference><ident system="http://cyber.mil/cci">CCI-000366</ident><ident system="http://cyber.mil/cci">CCI-004928</ident><ident system="http://cyber.mil/cci">CCI-004922</ident><ident system="http://cyber.mil/cci">CCI-001893</ident><fixtext fixref="F-59702r882762_fix">Go to Administration &gt;&gt; General Settings. 

Under "Time Configuration", configure the IP address for at least both Server 1 and Server 2. 

Select the type of encryption and configure both the key and index for each of the server entries.</fixtext><fix id="F-59702r882762_fix" /><check system="C-59759r882761_chk"><check-content-ref href="Riverbed_NetProfiler_STIG.xml" name="M" /><check-content>Go to Administration &gt;&gt; General Settings. 

Under "Time Configuration", verify that at least the IP address for both Server 1 and Server 2 has been configured. 

If redundant time servers have not been configured, this is a finding.</check-content></check></Rule></Group><Group id="V-256086"><title>SRG-APP-000374-NDM-000299</title><description>&lt;GroupDescription&gt;&lt;/GroupDescription&gt;</description><Rule id="SV-256086r961443_rule" weight="10.0" severity="medium"><version>RINP-DM-000048</version><title>The Riverbed NetProfiler must be configured to record time stamps for audit records that can be mapped to Coordinated Universal Time (UTC).</title><description>&lt;VulnDiscussion&gt;If time stamps are not consistently applied and there is no common time reference, it is difficult to perform forensic analysis.

Time stamps generated by the application include date and time. Time is commonly expressed in UTC, a modern continuation of Greenwich Mean Time (GMT), or local time with an offset from UTC.&lt;/VulnDiscussion&gt;&lt;FalsePositives&gt;&lt;/FalsePositives&gt;&lt;FalseNegatives&gt;&lt;/FalseNegatives&gt;&lt;Documentable&gt;false&lt;/Documentable&gt;&lt;Mitigations&gt;&lt;/Mitigations&gt;&lt;SeverityOverrideGuidance&gt;&lt;/SeverityOverrideGuidance&gt;&lt;PotentialImpacts&gt;&lt;/PotentialImpacts&gt;&lt;ThirdPartyTools&gt;&lt;/ThirdPartyTools&gt;&lt;MitigationControl&gt;&lt;/MitigationControl&gt;&lt;Responsibility&gt;&lt;/Responsibility&gt;&lt;IAControls&gt;&lt;/IAControls&gt;</description><reference><dc:title>DPMS Target Riverbed NetProfiler</dc:title><dc:publisher>DISA</dc:publisher><dc:type>DPMS Target</dc:type><dc:subject>Riverbed NetProfiler</dc:subject><dc:identifier>5514</dc:identifier></reference><ident system="http://cyber.mil/cci">CCI-001890</ident><fixtext fixref="F-59703r882765_fix">Go to Administration &gt;&gt; General Settings. 

Under "Time Configuration", configure the Time Zone to "UTC".</fixtext><fix id="F-59703r882765_fix" /><check system="C-59760r882764_chk"><check-content-ref href="Riverbed_NetProfiler_STIG.xml" name="M" /><check-content>Go to Administration &gt;&gt; General Settings. 

Under "Time Configuration", verify the Time Zone is set to "UTC". 

If the Time Zone is not "UTC", this is a finding.</check-content></check></Rule></Group><Group id="V-256087"><title>SRG-APP-000375-NDM-000300</title><description>&lt;GroupDescription&gt;&lt;/GroupDescription&gt;</description><Rule id="SV-256087r997789_rule" weight="10.0" severity="medium"><version>RINP-DM-000049</version><title>The Riverbed NetProfiler must be configured to record time stamps for audit records that meet a granularity of one second for a minimum degree of precision.</title><description>&lt;VulnDiscussion&gt;Without sufficient granularity of time stamps, it is not possible to adequately determine the chronological order of records. Time stamps generated by the application include date and time. Granularity of time measurements refers to the degree of synchronization between information system clocks and reference clocks.&lt;/VulnDiscussion&gt;&lt;FalsePositives&gt;&lt;/FalsePositives&gt;&lt;FalseNegatives&gt;&lt;/FalseNegatives&gt;&lt;Documentable&gt;false&lt;/Documentable&gt;&lt;Mitigations&gt;&lt;/Mitigations&gt;&lt;SeverityOverrideGuidance&gt;&lt;/SeverityOverrideGuidance&gt;&lt;PotentialImpacts&gt;&lt;/PotentialImpacts&gt;&lt;ThirdPartyTools&gt;&lt;/ThirdPartyTools&gt;&lt;MitigationControl&gt;&lt;/MitigationControl&gt;&lt;Responsibility&gt;&lt;/Responsibility&gt;&lt;IAControls&gt;&lt;/IAControls&gt;</description><reference><dc:title>DPMS Target Riverbed NetProfiler</dc:title><dc:publisher>DISA</dc:publisher><dc:type>DPMS Target</dc:type><dc:subject>Riverbed NetProfiler</dc:subject><dc:identifier>5514</dc:identifier></reference><ident system="http://cyber.mil/cci">CCI-001889</ident><ident system="http://cyber.mil/cci">CCI-004923</ident><fixtext fixref="F-59704r882768_fix">Go to Administration &gt;&gt; General Settings. 

Under "Time Configuration", enable and configure redundant NTP servers. 

This requirement is part of using the NTP protocol.</fixtext><fix id="F-59704r882768_fix" /><check system="C-59761r882767_chk"><check-content-ref href="Riverbed_NetProfiler_STIG.xml" name="M" /><check-content>Go to Administration &gt;&gt; General Settings. 

Under "Time Configuration", verify that redundant NTP servers have been configured. 

If NTP is not configured, this is a finding.</check-content></check></Rule></Group><Group id="V-256088"><title>SRG-APP-000395-NDM-000310</title><description>&lt;GroupDescription&gt;&lt;/GroupDescription&gt;</description><Rule id="SV-256088r961506_rule" weight="10.0" severity="medium"><version>RINP-DM-000051</version><title>The Riverbed NetProfiler must be configured to authenticate SNMP messages using a FIPS-validated Keyed-Hash Message Authentication Code (HMAC).</title><description>&lt;VulnDiscussion&gt;Without authenticating devices, unidentified or unknown devices may be introduced, thereby facilitating malicious activity. Bidirectional authentication provides stronger safeguards to validate the identity of other devices for connections that are of greater risk.

A local connection is any connection with a device communicating without the use of a network. A network connection is any connection with a device that communicates through a network (e.g., local area or wide area network, internet). A remote connection is any connection with a device communicating through an external network (e.g., the internet).

Because of the challenges of applying this requirement on a large scale, organizations are encouraged to apply the requirement only to those limited number (and type) of devices that truly need to support this capability.&lt;/VulnDiscussion&gt;&lt;FalsePositives&gt;&lt;/FalsePositives&gt;&lt;FalseNegatives&gt;&lt;/FalseNegatives&gt;&lt;Documentable&gt;false&lt;/Documentable&gt;&lt;Mitigations&gt;&lt;/Mitigations&gt;&lt;SeverityOverrideGuidance&gt;&lt;/SeverityOverrideGuidance&gt;&lt;PotentialImpacts&gt;&lt;/PotentialImpacts&gt;&lt;ThirdPartyTools&gt;&lt;/ThirdPartyTools&gt;&lt;MitigationControl&gt;&lt;/MitigationControl&gt;&lt;Responsibility&gt;&lt;/Responsibility&gt;&lt;IAControls&gt;&lt;/IAControls&gt;</description><reference><dc:title>DPMS Target Riverbed NetProfiler</dc:title><dc:publisher>DISA</dc:publisher><dc:type>DPMS Target</dc:type><dc:subject>Riverbed NetProfiler</dc:subject><dc:identifier>5514</dc:identifier></reference><ident system="http://cyber.mil/cci">CCI-001967</ident><fixtext fixref="F-59705r882771_fix">Go to Administration &gt;&gt; Appliance Security &gt;&gt; Security Compliance. 

Under "Operational Modes", enable "Strict Security Mode".</fixtext><fix id="F-59705r882771_fix" /><check system="C-59762r882770_chk"><check-content-ref href="Riverbed_NetProfiler_STIG.xml" name="M" /><check-content>Go to Administration &gt;&gt; Appliance Security &gt;&gt; Security Compliance. 

Under "Operational Modes", verify "Strict Security Mode" is enabled. 

If it is not enabled, this is a finding.</check-content></check></Rule></Group><Group id="V-256089"><title>SRG-APP-000395-NDM-000347</title><description>&lt;GroupDescription&gt;&lt;/GroupDescription&gt;</description><Rule id="SV-256089r961506_rule" weight="10.0" severity="medium"><version>RINP-DM-000052</version><title>The Riverbed NetProfiler must be configured to authenticate Network Time Protocol (NTP) sources using authentication that is cryptographically based.</title><description>&lt;VulnDiscussion&gt;If NTP is not authenticated, an attacker can introduce a rogue NTP server. This rogue server can then be used to send incorrect time information to network devices, which will make log timestamps inaccurate and affect scheduled actions. NTP authentication is used to prevent this tampering by authenticating the time source.&lt;/VulnDiscussion&gt;&lt;FalsePositives&gt;&lt;/FalsePositives&gt;&lt;FalseNegatives&gt;&lt;/FalseNegatives&gt;&lt;Documentable&gt;false&lt;/Documentable&gt;&lt;Mitigations&gt;&lt;/Mitigations&gt;&lt;SeverityOverrideGuidance&gt;&lt;/SeverityOverrideGuidance&gt;&lt;PotentialImpacts&gt;&lt;/PotentialImpacts&gt;&lt;ThirdPartyTools&gt;&lt;/ThirdPartyTools&gt;&lt;MitigationControl&gt;&lt;/MitigationControl&gt;&lt;Responsibility&gt;&lt;/Responsibility&gt;&lt;IAControls&gt;&lt;/IAControls&gt;</description><reference><dc:title>DPMS Target Riverbed NetProfiler</dc:title><dc:publisher>DISA</dc:publisher><dc:type>DPMS Target</dc:type><dc:subject>Riverbed NetProfiler</dc:subject><dc:identifier>5514</dc:identifier></reference><ident system="http://cyber.mil/cci">CCI-001967</ident><fixtext fixref="F-59706r882774_fix">Go to Administration &gt;&gt; General Settings. 

Under "Time Configuration", change the "Encryption" for the NTP Servers to "SHA-1", and under the Key and Index columns, enter the value that corresponds to each NTP server.</fixtext><fix id="F-59706r882774_fix" /><check system="C-59763r882773_chk"><check-content-ref href="Riverbed_NetProfiler_STIG.xml" name="M" /><check-content>Go to Administration &gt;&gt; General Settings. 

Under "Time Configuration", verify the "Encryption" for the NTP servers is set to "SHA-1" and the Key and Index columns have a value that corresponds to each NTP server. 

If SHA-1 is not configured for the NTP servers, this is a finding.</check-content></check></Rule></Group><Group id="V-256090"><title>SRG-APP-000412-NDM-000331</title><description>&lt;GroupDescription&gt;&lt;/GroupDescription&gt;</description><Rule id="SV-256090r1015804_rule" weight="10.0" severity="high"><version>RINP-DM-000054</version><title>The Riverbed NetProfiler must be configured to implement cryptographic mechanisms using a FIPS 140-2/140-3 validated algorithm to protect the confidentiality and integrity of all cryptographic functions.</title><description>&lt;VulnDiscussion&gt;If unsecured protocols (lacking cryptographic mechanisms) are used for sessions, the contents of those sessions will be susceptible to eavesdropping, potentially putting sensitive data (including administrator passwords) at risk of compromise and allowing hijacking of maintenance sessions.

Network devices using encryption are required to use FIPS-compliant mechanisms for authenticating to cryptographic modules.

FIPS 140-2/140-3 is the current standard for validating that mechanisms used to access cryptographic modules use authentication that meets DOD requirements. However, authentication algorithms must configure security processes to use only FIPS-approved and NIST-recommended authentication algorithms.

Currently, HMAC is the only FIPS-validated algorithm for generating and verifying message/data authentication codes in accordance with FIPS 198-1. Products that are FIPS 140-2/140-3 validated will have an HMAC that meets specification; however, the option must be configured for use as the only message authentication code used for authentication to cryptographic modules.

All protocols (e.g., SNMPv3, SSHv2, NTP, HTTPS, HMAC, password authentication, remote communications, password encryption, random number/session ID generation, and other protocols and cryptograph applications/functions that require server/client authentication) are to be FIPS 140-2/140-3 validated. Where SSH is used, the SSHv2 protocol suite is required because it includes Layer 7 protocols such as SCP and SFTP, which can be used for secure file transfers.

Satisfies: SRG-APP-000412-NDM-000331, SRG-APP-000156-NDM-000250, SRG-APP-000171-NDM-000258, SRG-APP-000172-NDM-000259, SRG-APP-000179-NDM-000265, SRG-APP-000224-NDM-000270, SRG-APP-000411-NDM-000330&lt;/VulnDiscussion&gt;&lt;FalsePositives&gt;&lt;/FalsePositives&gt;&lt;FalseNegatives&gt;&lt;/FalseNegatives&gt;&lt;Documentable&gt;false&lt;/Documentable&gt;&lt;Mitigations&gt;&lt;/Mitigations&gt;&lt;SeverityOverrideGuidance&gt;&lt;/SeverityOverrideGuidance&gt;&lt;PotentialImpacts&gt;&lt;/PotentialImpacts&gt;&lt;ThirdPartyTools&gt;&lt;/ThirdPartyTools&gt;&lt;MitigationControl&gt;&lt;/MitigationControl&gt;&lt;Responsibility&gt;&lt;/Responsibility&gt;&lt;IAControls&gt;&lt;/IAControls&gt;</description><reference><dc:title>DPMS Target Riverbed NetProfiler</dc:title><dc:publisher>DISA</dc:publisher><dc:type>DPMS Target</dc:type><dc:subject>Riverbed NetProfiler</dc:subject><dc:identifier>5514</dc:identifier></reference><ident system="http://cyber.mil/cci">CCI-004062</ident><ident system="http://cyber.mil/cci">CCI-000197</ident><ident system="http://cyber.mil/cci">CCI-000803</ident><ident system="http://cyber.mil/cci">CCI-001188</ident><ident system="http://cyber.mil/cci">CCI-001941</ident><ident system="http://cyber.mil/cci">CCI-002890</ident><ident system="http://cyber.mil/cci">CCI-003123</ident><ident system="http://cyber.mil/cci">CCI-000196</ident><fixtext fixref="F-59707r882777_fix">Go to Administration &gt;&gt; Appliance Security &gt;&gt; Security Compliance. 

Under "Operational Modes", enable "FIPS 140-2 Compatible Cryptography".

NOTE: Configuring FIPS mode is the required DOD configuration. However, the severity of this requirement can be decreased to a CAT III if the alternative manual configuration is used to configure individual protocols because this allows non-FIPS validated algorithms to be used for some functions.</fixtext><fix id="F-59707r882777_fix" /><check system="C-59764r882776_chk"><check-content-ref href="Riverbed_NetProfiler_STIG.xml" name="M" /><check-content>Go to Administration &gt;&gt; Appliance Security &gt;&gt; Security Compliance. 

Check under "Operational Modes". 

If "FIPS 140-2 Compatible Cryptography" is not enabled, this is a finding.</check-content></check></Rule></Group><Group id="V-256091"><title>SRG-APP-000435-NDM-000315</title><description>&lt;GroupDescription&gt;&lt;/GroupDescription&gt;</description><Rule id="SV-256091r961620_rule" weight="10.0" severity="medium"><version>RINP-DM-000055</version><title>The Riverbed NetProfiler must be configured to protect against known types of denial-of-service (DOS) attacks by restricting web and SSH access to the appliance.</title><description>&lt;VulnDiscussion&gt;DOS is a condition when a resource is not available for legitimate users. When this occurs, the organization either cannot accomplish its mission or must operate at degraded capacity.

This requirement addresses the configuration of network devices to mitigate the impact of DOS attacks that have occurred or are ongoing on device availability. For each network device, known and potential DOS attacks must be identified and solutions for each type implemented. A variety of technologies exist to limit or, in some cases, eliminate the effects of DOS attacks (e.g., limiting processes or restricting the number of sessions the device opens at one time). Employing increased capacity and bandwidth, combined with service redundancy, may reduce the susceptibility to some DOS attacks.

The security safeguards cannot be defined at the DOD level because they vary according to the capabilities of the individual network devices and the security controls applied on the adjacent networks (for example, firewalls performing packet filtering to block DOS attacks).&lt;/VulnDiscussion&gt;&lt;FalsePositives&gt;&lt;/FalsePositives&gt;&lt;FalseNegatives&gt;&lt;/FalseNegatives&gt;&lt;Documentable&gt;false&lt;/Documentable&gt;&lt;Mitigations&gt;&lt;/Mitigations&gt;&lt;SeverityOverrideGuidance&gt;&lt;/SeverityOverrideGuidance&gt;&lt;PotentialImpacts&gt;&lt;/PotentialImpacts&gt;&lt;ThirdPartyTools&gt;&lt;/ThirdPartyTools&gt;&lt;MitigationControl&gt;&lt;/MitigationControl&gt;&lt;Responsibility&gt;&lt;/Responsibility&gt;&lt;IAControls&gt;&lt;/IAControls&gt;</description><reference><dc:title>DPMS Target Riverbed NetProfiler</dc:title><dc:publisher>DISA</dc:publisher><dc:type>DPMS Target</dc:type><dc:subject>Riverbed NetProfiler</dc:subject><dc:identifier>5514</dc:identifier></reference><ident system="http://cyber.mil/cci">CCI-002385</ident><fixtext fixref="F-59708r882780_fix">Go to configuration &gt;&gt; Appliance Security &gt;&gt; Password Security. 

Under Access &gt;&gt; Remote Access, select the "Restrict Web access to" radio button and the "Restrict SSH access to" radio button, and fill the corresponding boxes with the authorized range of IP addresses.</fixtext><fix id="F-59708r882780_fix" /><check system="C-59765r882779_chk"><check-content-ref href="Riverbed_NetProfiler_STIG.xml" name="M" /><check-content>Go to configuration &gt;&gt; Appliance Security &gt;&gt; Password Security. 

Under Access &gt;&gt; Remote Access, verify the "Restrict Web access to" radio button and the "Restrict SSH access to" radio button are selected, and the boxes contain the authorized range of IP addresses. 

If this is not set, this is a finding.</check-content></check></Rule></Group><Group id="V-256092"><title>SRG-APP-000515-NDM-000325</title><description>&lt;GroupDescription&gt;&lt;/GroupDescription&gt;</description><Rule id="SV-256092r961860_rule" weight="10.0" severity="medium"><version>RINP-DM-000057</version><title>The Riverbed NetProfiler must be configured to use redundant Syslog servers that are configured on a different system than the NetProfiler appliance.</title><description>&lt;VulnDiscussion&gt;Information stored in one location is vulnerable to accidental or incidental deletion or alteration.

Offloading is a common process in information systems with limited audit storage capacity.&lt;/VulnDiscussion&gt;&lt;FalsePositives&gt;&lt;/FalsePositives&gt;&lt;FalseNegatives&gt;&lt;/FalseNegatives&gt;&lt;Documentable&gt;false&lt;/Documentable&gt;&lt;Mitigations&gt;&lt;/Mitigations&gt;&lt;SeverityOverrideGuidance&gt;&lt;/SeverityOverrideGuidance&gt;&lt;PotentialImpacts&gt;&lt;/PotentialImpacts&gt;&lt;ThirdPartyTools&gt;&lt;/ThirdPartyTools&gt;&lt;MitigationControl&gt;&lt;/MitigationControl&gt;&lt;Responsibility&gt;&lt;/Responsibility&gt;&lt;IAControls&gt;&lt;/IAControls&gt;</description><reference><dc:title>DPMS Target Riverbed NetProfiler</dc:title><dc:publisher>DISA</dc:publisher><dc:type>DPMS Target</dc:type><dc:subject>Riverbed NetProfiler</dc:subject><dc:identifier>5514</dc:identifier></reference><ident system="http://cyber.mil/cci">CCI-001851</ident><fixtext fixref="F-59709r882783_fix">Go to Administration &gt;&gt; General Settings. 

Configure the entry for Server 1 Host. 

Configure the entry for Server 2 Host. 

Check "Audit Trail" and "Events" for each configured server.</fixtext><fix id="F-59709r882783_fix" /><check system="C-59766r882782_chk"><check-content-ref href="Riverbed_NetProfiler_STIG.xml" name="M" /><check-content>Go to Administration &gt;&gt; General Settings. 

Under "Syslog", verify the entries for Server 1 Host and Server 2 Host are configured. 

Verify "Audit Trail" and "Events" are selected for each Syslog server. 

If this is not true, this is a finding.</check-content></check></Rule></Group><Group id="V-256093"><title>SRG-APP-000516-NDM-000336</title><description>&lt;GroupDescription&gt;&lt;/GroupDescription&gt;</description><Rule id="SV-256093r997791_rule" weight="10.0" severity="high"><version>RINP-DM-000060</version><title>The Riverbed NetProfiler must be configured to use an authentication server to authenticate users prior to granting administrative access.</title><description>&lt;VulnDiscussion&gt;Centralized management of authentication settings increases the security of remote and nonlocal access methods. This control is particularly important protection against the insider threat. With robust centralized management, audit records for administrator account access to the organization's network devices can be more readily analyzed for trends and anomalies. The alternative method of defining administrator accounts on each device exposes the device configuration to remote access authentication attacks and system administrators with multiple authenticators for each network device.&lt;/VulnDiscussion&gt;&lt;FalsePositives&gt;&lt;/FalsePositives&gt;&lt;FalseNegatives&gt;&lt;/FalseNegatives&gt;&lt;Documentable&gt;false&lt;/Documentable&gt;&lt;Mitigations&gt;&lt;/Mitigations&gt;&lt;SeverityOverrideGuidance&gt;&lt;/SeverityOverrideGuidance&gt;&lt;PotentialImpacts&gt;&lt;/PotentialImpacts&gt;&lt;ThirdPartyTools&gt;&lt;/ThirdPartyTools&gt;&lt;MitigationControl&gt;&lt;/MitigationControl&gt;&lt;Responsibility&gt;&lt;/Responsibility&gt;&lt;IAControls&gt;&lt;/IAControls&gt;</description><reference><dc:title>DPMS Target Riverbed NetProfiler</dc:title><dc:publisher>DISA</dc:publisher><dc:type>DPMS Target</dc:type><dc:subject>Riverbed NetProfiler</dc:subject><dc:identifier>5514</dc:identifier></reference><ident system="http://cyber.mil/cci">CCI-000366</ident><ident system="http://cyber.mil/cci">CCI-000370</ident><ident system="http://cyber.mil/cci">CCI-003627</ident><ident system="http://cyber.mil/cci">CCI-003628</ident><ident system="http://cyber.mil/cci">CCI-003627</ident><ident system="http://cyber.mil/cci">CCI-003628</ident><ident system="http://cyber.mil/cci">CCI-004046</ident><ident system="http://cyber.mil/cci">CCI-004047</ident><fixtext fixref="F-59710r882786_fix">This requirement does not apply to the local account of last resort or system accounts.

Go to Administration &gt;&gt; Account Management &gt;&gt; Remote Authentication. 

Configure and enable RADIUS, TACACS+, or SAML 2.0.

The following is an example using RADIUS. Refer to the user's guide for instructions for TACACS+ or SAML.</fixtext><fix id="F-59710r882786_fix" /><check system="C-59767r882785_chk"><check-content-ref href="Riverbed_NetProfiler_STIG.xml" name="M" /><check-content>Go to Administration &gt;&gt; Account Management &gt;&gt; Remote Authentication. 

Verify that RADIUS, TACACS+, or SAML 2.0 are enabled and configured. 

If this is not true, this is a finding.</check-content></check></Rule></Group><Group id="V-256094"><title>SRG-APP-000516-NDM-000344</title><description>&lt;GroupDescription&gt;&lt;/GroupDescription&gt;</description><Rule id="SV-256094r997792_rule" weight="10.0" severity="medium"><version>RINP-DM-000061</version><title>The Riverbed NetProfiler must be configured to obtain its public key certificates from an appropriate certificate policy through an approved service provider.</title><description>&lt;VulnDiscussion&gt;For user certificates, each organization obtains certificates from an approved, shared service provider, as required by OMB policy. For federal agencies operating a legacy public key infrastructure cross-certified with the Federal Bridge Certification Authority at medium assurance or higher, this certification authority will suffice.&lt;/VulnDiscussion&gt;&lt;FalsePositives&gt;&lt;/FalsePositives&gt;&lt;FalseNegatives&gt;&lt;/FalseNegatives&gt;&lt;Documentable&gt;false&lt;/Documentable&gt;&lt;Mitigations&gt;&lt;/Mitigations&gt;&lt;SeverityOverrideGuidance&gt;&lt;/SeverityOverrideGuidance&gt;&lt;PotentialImpacts&gt;&lt;/PotentialImpacts&gt;&lt;ThirdPartyTools&gt;&lt;/ThirdPartyTools&gt;&lt;MitigationControl&gt;&lt;/MitigationControl&gt;&lt;Responsibility&gt;&lt;/Responsibility&gt;&lt;IAControls&gt;&lt;/IAControls&gt;</description><reference><dc:title>DPMS Target Riverbed NetProfiler</dc:title><dc:publisher>DISA</dc:publisher><dc:type>DPMS Target</dc:type><dc:subject>Riverbed NetProfiler</dc:subject><dc:identifier>5514</dc:identifier></reference><ident system="http://cyber.mil/cci">CCI-000366</ident><ident system="http://cyber.mil/cci">CCI-001159</ident><ident system="http://cyber.mil/cci">CCI-004068</ident><fixtext fixref="F-59711r882789_fix">Go to Configuration &gt;&gt; Appliance Security &gt;&gt; Encryption Key Management. 

Under the "Local Credentials" tab, look for the "Apache SSL certificate". 

Under the "Action" column, click the drop-down menu and select "Change Key/Cert". 

Paste the private key and certificate in PEM format and click "Save". 

Restart the web browser to avoid connection errors.</fixtext><fix id="F-59711r882789_fix" /><check system="C-59768r882788_chk"><check-content-ref href="Riverbed_NetProfiler_STIG.xml" name="M" /><check-content>Go to Configuration &gt;&gt; Appliance Security &gt;&gt; Encryption Key Management. 

Under the "Local Credentials" tab, look for the "Apache SSL certificate". 

Under the "Action" column, click the drop-down menu and select "View Certificate". 

Verify the Privacy Enhanced Mail (PEM) format for the certificate and key match the certification authority-provided certificate and the certificate is signed by a DOD-approved certificate authority. 

If this is not true, this is a finding.</check-content></check></Rule></Group><Group id="V-256095"><title>SRG-APP-000516-NDM-000351</title><description>&lt;GroupDescription&gt;&lt;/GroupDescription&gt;</description><Rule id="SV-256095r961863_rule" weight="10.0" severity="high"><version>RINP-DM-000063</version><title>The Riverbed NetProfiler must be configured to run an operating system release that is currently supported by the vendor.</title><description>&lt;VulnDiscussion&gt;Network devices running an unsupported operating system lack current security fixes required to mitigate the risks associated with recent vulnerabilities.&lt;/VulnDiscussion&gt;&lt;FalsePositives&gt;&lt;/FalsePositives&gt;&lt;FalseNegatives&gt;&lt;/FalseNegatives&gt;&lt;Documentable&gt;false&lt;/Documentable&gt;&lt;Mitigations&gt;&lt;/Mitigations&gt;&lt;SeverityOverrideGuidance&gt;&lt;/SeverityOverrideGuidance&gt;&lt;PotentialImpacts&gt;&lt;/PotentialImpacts&gt;&lt;ThirdPartyTools&gt;&lt;/ThirdPartyTools&gt;&lt;MitigationControl&gt;&lt;/MitigationControl&gt;&lt;Responsibility&gt;&lt;/Responsibility&gt;&lt;IAControls&gt;&lt;/IAControls&gt;</description><reference><dc:title>DPMS Target Riverbed NetProfiler</dc:title><dc:publisher>DISA</dc:publisher><dc:type>DPMS Target</dc:type><dc:subject>Riverbed NetProfiler</dc:subject><dc:identifier>5514</dc:identifier></reference><ident system="http://cyber.mil/cci">CCI-000366</ident><fixtext fixref="F-59712r882792_fix">Check the vendor's website (support.riverbed.com) to verify the current version installed on the NetProfiler appliance is supported. 

Go to System &gt;&gt; Update. 

Under "Add a different update version", select the" Update File:" radio button, click "Browse", find the update downloaded from a DOD authorized source, and select "Update Now".</fixtext><fix id="F-59712r882792_fix" /><check system="C-59769r882791_chk"><check-content-ref href="Riverbed_NetProfiler_STIG.xml" name="M" /><check-content>Go to System &gt;&gt; Update. 

Verify the current version is higher than 10.0.0 and currently supported by the vendor by checking the vendor's website (support.riverbed.com). 

If this is not true, this is a finding.</check-content></check></Rule></Group><Group id="V-256096"><title>SRG-APP-000516-NDM-000340</title><description>&lt;GroupDescription&gt;&lt;/GroupDescription&gt;</description><Rule id="SV-256096r961863_rule" weight="10.0" severity="low"><version>RINP-DM-000064</version><title>The Riverbed NetProfiler must be configured to conduct backups of system-level information and system documentation, including security-related documentation, when changes occur or weekly, whichever is sooner.</title><description>&lt;VulnDiscussion&gt;System-level information includes default and customized settings and security attributes, including access control lists (ACLs) that relate to the network device configuration, as well as software required for the execution and operation of the device. Information system backup is a critical step in ensuring system integrity and availability. If the system fails and there is no backup of the system-level information, a denial-of-service condition is possible for all who use this critical network component.

This control requires the network device to support the organizational central backup process for system-level information associated with the network device. This function may be provided by the network device itself; however, the preferred best practice is a centralized backup rather than each network device performing discrete backups. 

The backup feature securely copies traffic and configuration information to a specified backup system. NetProfiler cannot be configured to automatically run backups, but backups can be configured and run manually via the Backup page. Manually back up the system periodically in accordance with the site System Security Plan (SSP). NetExpress packet logs and index files are not backed up. Additionally, capture jobs are not restored if the backup and restore operations are performed from a physical NetExpress to a virtual edition or vice versa. The NetProfiler uses the SSH public key to connect to a backup server for running backups.

Satisfies: SRG-APP-000516-NDM-000340, SRG-APP-000516-NDM-000341&lt;/VulnDiscussion&gt;&lt;FalsePositives&gt;&lt;/FalsePositives&gt;&lt;FalseNegatives&gt;&lt;/FalseNegatives&gt;&lt;Documentable&gt;false&lt;/Documentable&gt;&lt;Mitigations&gt;&lt;/Mitigations&gt;&lt;SeverityOverrideGuidance&gt;&lt;/SeverityOverrideGuidance&gt;&lt;PotentialImpacts&gt;&lt;/PotentialImpacts&gt;&lt;ThirdPartyTools&gt;&lt;/ThirdPartyTools&gt;&lt;MitigationControl&gt;&lt;/MitigationControl&gt;&lt;Responsibility&gt;&lt;/Responsibility&gt;&lt;IAControls&gt;&lt;/IAControls&gt;</description><reference><dc:title>DPMS Target Riverbed NetProfiler</dc:title><dc:publisher>DISA</dc:publisher><dc:type>DPMS Target</dc:type><dc:subject>Riverbed NetProfiler</dc:subject><dc:identifier>5514</dc:identifier></reference><ident system="http://cyber.mil/cci">CCI-000366</ident><ident system="http://cyber.mil/cci">CCI-000537</ident><ident system="http://cyber.mil/cci">CCI-000539</ident><fixtext fixref="F-59713r882795_fix">Manually back up via the configuration periodically in accordance with the SSP.

Go to System &gt;&gt; Backup. 

Enter details about what information must be backed up, where it is backed up, and who is notified when the backup is completed.

Click "Run Backup".</fixtext><fix id="F-59713r882795_fix" /><check system="C-59770r882794_chk"><check-content-ref href="Riverbed_NetProfiler_STIG.xml" name="M" /><check-content>Review the SSP to determine the site's network device backup policy. 

Check the NetProfiler backup log to verify regular backups are being performed.

Go to System &gt;&gt; Backup.

View if there is a recent backup.

If the site does not conduct backups of system-level information contained in the information system when changes occur, this is a finding.</check-content></check></Rule></Group><Group id="V-256097"><title>SRG-APP-000317-NDM-000282</title><description>&lt;GroupDescription&gt;&lt;/GroupDescription&gt;</description><Rule id="SV-256097r1015805_rule" weight="10.0" severity="medium"><version>RINP-DM-000091</version><title>The network device must terminate shared/group account credentials when members leave the group.</title><description>&lt;VulnDiscussion&gt;A shared/group account credential is a shared form of authentication that allows multiple individuals to access the network device using a single account. If shared/group account credentials are not terminated when individuals leave the group, the user that left the group can still gain access even though they are no longer authorized. 

There may also be instances when specific user actions need to be performed on the network device without unique administrator identification or authentication. Examples of credentials include passwords and group membership certificates.

The “mazu” account is the local Linux OS account created and used by the NetProfiler and Flow Gateway application for ownership of application, configuration, and data files stored on the appliance. Operations such as changing appliance settings and running reports on a cluster, as well as using backup/restore functionality rely on the existence of the “mazu” user. The account is required for proper operation of the solution. However, the ability to login to this account can be disabled on the Security Compliance page, as well as firewall rules can be used to restrict the remote access.&lt;/VulnDiscussion&gt;&lt;FalsePositives&gt;&lt;/FalsePositives&gt;&lt;FalseNegatives&gt;&lt;/FalseNegatives&gt;&lt;Documentable&gt;false&lt;/Documentable&gt;&lt;Mitigations&gt;&lt;/Mitigations&gt;&lt;SeverityOverrideGuidance&gt;&lt;/SeverityOverrideGuidance&gt;&lt;PotentialImpacts&gt;&lt;/PotentialImpacts&gt;&lt;ThirdPartyTools&gt;&lt;/ThirdPartyTools&gt;&lt;MitigationControl&gt;&lt;/MitigationControl&gt;&lt;Responsibility&gt;&lt;/Responsibility&gt;&lt;IAControls&gt;&lt;/IAControls&gt;</description><reference><dc:title>DPMS Target Riverbed NetProfiler</dc:title><dc:publisher>DISA</dc:publisher><dc:type>DPMS Target</dc:type><dc:subject>Riverbed NetProfiler</dc:subject><dc:identifier>5514</dc:identifier></reference><ident system="http://cyber.mil/cci">CCI-004045</ident><ident system="http://cyber.mil/cci">CCI-002142</ident><fixtext fixref="F-59714r882798_fix">Change the account of last resort to a new password when administrators who know the credential leave the organization. Document this process in the SSP.

Set the password for the account of last resort and/or root as needed based on what the person departing had access to.

Change default system shell account passwords as required:

Go to Configuration &gt;&gt; Appliance Security &gt;&gt; Security Compliance page Accounts section to change or disable the following passwords.

root - Accessible only through SSH from other modules in an Enterprise NetProfiler. This has shell access from the console if login is enabled. Change to implement a DOD-compliant password. Securely store and protect the password.

admin - Accessible only through the console port. This is for initial setup only with no shell access. Recommend use as account of last resort; however, login may be disabled only if another account of last resort is configured. Change to implement a DOD-compliant password. Securely store and protect the password. The following system account must be configured to comply with this requirement.

mazu - Accessible through SSH; this has shell access unless disabled. Disable the password (DOD preferred) or change to implement a DOD-compliant password. Securely store and protect the password.</fixtext><fix id="F-59714r882798_fix" /><check system="C-59771r882797_chk"><check-content-ref href="Riverbed_NetProfiler_STIG.xml" name="M" /><check-content>Review the site's System Security Plan (SSP) to verify the password for the account of last resort and/or the root account are changed when a system administrator with knowledge of the password leaves or no longer has a need to know/access.

If the credentials for the account of last resort are not changed when administrators who know the credential leave the organization, this is a finding.</check-content></check></Rule></Group></Benchmark>