<?xml version="1.0" encoding="utf-8"?><?xml-stylesheet type='text/xsl' href='STIG_unclass.xsl'?><Benchmark xmlns:dc="http://purl.org/dc/elements/1.1/" xmlns:xsi="http://www.w3.org/2001/XMLSchema-instance" xmlns:cpe="http://cpe.mitre.org/language/2.0" xmlns:xhtml="http://www.w3.org/1999/xhtml" xmlns:dsig="http://www.w3.org/2000/09/xmldsig#" xsi:schemaLocation="http://checklists.nist.gov/xccdf/1.1 http://nvd.nist.gov/schema/xccdf-1.1.4.xsd http://cpe.mitre.org/dictionary/2.0 http://cpe.mitre.org/files/cpe-dictionary_2.1.xsd" id="HPE_Nimble_Storage_Array_NDM_STIG" xml:lang="en" xmlns="http://checklists.nist.gov/xccdf/1.1"><status date="2024-06-20">accepted</status><title>HPE Nimble Storage Array NDM Security Technical Implementation Guide</title><description>This Security Technical Implementation Guide is published as a tool to improve the security of Department of Defense (DOD) information systems. The requirements are derived from the National Institute of Standards and Technology (NIST) 800-53 and related documents. Comments or proposed revisions to this document should be sent via email to the following address: disa.stig_spt@mail.mil.</description><notice id="terms-of-use" xml:lang="en"></notice><front-matter xml:lang="en"></front-matter><rear-matter xml:lang="en"></rear-matter><reference href="https://cyber.mil"><dc:publisher>DISA</dc:publisher><dc:source>STIG.DOD.MIL</dc:source></reference><plain-text id="release-info">Release: 1 Benchmark Date: 24 Jul 2024</plain-text><plain-text id="generator">3.5</plain-text><plain-text id="conventionsVersion">1.10.0</plain-text><version>2</version><Profile id="MAC-1_Classified"><title>I - Mission Critical Classified</title><description>&lt;ProfileDescription&gt;&lt;/ProfileDescription&gt;</description><select idref="V-252186" selected="true" /><select idref="V-252187" selected="true" /><select idref="V-252188" selected="true" /><select idref="V-252190" selected="true" /><select idref="V-252191" selected="true" /><select idref="V-252192" selected="true" /><select idref="V-252193" selected="true" /><select idref="V-252194" selected="true" /><select idref="V-252195" selected="true" /><select idref="V-252196" selected="true" /><select idref="V-252197" selected="true" /><select idref="V-252198" selected="true" /><select idref="V-252199" selected="true" /><select idref="V-252200" selected="true" /><select idref="V-252201" selected="true" /><select idref="V-252202" selected="true" /><select idref="V-252203" selected="true" /><select idref="V-252902" selected="true" /><select idref="V-259800" selected="true" /><select idref="V-259801" selected="true" /></Profile><Profile id="MAC-1_Public"><title>I - Mission Critical Public</title><description>&lt;ProfileDescription&gt;&lt;/ProfileDescription&gt;</description><select idref="V-252186" selected="true" /><select idref="V-252187" selected="true" /><select idref="V-252188" selected="true" /><select idref="V-252190" selected="true" /><select idref="V-252191" selected="true" /><select idref="V-252192" selected="true" /><select idref="V-252193" selected="true" /><select idref="V-252194" selected="true" /><select idref="V-252195" selected="true" /><select idref="V-252196" selected="true" /><select idref="V-252197" selected="true" /><select idref="V-252198" selected="true" /><select idref="V-252199" selected="true" /><select idref="V-252200" selected="true" /><select idref="V-252201" selected="true" /><select idref="V-252202" selected="true" /><select idref="V-252203" selected="true" /><select idref="V-252902" selected="true" /><select idref="V-259800" selected="true" /><select idref="V-259801" selected="true" /></Profile><Profile id="MAC-1_Sensitive"><title>I - Mission Critical Sensitive</title><description>&lt;ProfileDescription&gt;&lt;/ProfileDescription&gt;</description><select idref="V-252186" selected="true" /><select idref="V-252187" selected="true" /><select idref="V-252188" selected="true" /><select idref="V-252190" selected="true" /><select idref="V-252191" selected="true" /><select idref="V-252192" selected="true" /><select idref="V-252193" selected="true" /><select idref="V-252194" selected="true" /><select idref="V-252195" selected="true" /><select idref="V-252196" selected="true" /><select idref="V-252197" selected="true" /><select idref="V-252198" selected="true" /><select idref="V-252199" selected="true" /><select idref="V-252200" selected="true" /><select idref="V-252201" selected="true" /><select idref="V-252202" selected="true" /><select idref="V-252203" selected="true" /><select idref="V-252902" selected="true" /><select idref="V-259800" selected="true" /><select idref="V-259801" selected="true" /></Profile><Profile id="MAC-2_Classified"><title>II - Mission Support Classified</title><description>&lt;ProfileDescription&gt;&lt;/ProfileDescription&gt;</description><select idref="V-252186" selected="true" /><select idref="V-252187" selected="true" /><select idref="V-252188" selected="true" /><select idref="V-252190" selected="true" /><select idref="V-252191" selected="true" /><select idref="V-252192" selected="true" /><select idref="V-252193" selected="true" /><select idref="V-252194" selected="true" /><select idref="V-252195" selected="true" /><select idref="V-252196" selected="true" /><select idref="V-252197" selected="true" /><select idref="V-252198" selected="true" /><select idref="V-252199" selected="true" /><select idref="V-252200" selected="true" /><select idref="V-252201" selected="true" /><select idref="V-252202" selected="true" /><select idref="V-252203" selected="true" /><select idref="V-252902" selected="true" /><select idref="V-259800" selected="true" /><select idref="V-259801" selected="true" /></Profile><Profile id="MAC-2_Public"><title>II - Mission Support Public</title><description>&lt;ProfileDescription&gt;&lt;/ProfileDescription&gt;</description><select idref="V-252186" selected="true" /><select idref="V-252187" selected="true" /><select idref="V-252188" selected="true" /><select idref="V-252190" selected="true" /><select idref="V-252191" selected="true" /><select idref="V-252192" selected="true" /><select idref="V-252193" selected="true" /><select idref="V-252194" selected="true" /><select idref="V-252195" selected="true" /><select idref="V-252196" selected="true" /><select idref="V-252197" selected="true" /><select idref="V-252198" selected="true" /><select idref="V-252199" selected="true" /><select idref="V-252200" selected="true" /><select idref="V-252201" selected="true" /><select idref="V-252202" selected="true" /><select idref="V-252203" selected="true" /><select idref="V-252902" selected="true" /><select idref="V-259800" selected="true" /><select idref="V-259801" selected="true" /></Profile><Profile id="MAC-2_Sensitive"><title>II - Mission Support Sensitive</title><description>&lt;ProfileDescription&gt;&lt;/ProfileDescription&gt;</description><select idref="V-252186" selected="true" /><select idref="V-252187" selected="true" /><select idref="V-252188" selected="true" /><select idref="V-252190" selected="true" /><select idref="V-252191" selected="true" /><select idref="V-252192" selected="true" /><select idref="V-252193" selected="true" /><select idref="V-252194" selected="true" /><select idref="V-252195" selected="true" /><select idref="V-252196" selected="true" /><select idref="V-252197" selected="true" /><select idref="V-252198" selected="true" /><select idref="V-252199" selected="true" /><select idref="V-252200" selected="true" /><select idref="V-252201" selected="true" /><select idref="V-252202" selected="true" /><select idref="V-252203" selected="true" /><select idref="V-252902" selected="true" /><select idref="V-259800" selected="true" /><select idref="V-259801" selected="true" /></Profile><Profile id="MAC-3_Classified"><title>III - Administrative Classified</title><description>&lt;ProfileDescription&gt;&lt;/ProfileDescription&gt;</description><select idref="V-252186" selected="true" /><select idref="V-252187" selected="true" /><select idref="V-252188" selected="true" /><select idref="V-252190" selected="true" /><select idref="V-252191" selected="true" /><select idref="V-252192" selected="true" /><select idref="V-252193" selected="true" /><select idref="V-252194" selected="true" /><select idref="V-252195" selected="true" /><select idref="V-252196" selected="true" /><select idref="V-252197" selected="true" /><select idref="V-252198" selected="true" /><select idref="V-252199" selected="true" /><select idref="V-252200" selected="true" /><select idref="V-252201" selected="true" /><select idref="V-252202" selected="true" /><select idref="V-252203" selected="true" /><select idref="V-252902" selected="true" /><select idref="V-259800" selected="true" /><select idref="V-259801" selected="true" /></Profile><Profile id="MAC-3_Public"><title>III - Administrative Public</title><description>&lt;ProfileDescription&gt;&lt;/ProfileDescription&gt;</description><select idref="V-252186" selected="true" /><select idref="V-252187" selected="true" /><select idref="V-252188" selected="true" /><select idref="V-252190" selected="true" /><select idref="V-252191" selected="true" /><select idref="V-252192" selected="true" /><select idref="V-252193" selected="true" /><select idref="V-252194" selected="true" /><select idref="V-252195" selected="true" /><select idref="V-252196" selected="true" /><select idref="V-252197" selected="true" /><select idref="V-252198" selected="true" /><select idref="V-252199" selected="true" /><select idref="V-252200" selected="true" /><select idref="V-252201" selected="true" /><select idref="V-252202" selected="true" /><select idref="V-252203" selected="true" /><select idref="V-252902" selected="true" /><select idref="V-259800" selected="true" /><select idref="V-259801" selected="true" /></Profile><Profile id="MAC-3_Sensitive"><title>III - Administrative Sensitive</title><description>&lt;ProfileDescription&gt;&lt;/ProfileDescription&gt;</description><select idref="V-252186" selected="true" /><select idref="V-252187" selected="true" /><select idref="V-252188" selected="true" /><select idref="V-252190" selected="true" /><select idref="V-252191" selected="true" /><select idref="V-252192" selected="true" /><select idref="V-252193" selected="true" /><select idref="V-252194" selected="true" /><select idref="V-252195" selected="true" /><select idref="V-252196" selected="true" /><select idref="V-252197" selected="true" /><select idref="V-252198" selected="true" /><select idref="V-252199" selected="true" /><select idref="V-252200" selected="true" /><select idref="V-252201" selected="true" /><select idref="V-252202" selected="true" /><select idref="V-252203" selected="true" /><select idref="V-252902" selected="true" /><select idref="V-259800" selected="true" /><select idref="V-259801" selected="true" /></Profile><Group id="V-252186"><title>SRG-APP-000003-NDM-000202</title><description>&lt;GroupDescription&gt;&lt;/GroupDescription&gt;</description><Rule id="SV-252186r960741_rule" weight="10.0" severity="medium"><version>HPEN-NM-000010</version><title>The HPE Nimble must initiate a session lock after a 15-minute period of inactivity.</title><description>&lt;VulnDiscussion&gt;A session lock is a temporary network device or administrator-initiated action taken when the administrator stops work but does not log out of the network device. Rather than relying on the user to manually lock their management session prior to vacating the vicinity, network devices need to be able to identify when a management session has idled and take action to initiate the session lock. Once invoked, the session lock must remain in place until the administrator reauthenticates. No other system activity aside from reauthentication must unlock the management session.

Note that CCI-001133 requires that administrative network sessions be disconnected after 10 minutes of idle time. So this requirement may only apply to local administrative sessions.&lt;/VulnDiscussion&gt;&lt;FalsePositives&gt;&lt;/FalsePositives&gt;&lt;FalseNegatives&gt;&lt;/FalseNegatives&gt;&lt;Documentable&gt;false&lt;/Documentable&gt;&lt;Mitigations&gt;&lt;/Mitigations&gt;&lt;SeverityOverrideGuidance&gt;&lt;/SeverityOverrideGuidance&gt;&lt;PotentialImpacts&gt;&lt;/PotentialImpacts&gt;&lt;ThirdPartyTools&gt;&lt;/ThirdPartyTools&gt;&lt;MitigationControl&gt;&lt;/MitigationControl&gt;&lt;Responsibility&gt;&lt;/Responsibility&gt;&lt;IAControls&gt;&lt;/IAControls&gt;</description><reference><dc:title>DPMS Target HPE Nimble Storage Array NDM</dc:title><dc:publisher>DISA</dc:publisher><dc:type>DPMS Target</dc:type><dc:subject>HPE Nimble Storage Array NDM</dc:subject><dc:identifier>5460</dc:identifier></reference><ident system="http://cyber.mil/cci">CCI-000057</ident><fixtext fixref="F-55592r814037_fix">Type "group --edit --inactivity_timeout 15".</fixtext><fix id="F-55592r814037_fix" /><check system="C-55642r814036_chk"><check-content-ref href="HPE_Nimble_Storage_Array_NDM_STIG.xml" name="M" /><check-content>Type "group --info | grep inactivity" and review the timeout value. If it is greater than 15 minutes, this is a finding.</check-content></check></Rule></Group><Group id="V-252187"><title>SRG-APP-000065-NDM-000214</title><description>&lt;GroupDescription&gt;&lt;/GroupDescription&gt;</description><Rule id="SV-252187r960840_rule" weight="10.0" severity="medium"><version>HPEN-NM-000020</version><title>The HPE Nimble must be configured to enforce the limit of three consecutive invalid logon attempts, after which time it must block any login attempt for 15 minutes.</title><description>&lt;VulnDiscussion&gt;By limiting the number of failed login attempts, the risk of unauthorized system access via user password guessing, otherwise known as brute-forcing, is reduced.&lt;/VulnDiscussion&gt;&lt;FalsePositives&gt;&lt;/FalsePositives&gt;&lt;FalseNegatives&gt;&lt;/FalseNegatives&gt;&lt;Documentable&gt;false&lt;/Documentable&gt;&lt;Mitigations&gt;&lt;/Mitigations&gt;&lt;SeverityOverrideGuidance&gt;&lt;/SeverityOverrideGuidance&gt;&lt;PotentialImpacts&gt;&lt;/PotentialImpacts&gt;&lt;ThirdPartyTools&gt;&lt;/ThirdPartyTools&gt;&lt;MitigationControl&gt;&lt;/MitigationControl&gt;&lt;Responsibility&gt;&lt;/Responsibility&gt;&lt;IAControls&gt;&lt;/IAControls&gt;</description><reference><dc:title>DPMS Target HPE Nimble Storage Array NDM</dc:title><dc:publisher>DISA</dc:publisher><dc:type>DPMS Target</dc:type><dc:subject>HPE Nimble Storage Array NDM</dc:subject><dc:identifier>5460</dc:identifier></reference><ident system="http://cyber.mil/cci">CCI-000044</ident><fixtext fixref="F-55593r814040_fix">Type "userpolicy --edit --allowed_attempts 2".</fixtext><fix id="F-55593r814040_fix" /><check system="C-55643r814039_chk"><check-content-ref href="HPE_Nimble_Storage_Array_NDM_STIG.xml" name="M" /><check-content>Type "userpolicy --info" and review output for line: "Number of authentication attempts". If the value is 2 or less, this is not a finding.</check-content></check></Rule></Group><Group id="V-252188"><title>SRG-APP-000068-NDM-000215</title><description>&lt;GroupDescription&gt;&lt;/GroupDescription&gt;</description><Rule id="SV-252188r960843_rule" weight="10.0" severity="medium"><version>HPEN-NM-000030</version><title>The HPE Nimble must display the Standard Mandatory DoD Notice and Consent Banner before granting access to the device.</title><description>&lt;VulnDiscussion&gt;Display of the DoD-approved use notification before granting access to the network device ensures privacy and security notification verbiage used is consistent with applicable federal laws, Executive Orders, directives, policies, regulations, standards, and guidance.

System use notifications are required only for access via logon interfaces with human users.&lt;/VulnDiscussion&gt;&lt;FalsePositives&gt;&lt;/FalsePositives&gt;&lt;FalseNegatives&gt;&lt;/FalseNegatives&gt;&lt;Documentable&gt;false&lt;/Documentable&gt;&lt;Mitigations&gt;&lt;/Mitigations&gt;&lt;SeverityOverrideGuidance&gt;&lt;/SeverityOverrideGuidance&gt;&lt;PotentialImpacts&gt;&lt;/PotentialImpacts&gt;&lt;ThirdPartyTools&gt;&lt;/ThirdPartyTools&gt;&lt;MitigationControl&gt;&lt;/MitigationControl&gt;&lt;Responsibility&gt;&lt;/Responsibility&gt;&lt;IAControls&gt;&lt;/IAControls&gt;</description><reference><dc:title>DPMS Target HPE Nimble Storage Array NDM</dc:title><dc:publisher>DISA</dc:publisher><dc:type>DPMS Target</dc:type><dc:subject>HPE Nimble Storage Array NDM</dc:subject><dc:identifier>5460</dc:identifier></reference><ident system="http://cyber.mil/cci">CCI-000048</ident><fixtext fixref="F-55594r814043_fix">Type "group --edit --login_banner", and then copy-paste or type the required banner. Then, to display the banner before login, type "group --edit --login_banner_after_auth no".</fixtext><fix id="F-55594r814043_fix" /><check system="C-55644r814042_chk"><check-content-ref href="HPE_Nimble_Storage_Array_NDM_STIG.xml" name="M" /><check-content>Attempt a login to NimOS by typing "ssh username@array", where username is a valid user, and array is an array DNS name. If the correct DoD banner is not displayed before a password prompt, this is a finding.</check-content></check></Rule></Group><Group id="V-252190"><title>SRG-APP-000164-NDM-000252</title><description>&lt;GroupDescription&gt;&lt;/GroupDescription&gt;</description><Rule id="SV-252190r997770_rule" weight="10.0" severity="medium"><version>HPEN-NM-000050</version><title>The HPE Nimble must enforce a minimum 15-character password length.</title><description>&lt;VulnDiscussion&gt;Password complexity, or strength, is a measure of the effectiveness of a password in resisting attempts at guessing and brute-force attacks. Password length is one factor of several that helps to determine strength and how long it takes to crack a password.

The shorter the password, the lower the number of possible combinations that need to be tested before the password is compromised. Use of more characters in a password helps to exponentially increase the time and/or resources required to compromise the password.&lt;/VulnDiscussion&gt;&lt;FalsePositives&gt;&lt;/FalsePositives&gt;&lt;FalseNegatives&gt;&lt;/FalseNegatives&gt;&lt;Documentable&gt;false&lt;/Documentable&gt;&lt;Mitigations&gt;&lt;/Mitigations&gt;&lt;SeverityOverrideGuidance&gt;&lt;/SeverityOverrideGuidance&gt;&lt;PotentialImpacts&gt;&lt;/PotentialImpacts&gt;&lt;ThirdPartyTools&gt;&lt;/ThirdPartyTools&gt;&lt;MitigationControl&gt;&lt;/MitigationControl&gt;&lt;Responsibility&gt;&lt;/Responsibility&gt;&lt;IAControls&gt;&lt;/IAControls&gt;</description><reference><dc:title>DPMS Target HPE Nimble Storage Array NDM</dc:title><dc:publisher>DISA</dc:publisher><dc:type>DPMS Target</dc:type><dc:subject>HPE Nimble Storage Array NDM</dc:subject><dc:identifier>5460</dc:identifier></reference><ident system="http://cyber.mil/cci">CCI-004066</ident><fixtext fixref="F-55596r814049_fix">Set minimum password length to 15 by typing "userpolicy --edit --min_length 15".</fixtext><fix id="F-55596r814049_fix" /><check system="C-55646r997769_chk"><check-content-ref href="HPE_Nimble_Storage_Array_NDM_STIG.xml" name="M" /><check-content>Type "userpolicy --info" and review output for line: "Minimum Length".

If it is 15 or more, this is not a finding.</check-content></check></Rule></Group><Group id="V-252191"><title>SRG-APP-000166-NDM-000254</title><description>&lt;GroupDescription&gt;&lt;/GroupDescription&gt;</description><Rule id="SV-252191r997772_rule" weight="10.0" severity="medium"><version>HPEN-NM-000060</version><title>The HPE Nimble must enforce password complexity by requiring that at least one uppercase character be used.</title><description>&lt;VulnDiscussion&gt;Use of a complex passwords helps to increase the time and resources required to compromise the password. Password complexity, or strength, is a measure of the effectiveness of a password in resisting attempts at guessing and brute-force attacks.

Password complexity is one factor of several that determine how long it takes to crack a password. The more complex the password is, the greater the number of possible combinations that need to be tested before the password is compromised.

Multifactor authentication (MFA) is required for all administrative and user accounts on network devices, except for an account of last resort and (where applicable) a root account. Passwords should only be used when MFA using PKI is not available, and for the account of last resort and root account.&lt;/VulnDiscussion&gt;&lt;FalsePositives&gt;&lt;/FalsePositives&gt;&lt;FalseNegatives&gt;&lt;/FalseNegatives&gt;&lt;Documentable&gt;false&lt;/Documentable&gt;&lt;Mitigations&gt;&lt;/Mitigations&gt;&lt;SeverityOverrideGuidance&gt;&lt;/SeverityOverrideGuidance&gt;&lt;PotentialImpacts&gt;&lt;/PotentialImpacts&gt;&lt;ThirdPartyTools&gt;&lt;/ThirdPartyTools&gt;&lt;MitigationControl&gt;&lt;/MitigationControl&gt;&lt;Responsibility&gt;&lt;/Responsibility&gt;&lt;IAControls&gt;&lt;/IAControls&gt;</description><reference><dc:title>DPMS Target HPE Nimble Storage Array NDM</dc:title><dc:publisher>DISA</dc:publisher><dc:type>DPMS Target</dc:type><dc:subject>HPE Nimble Storage Array NDM</dc:subject><dc:identifier>5460</dc:identifier></reference><ident system="http://cyber.mil/cci">CCI-004066</ident><fixtext fixref="F-55597r814052_fix">Set minimum number of uppercase characters to 1 by typing "userpolicy --edit --upper 1".</fixtext><fix id="F-55597r814052_fix" /><check system="C-55647r997771_chk"><check-content-ref href="HPE_Nimble_Storage_Array_NDM_STIG.xml" name="M" /><check-content>Type "userpolicy --info" and review output for line: "Minimum Uppercase characters".

If it is 1 or more, this is not a finding.</check-content></check></Rule></Group><Group id="V-252192"><title>SRG-APP-000167-NDM-000255</title><description>&lt;GroupDescription&gt;&lt;/GroupDescription&gt;</description><Rule id="SV-252192r997774_rule" weight="10.0" severity="medium"><version>HPEN-NM-000070</version><title>The HPE Nimble must enforce password complexity by requiring that at least one lowercase character be used.</title><description>&lt;VulnDiscussion&gt;Use of a complex password helps to increase the time and resources required to compromise the password. Password complexity, or strength, is a measure of the effectiveness of a password in resisting attempts at guessing and brute-force attacks.

Password complexity is one factor of several that determine how long it takes to crack a password. The more complex the password, the greater the number of possible combinations that need to be tested before the password is compromised.

Multifactor authentication (MFA) is required for all administrative and user accounts on network devices, except for an account of last resort and (where applicable) a root account. Passwords should only be used when MFA using PKI is not available, and for the account of last resort and root account.&lt;/VulnDiscussion&gt;&lt;FalsePositives&gt;&lt;/FalsePositives&gt;&lt;FalseNegatives&gt;&lt;/FalseNegatives&gt;&lt;Documentable&gt;false&lt;/Documentable&gt;&lt;Mitigations&gt;&lt;/Mitigations&gt;&lt;SeverityOverrideGuidance&gt;&lt;/SeverityOverrideGuidance&gt;&lt;PotentialImpacts&gt;&lt;/PotentialImpacts&gt;&lt;ThirdPartyTools&gt;&lt;/ThirdPartyTools&gt;&lt;MitigationControl&gt;&lt;/MitigationControl&gt;&lt;Responsibility&gt;&lt;/Responsibility&gt;&lt;IAControls&gt;&lt;/IAControls&gt;</description><reference><dc:title>DPMS Target HPE Nimble Storage Array NDM</dc:title><dc:publisher>DISA</dc:publisher><dc:type>DPMS Target</dc:type><dc:subject>HPE Nimble Storage Array NDM</dc:subject><dc:identifier>5460</dc:identifier></reference><ident system="http://cyber.mil/cci">CCI-004066</ident><fixtext fixref="F-55598r814055_fix">Set minimum number of lowercase characters to 1 by typing "userpolicy --edit --lower 1".</fixtext><fix id="F-55598r814055_fix" /><check system="C-55648r997773_chk"><check-content-ref href="HPE_Nimble_Storage_Array_NDM_STIG.xml" name="M" /><check-content>Type "userpolicy --info" and review output for line: "Minimum Lowercase characters".

If it is 1 or more, this is not a finding.</check-content></check></Rule></Group><Group id="V-252193"><title>SRG-APP-000168-NDM-000256</title><description>&lt;GroupDescription&gt;&lt;/GroupDescription&gt;</description><Rule id="SV-252193r997775_rule" weight="10.0" severity="medium"><version>HPEN-NM-000080</version><title>The HPE Nimble must enforce password complexity by requiring that at least one numeric character be used.</title><description>&lt;VulnDiscussion&gt;Use of a complex password helps to increase the time and resources required to compromise the password. Password complexity, or strength, is a measure of the effectiveness of a password in resisting attempts at guessing and brute-force attacks.

Password complexity is one factor of several that determine how long it takes to crack a password. The more complex the password, the greater the number of possible combinations that need to be tested before the password is compromised.

Multifactor authentication (MFA) is required for all administrative and user accounts on network devices, except for an account of last resort and (where applicable) a root account. Passwords should only be used when MFA using PKI is not available, and for the account of last resort and root account.&lt;/VulnDiscussion&gt;&lt;FalsePositives&gt;&lt;/FalsePositives&gt;&lt;FalseNegatives&gt;&lt;/FalseNegatives&gt;&lt;Documentable&gt;false&lt;/Documentable&gt;&lt;Mitigations&gt;&lt;/Mitigations&gt;&lt;SeverityOverrideGuidance&gt;&lt;/SeverityOverrideGuidance&gt;&lt;PotentialImpacts&gt;&lt;/PotentialImpacts&gt;&lt;ThirdPartyTools&gt;&lt;/ThirdPartyTools&gt;&lt;MitigationControl&gt;&lt;/MitigationControl&gt;&lt;Responsibility&gt;&lt;/Responsibility&gt;&lt;IAControls&gt;&lt;/IAControls&gt;</description><reference><dc:title>DPMS Target HPE Nimble Storage Array NDM</dc:title><dc:publisher>DISA</dc:publisher><dc:type>DPMS Target</dc:type><dc:subject>HPE Nimble Storage Array NDM</dc:subject><dc:identifier>5460</dc:identifier></reference><ident system="http://cyber.mil/cci">CCI-004066</ident><fixtext fixref="F-55599r814058_fix">Set minimum number of numeric characters to 1 by typing "userpolicy --edit --digit 1".</fixtext><fix id="F-55599r814058_fix" /><check system="C-55649r814057_chk"><check-content-ref href="HPE_Nimble_Storage_Array_NDM_STIG.xml" name="M" /><check-content>Type "userpolicy --info" and review output for line: "Minimum Digits". If it is 1 or more, this is not a finding.</check-content></check></Rule></Group><Group id="V-252194"><title>SRG-APP-000169-NDM-000257</title><description>&lt;GroupDescription&gt;&lt;/GroupDescription&gt;</description><Rule id="SV-252194r997777_rule" weight="10.0" severity="medium"><version>HPEN-NM-000090</version><title>The HPE Nimble must enforce password complexity by requiring that at least one special character be used.</title><description>&lt;VulnDiscussion&gt;Use of a complex password helps to increase the time and resources required to compromise the password. Password complexity, or strength, is a measure of the effectiveness of a password in resisting attempts at guessing and brute-force attacks.

Password complexity is one factor of several that determine how long it takes to crack a password. The more complex the password, the greater the number of possible combinations that need to be tested before the password is compromised.

Multifactor authentication (MFA) is required for all administrative and user accounts on network devices, except for an account of last resort and (where applicable) a root account. Passwords should only be used when MFA using PKI is not available, and for the account of last resort and root account.&lt;/VulnDiscussion&gt;&lt;FalsePositives&gt;&lt;/FalsePositives&gt;&lt;FalseNegatives&gt;&lt;/FalseNegatives&gt;&lt;Documentable&gt;false&lt;/Documentable&gt;&lt;Mitigations&gt;&lt;/Mitigations&gt;&lt;SeverityOverrideGuidance&gt;&lt;/SeverityOverrideGuidance&gt;&lt;PotentialImpacts&gt;&lt;/PotentialImpacts&gt;&lt;ThirdPartyTools&gt;&lt;/ThirdPartyTools&gt;&lt;MitigationControl&gt;&lt;/MitigationControl&gt;&lt;Responsibility&gt;&lt;/Responsibility&gt;&lt;IAControls&gt;&lt;/IAControls&gt;</description><reference><dc:title>DPMS Target HPE Nimble Storage Array NDM</dc:title><dc:publisher>DISA</dc:publisher><dc:type>DPMS Target</dc:type><dc:subject>HPE Nimble Storage Array NDM</dc:subject><dc:identifier>5460</dc:identifier></reference><ident system="http://cyber.mil/cci">CCI-004066</ident><fixtext fixref="F-55600r814061_fix">Set minimum number of special characters to 1 by typing "userpolicy --edit --special 1".</fixtext><fix id="F-55600r814061_fix" /><check system="C-55650r997776_chk"><check-content-ref href="HPE_Nimble_Storage_Array_NDM_STIG.xml" name="M" /><check-content>Type "userpolicy --info" and review output for line: "Minimum Special characters". 

If it is 1 or more, this is not a finding.</check-content></check></Rule></Group><Group id="V-252195"><title>SRG-APP-000170-NDM-000329</title><description>&lt;GroupDescription&gt;&lt;/GroupDescription&gt;</description><Rule id="SV-252195r997779_rule" weight="10.0" severity="medium"><version>HPEN-NM-000100</version><title>The HPE Nimble must require that when a password is changed, the characters are changed in at least eight of the positions within the password.</title><description>&lt;VulnDiscussion&gt;If the application allows the user to consecutively reuse extensive portions of passwords, this increases the chances of password compromise by increasing the window of opportunity for attempts at guessing and brute-force attacks.

The number of changed characters refers to the number of changes required with respect to the total number of positions in the current password. In other words, characters may be the same within the two passwords; however, the positions of the like characters must be different.

Multifactor authentication (MFA) is required for all administrative and user accounts on network devices, except for an account of last resort and (where applicable) a root account. Passwords should only be used when MFA using PKI is not available, and for the account of last resort and root account.&lt;/VulnDiscussion&gt;&lt;FalsePositives&gt;&lt;/FalsePositives&gt;&lt;FalseNegatives&gt;&lt;/FalseNegatives&gt;&lt;Documentable&gt;false&lt;/Documentable&gt;&lt;Mitigations&gt;&lt;/Mitigations&gt;&lt;SeverityOverrideGuidance&gt;&lt;/SeverityOverrideGuidance&gt;&lt;PotentialImpacts&gt;&lt;/PotentialImpacts&gt;&lt;ThirdPartyTools&gt;&lt;/ThirdPartyTools&gt;&lt;MitigationControl&gt;&lt;/MitigationControl&gt;&lt;Responsibility&gt;&lt;/Responsibility&gt;&lt;IAControls&gt;&lt;/IAControls&gt;</description><reference><dc:title>DPMS Target HPE Nimble Storage Array NDM</dc:title><dc:publisher>DISA</dc:publisher><dc:type>DPMS Target</dc:type><dc:subject>HPE Nimble Storage Array NDM</dc:subject><dc:identifier>5460</dc:identifier></reference><ident system="http://cyber.mil/cci">CCI-004066</ident><fixtext fixref="F-55601r814064_fix">Set minimum number of characters changed from previous password to 8 by typing "userpolicy --edit --previous_diff 8".</fixtext><fix id="F-55601r814064_fix" /><check system="C-55651r997778_chk"><check-content-ref href="HPE_Nimble_Storage_Array_NDM_STIG.xml" name="M" /><check-content>Type "userpolicy --info" and review output for line: "Minimum number of characters change from previous password". 

If it is 8 or more, this is not a finding.</check-content></check></Rule></Group><Group id="V-252196"><title>SRG-APP-000190-NDM-000267</title><description>&lt;GroupDescription&gt;&lt;/GroupDescription&gt;</description><Rule id="SV-252196r961068_rule" weight="10.0" severity="high"><version>HPEN-NM-000110</version><title>The HPE Nimble must terminate all network connections associated with a device management session at the end of the session, or the session must be terminated after 10 minutes of inactivity.</title><description>&lt;VulnDiscussion&gt;Terminating an idle session within a short time period reduces the window of opportunity for unauthorized personnel to take control of a management session enabled on the console or console port that has been left unattended. In addition, quickly terminating an idle session will also free up resources committed by the managed network element. 

Terminating network connections associated with communications sessions includes, for example, de-allocating associated TCP/IP address/port pairs at the operating system level, or de-allocating networking assignments at the application level if multiple application sessions are using a single, operating system-level network connection. This does not mean that the device terminates all sessions or network access; it only ends the inactive session and releases the resources associated with that session.&lt;/VulnDiscussion&gt;&lt;FalsePositives&gt;&lt;/FalsePositives&gt;&lt;FalseNegatives&gt;&lt;/FalseNegatives&gt;&lt;Documentable&gt;false&lt;/Documentable&gt;&lt;Mitigations&gt;&lt;/Mitigations&gt;&lt;SeverityOverrideGuidance&gt;&lt;/SeverityOverrideGuidance&gt;&lt;PotentialImpacts&gt;&lt;/PotentialImpacts&gt;&lt;ThirdPartyTools&gt;&lt;/ThirdPartyTools&gt;&lt;MitigationControl&gt;&lt;/MitigationControl&gt;&lt;Responsibility&gt;&lt;/Responsibility&gt;&lt;IAControls&gt;&lt;/IAControls&gt;</description><reference><dc:title>DPMS Target HPE Nimble Storage Array NDM</dc:title><dc:publisher>DISA</dc:publisher><dc:type>DPMS Target</dc:type><dc:subject>HPE Nimble Storage Array NDM</dc:subject><dc:identifier>5460</dc:identifier></reference><ident system="http://cyber.mil/cci">CCI-001133</ident><fixtext fixref="F-55602r814067_fix">To set the inactivity timeout to 10 minutes, type "group --edit --inactivity_timeout 10".</fixtext><fix id="F-55602r814067_fix" /><check system="C-55652r814066_chk"><check-content-ref href="HPE_Nimble_Storage_Array_NDM_STIG.xml" name="M" /><check-content>Type "group --info | grep inactivity" and review the timeout value. If it is greater than 10 minutes, this is a finding.</check-content></check></Rule></Group><Group id="V-252197"><title>SRG-APP-000516-NDM-000336</title><description>&lt;GroupDescription&gt;&lt;/GroupDescription&gt;</description><Rule id="SV-252197r997780_rule" weight="10.0" severity="high"><version>HPEN-NM-000120</version><title>The HPE Nimble must be configured to use an authentication server for the purpose of authenticating users prior to granting administrative access.</title><description>&lt;VulnDiscussion&gt;Centralized management of authentication settings increases the security of remote and nonlocal access methods. This control is particularly important protection against the insider threat. With robust centralized management, audit records for administrator account access to the organization's network devices can be more readily analyzed for trends and anomalies. The alternative method of defining administrator accounts on each device exposes the device configuration to remote access authentication attacks and system administrators with multiple authenticators for each network device.&lt;/VulnDiscussion&gt;&lt;FalsePositives&gt;&lt;/FalsePositives&gt;&lt;FalseNegatives&gt;&lt;/FalseNegatives&gt;&lt;Documentable&gt;false&lt;/Documentable&gt;&lt;Mitigations&gt;&lt;/Mitigations&gt;&lt;SeverityOverrideGuidance&gt;&lt;/SeverityOverrideGuidance&gt;&lt;PotentialImpacts&gt;&lt;/PotentialImpacts&gt;&lt;ThirdPartyTools&gt;&lt;/ThirdPartyTools&gt;&lt;MitigationControl&gt;&lt;/MitigationControl&gt;&lt;Responsibility&gt;&lt;/Responsibility&gt;&lt;IAControls&gt;&lt;/IAControls&gt;</description><reference><dc:title>DPMS Target HPE Nimble Storage Array NDM</dc:title><dc:publisher>DISA</dc:publisher><dc:type>DPMS Target</dc:type><dc:subject>HPE Nimble Storage Array NDM</dc:subject><dc:identifier>5460</dc:identifier></reference><ident system="http://cyber.mil/cci">CCI-000366</ident><ident system="http://cyber.mil/cci">CCI-000370</ident><fixtext fixref="F-55603r814070_fix">To configure AD, run the following commands: 

"userauth --join &lt;domain&gt; --domain_user administrator" and enter the domain administrator password to join &lt;domain&gt;. 

"userauth --list" will show the domain and its status. 

To create a mapping between an AD group and one of the four device RBAC roles, run the following command: 

"userauth --add_group &lt;domain_group&gt; --domain &lt;domain&gt; --role {administrator|poweruser|operator|guest}"

This command allows any member of &lt;domain_group&gt; in &lt;domain&gt; AD domain to log in to the device with one of the selected roles. 

To display the group to role mappings, run "userauth --list_group --domain &lt;domain&gt;".</fixtext><fix id="F-55603r814070_fix" /><check system="C-55653r997780_chk"><check-content-ref href="HPE_Nimble_Storage_Array_NDM_STIG.xml" name="M" /><check-content>Run the command "userauth --list". 

If the output is "No domains configured", this is a finding.</check-content></check></Rule></Group><Group id="V-252198"><title>SRG-APP-000516-NDM-000344</title><description>&lt;GroupDescription&gt;&lt;/GroupDescription&gt;</description><Rule id="SV-252198r1001013_rule" weight="10.0" severity="medium"><version>HPEN-NM-000130</version><title>The HPE Nimble must obtain its public key certificates from an appropriate certificate policy through an approved service provider.</title><description>&lt;VulnDiscussion&gt;For user certificates, each organization obtains certificates from an approved, shared service provider, as required by OMB policy. For federal agencies operating a legacy public key infrastructure cross-certified with the Federal Bridge Certification Authority at medium assurance or higher, this Certification Authority (CA) will suffice.&lt;/VulnDiscussion&gt;&lt;FalsePositives&gt;&lt;/FalsePositives&gt;&lt;FalseNegatives&gt;&lt;/FalseNegatives&gt;&lt;Documentable&gt;false&lt;/Documentable&gt;&lt;Mitigations&gt;&lt;/Mitigations&gt;&lt;SeverityOverrideGuidance&gt;&lt;/SeverityOverrideGuidance&gt;&lt;PotentialImpacts&gt;&lt;/PotentialImpacts&gt;&lt;ThirdPartyTools&gt;&lt;/ThirdPartyTools&gt;&lt;MitigationControl&gt;&lt;/MitigationControl&gt;&lt;Responsibility&gt;&lt;/Responsibility&gt;&lt;IAControls&gt;&lt;/IAControls&gt;</description><reference><dc:title>DPMS Target HPE Nimble Storage Array NDM</dc:title><dc:publisher>DISA</dc:publisher><dc:type>DPMS Target</dc:type><dc:subject>HPE Nimble Storage Array NDM</dc:subject><dc:identifier>5460</dc:identifier></reference><ident system="http://cyber.mil/cci">CCI-000366</ident><ident system="http://cyber.mil/cci">CCI-001159</ident><ident system="http://cyber.mil/cci">CCI-004068</ident><fixtext fixref="F-55604r1001012_fix">To create and import a custom, CA-signed certificate, follow these steps:

1. Type "cert --gen custom-csr". Copy the displayed CSR and submit it to an appropriate signing authority.
2. Type "cert --import custom-ca" and paste the PEM-encoded CA certificate chain as input to the command.
3. Type "cert --import custom" and paste the signed certificate obtained from the CA.</fixtext><fix id="F-55604r1001012_fix" /><check system="C-55654r814072_chk"><check-content-ref href="HPE_Nimble_Storage_Array_NDM_STIG.xml" name="M" /><check-content>Type "cert --list". Review the output to confirm that the custom-ca and custom certificates exist, and the "Use" values specified for HTTPS and APIS are both "custom". If not, this is a finding.</check-content></check></Rule></Group><Group id="V-252199"><title>SRG-APP-000516-NDM-000350</title><description>&lt;GroupDescription&gt;&lt;/GroupDescription&gt;</description><Rule id="SV-252199r961863_rule" weight="10.0" severity="high"><version>HPEN-NM-000140</version><title>The HPE Nimble must forward critical alerts (at a minimum) to the system administrators and the ISSO.</title><description>&lt;VulnDiscussion&gt;Alerts are essential to let the system administrators and security personnel know immediately of issues which may impact the system or users. If these alerts are also sent to the syslog, this information is used to detect weaknesses in security that enable the network IA team to find and address these weaknesses before breaches can occur. Reviewing these logs, whether before or after a security breach, are important in showing whether someone is an internal employee or an outside threat.

Alerts are identifiers about specific actions that occur on a group of arrays.

There are several ways to meet this requirement. The Nimble can be configured for forward alerts from groups to a secure Simple Mail Transfer Protocol (SMTP) server. The alert may also be sent to the syslog server and the syslog configured to send the alert to the appropriate personnel.&lt;/VulnDiscussion&gt;&lt;FalsePositives&gt;&lt;/FalsePositives&gt;&lt;FalseNegatives&gt;&lt;/FalseNegatives&gt;&lt;Documentable&gt;false&lt;/Documentable&gt;&lt;Mitigations&gt;&lt;/Mitigations&gt;&lt;SeverityOverrideGuidance&gt;&lt;/SeverityOverrideGuidance&gt;&lt;PotentialImpacts&gt;&lt;/PotentialImpacts&gt;&lt;ThirdPartyTools&gt;&lt;/ThirdPartyTools&gt;&lt;MitigationControl&gt;&lt;/MitigationControl&gt;&lt;Responsibility&gt;&lt;/Responsibility&gt;&lt;IAControls&gt;&lt;/IAControls&gt;</description><reference><dc:title>DPMS Target HPE Nimble Storage Array NDM</dc:title><dc:publisher>DISA</dc:publisher><dc:type>DPMS Target</dc:type><dc:subject>HPE Nimble Storage Array NDM</dc:subject><dc:identifier>5460</dc:identifier></reference><ident system="http://cyber.mil/cci">CCI-002605</ident><fixtext fixref="F-55605r814076_fix">Configure email alerts (optional)
group--edit [--smtp_serversmtp server] [--smtp_portsmtp port] [--smtp_auth {yes | no}] [--smtp_username username]
--smtp_encrypt_type  ssl [--smtp_from_addr email addr] [--smtp_to_addr email addr]
[--send_event_data {yes | no}] [--alert_level {info | warning | critical}]

To specify and enable logging of alerts, type "group --edit --syslog_enabled yes --syslog_server &lt;server&gt; --syslog_port &lt;port&gt;", where &lt;server&gt; and &lt;port&gt; are the server DNS name or IP address, and &lt;port&gt; is the port to send syslog messages to.</fixtext><fix id="F-55605r814076_fix" /><check system="C-55655r814075_chk"><check-content-ref href="HPE_Nimble_Storage_Array_NDM_STIG.xml" name="M" /><check-content>Type "group --info | grep -i syslog" and review the output lines. The "Syslogd enabled" value should be "Yes", and the "Syslogd server" and "Syslogd port" values should contain the correct syslog server and port values. If not, this is a finding.</check-content></check></Rule></Group><Group id="V-252200"><title>SRG-APP-000516-NDM-000351</title><description>&lt;GroupDescription&gt;&lt;/GroupDescription&gt;</description><Rule id="SV-252200r961863_rule" weight="10.0" severity="high"><version>HPEN-NM-000150</version><title>The HPE Nimble must be running an operating system release that is currently supported by the vendor.</title><description>&lt;VulnDiscussion&gt;Network devices running an unsupported operating system lack current security fixes required to mitigate the risks associated with recent vulnerabilities.&lt;/VulnDiscussion&gt;&lt;FalsePositives&gt;&lt;/FalsePositives&gt;&lt;FalseNegatives&gt;&lt;/FalseNegatives&gt;&lt;Documentable&gt;false&lt;/Documentable&gt;&lt;Mitigations&gt;&lt;/Mitigations&gt;&lt;SeverityOverrideGuidance&gt;&lt;/SeverityOverrideGuidance&gt;&lt;PotentialImpacts&gt;&lt;/PotentialImpacts&gt;&lt;ThirdPartyTools&gt;&lt;/ThirdPartyTools&gt;&lt;MitigationControl&gt;&lt;/MitigationControl&gt;&lt;Responsibility&gt;&lt;/Responsibility&gt;&lt;IAControls&gt;&lt;/IAControls&gt;</description><reference><dc:title>DPMS Target HPE Nimble Storage Array NDM</dc:title><dc:publisher>DISA</dc:publisher><dc:type>DPMS Target</dc:type><dc:subject>HPE Nimble Storage Array NDM</dc:subject><dc:identifier>5460</dc:identifier></reference><ident system="http://cyber.mil/cci">CCI-000366</ident><fixtext fixref="F-55606r817259_fix">To upgrade to a supported version, type "software --list". 

Select the last version listed with at least number 5.2.x.

Type "software --download &lt;version&lt;, where &lt;version&lt; is the version selected. 

After the download is complete, type "software --update" and accept the terms and conditions.

The update progress can be monitored using "software --update_status". Once finished, use "version" to verify that the new software has been installed correctly.</fixtext><fix id="F-55606r817259_fix" /><check system="C-55656r817263_chk"><check-content-ref href="HPE_Nimble_Storage_Array_NDM_STIG.xml" name="M" /><check-content>Log in to https://infosight.hpe.com using HPE Passport credentials.

Click on the Main Menu icon in the upper left corner. Select Resources &gt;&gt; Alletra 6000, Nimble Storage &gt;&gt; Documentation.

Determine current array OS version using User Interface (UI).

Refer to Nimble "GUI Administration Guide" Version: NOS 5.2.x, section "Hardware and Software Updates", subsection "Find the Array OS Version" to determine the version of the OS that is currently in use by the array.

Determine available array OS update versions using InfoSight.

*Any version of Nimble OS software greater than the "current array OS version" might qualify to be an update to the "current array OS version". The option exists to bypass several releases to come up to the newest available release depending upon requirements.

*Call HPE Support with any questions about choosing an appropriate release or the process to upgrade a release.

- Follow above instructions to log in to HPE InfoSight.
- Choose a "Software Version" from the left panel equal to or greater than the current array OS version. For example, 5.2.x would be equal to the current version and 5.3.x would be greater than the current version.
- Open the Release Notes document for each version that is greater than the current array OS version. For example, "NimbleOS Release Notes Version NOS 5.2.1.700" is greater than NOS 5.2.1.600.
- Review the entire release notes document.
- Determine if this is a release should be used for an upgrade.
- Confirm that the "From Version", for example 5.2.1.600, can be used to go to the version for which the release notes are applicable; for example 5.2.1.700.

If the operating system version is no longer supported by the vendor, this is a finding.</check-content></check></Rule></Group><Group id="V-252201"><title>SRG-APP-000001-NDM-000200</title><description>&lt;GroupDescription&gt;&lt;/GroupDescription&gt;</description><Rule id="SV-252201r960735_rule" weight="10.0" severity="medium"><version>HPEN-NM-000160</version><title>The HPE Nimble must limit the number of concurrent sessions to an organization-defined number for each administrator account.</title><description>&lt;VulnDiscussion&gt;Device management includes the ability to control the number of administrators and management sessions that manage a device. Limiting the number of allowed administrators and sessions per administrator based on account type, role, or access type is helpful in limiting risks related to DoS attacks.

This requirement addresses concurrent sessions for administrative accounts and does not address concurrent sessions by a single administrator via multiple administrative accounts. The maximum number of concurrent sessions should be defined based upon mission needs and the operational environment for each system. At a minimum, limits must be set for SSH, HTTPS, account of last resort, and root account sessions.

The product contains the ability to limit the number of total sessions, but not by individual user or user type.&lt;/VulnDiscussion&gt;&lt;FalsePositives&gt;&lt;/FalsePositives&gt;&lt;FalseNegatives&gt;&lt;/FalseNegatives&gt;&lt;Documentable&gt;false&lt;/Documentable&gt;&lt;Mitigations&gt;&lt;/Mitigations&gt;&lt;SeverityOverrideGuidance&gt;&lt;/SeverityOverrideGuidance&gt;&lt;PotentialImpacts&gt;&lt;/PotentialImpacts&gt;&lt;ThirdPartyTools&gt;&lt;/ThirdPartyTools&gt;&lt;MitigationControl&gt;&lt;/MitigationControl&gt;&lt;Responsibility&gt;&lt;/Responsibility&gt;&lt;IAControls&gt;&lt;/IAControls&gt;</description><reference><dc:title>DPMS Target HPE Nimble Storage Array NDM</dc:title><dc:publisher>DISA</dc:publisher><dc:type>DPMS Target</dc:type><dc:subject>HPE Nimble Storage Array NDM</dc:subject><dc:identifier>5460</dc:identifier></reference><ident system="http://cyber.mil/cci">CCI-000054</ident><fixtext fixref="F-55607r814082_fix">On the Administration &gt;&gt; Security Policies page in the UI, uncheck "Unlimited" for the number of sessions and specify a new limit.</fixtext><fix id="F-55607r814082_fix" /><check system="C-55657r814081_chk"><check-content-ref href="HPE_Nimble_Storage_Array_NDM_STIG.xml" name="M" /><check-content>Verify that in Administration &gt;&gt; Security Policies page in the UI, "Unlimited" for the number of sessions is unchecked and a limit is specified.

If a limit is not specified, this is a finding.</check-content></check></Rule></Group><Group id="V-252202"><title>SRG-APP-000373-NDM-000298</title><description>&lt;GroupDescription&gt;&lt;/GroupDescription&gt;</description><Rule id="SV-252202r1001011_rule" weight="10.0" severity="medium"><version>HPEN-NM-000271</version><title>The HPE Nimble must be configured to synchronize internal information system clocks using an authoritative time source.</title><description>&lt;VulnDiscussion&gt;The loss of connectivity to a particular authoritative time source will result in the loss of time synchronization (free-run mode) and increasingly inaccurate time stamps on audit events and other functions. 

Multiple time sources provide redundancy by including a secondary source. Time synchronization is usually a hierarchy; clients synchronize time to a local source while that source synchronizes its time to a more accurate source. The network device must utilize an authoritative time server and/or be configured to use redundant authoritative time sources. This requirement is related to the comparison done in CCI-001891.

DOD-approved solutions consist of a combination of a primary and secondary time source using a combination or multiple instances of the following: a time server designated for the appropriate DOD network (NIPRNet/SIPRNet); United States Naval Observatory (USNO) time servers; and/or the Global Positioning System (GPS). The secondary time source must be located in a different geographic region than the primary time source.&lt;/VulnDiscussion&gt;&lt;FalsePositives&gt;&lt;/FalsePositives&gt;&lt;FalseNegatives&gt;&lt;/FalseNegatives&gt;&lt;Documentable&gt;false&lt;/Documentable&gt;&lt;Mitigations&gt;&lt;/Mitigations&gt;&lt;SeverityOverrideGuidance&gt;&lt;/SeverityOverrideGuidance&gt;&lt;PotentialImpacts&gt;&lt;/PotentialImpacts&gt;&lt;ThirdPartyTools&gt;&lt;/ThirdPartyTools&gt;&lt;MitigationControl&gt;&lt;/MitigationControl&gt;&lt;Responsibility&gt;&lt;/Responsibility&gt;&lt;IAControls&gt;&lt;/IAControls&gt;</description><reference><dc:title>DPMS Target HPE Nimble Storage Array NDM</dc:title><dc:publisher>DISA</dc:publisher><dc:type>DPMS Target</dc:type><dc:subject>HPE Nimble Storage Array NDM</dc:subject><dc:identifier>5460</dc:identifier></reference><ident system="http://cyber.mil/cci">CCI-000366</ident><ident system="http://cyber.mil/cci">CCI-004928</ident><ident system="http://cyber.mil/cci">CCI-004922</ident><fixtext fixref="F-55608r814085_fix">Configure the HPE Nimble Array to synchronize internal information system clocks with the primary time source:
 
ArrayA:/# group --edit --ntpserver &lt;ip_address_of_ntp_server&gt;
  
There would be a finding here given we only support primary ntp source.</fixtext><fix id="F-55608r814085_fix" /><check system="C-55658r851190_chk"><check-content-ref href="HPE_Nimble_Storage_Array_NDM_STIG.xml" name="M" /><check-content>To Determine if the HPE Nimble Array is configured to synchronize internal information system clocks with the primary NTP server:
 
ArrayA:/# ntpq
ntpq&gt; sysinfo
associd=0 status=0615 leap_none, sync_ntp, 1 event, clock_sync,
system peer: cxo-nmbldc-01.nimblestorage.com:123
system peer mode: client
leap indicator: 00
stratum: 4
log2 precision: -24
root delay: 37.321
root dispersion: 265.639
reference ID: 10.157.24.95
reference time: e509b178.9f897118 Thu, Oct 7 2021 11:48:40.623
system jitter: 0.000000
clock jitter: 0.673
clock wander: 0.003
broadcast delay: -50.000
symm. auth. delay: 0.000

If the HPE Storage Array is not configured to synchronize internal information system clocks with the primary and secondary time sources located in different geographic regions using redundant authoritative time sources, this is a finding.</check-content></check></Rule></Group><Group id="V-252203"><title>SRG-APP-000515-NDM-000325</title><description>&lt;GroupDescription&gt;&lt;/GroupDescription&gt;</description><Rule id="SV-252203r961860_rule" weight="10.0" severity="medium"><version>HPEN-NM-000300</version><title>The HPE Nimble must configure a syslog server onto a different system or media than the system being audited.</title><description>&lt;VulnDiscussion&gt;Information stored in one location is vulnerable to accidental or incidental deletion or alteration.

UDP is used to communicate between the array group and the syslog server (SSL is not supported at this time). This is an issue because DoD requires the use of TCP. One syslog message is generated for each alert and audit log message. Alert severity types include INFO, WARN, and ERROR.&lt;/VulnDiscussion&gt;&lt;FalsePositives&gt;&lt;/FalsePositives&gt;&lt;FalseNegatives&gt;&lt;/FalseNegatives&gt;&lt;Documentable&gt;false&lt;/Documentable&gt;&lt;Mitigations&gt;&lt;/Mitigations&gt;&lt;SeverityOverrideGuidance&gt;&lt;/SeverityOverrideGuidance&gt;&lt;PotentialImpacts&gt;&lt;/PotentialImpacts&gt;&lt;ThirdPartyTools&gt;&lt;/ThirdPartyTools&gt;&lt;MitigationControl&gt;&lt;/MitigationControl&gt;&lt;Responsibility&gt;&lt;/Responsibility&gt;&lt;IAControls&gt;&lt;/IAControls&gt;</description><reference><dc:title>DPMS Target HPE Nimble Storage Array NDM</dc:title><dc:publisher>DISA</dc:publisher><dc:type>DPMS Target</dc:type><dc:subject>HPE Nimble Storage Array NDM</dc:subject><dc:identifier>5460</dc:identifier></reference><ident system="http://cyber.mil/cci">CCI-001851</ident><fixtext fixref="F-55609r814088_fix">To specify and enable logging of alerts, type "group --edit --syslog_enabled yes --syslog_server &lt;server&gt; --syslog_port &lt;port&gt;", where &lt;server&gt; and &lt;port&gt; are the server DNS name or IP address, and &lt;port&gt; is the port to send syslog messages to.</fixtext><fix id="F-55609r814088_fix" /><check system="C-55659r814087_chk"><check-content-ref href="HPE_Nimble_Storage_Array_NDM_STIG.xml" name="M" /><check-content>Type "group --info | grep -i syslog" and review the output lines. The "Syslogd enabled" value should be "Yes", and the "Syslogd server" and "Syslogd port" values should contain the correct syslog server and port values. If not, this is a finding.</check-content></check></Rule></Group><Group id="V-252902"><title>SRG-APP-000142-NDM-000245</title><description>&lt;GroupDescription&gt;&lt;/GroupDescription&gt;</description><Rule id="SV-252902r960966_rule" weight="10.0" severity="medium"><version>HPEN-NM-000221</version><title>HPE Nimble must be configured to disable HPE InfoSight.</title><description>&lt;VulnDiscussion&gt;DoD requires that the Mission Owner uses only the cloud services offering listed in either the FedRAMP or DISA PA DoD Cloud Catalog to host Unclassified, public-releasable, DoD information.

HPE InfoSight data collection is disabled by default in the HPE Nimble. Users must not enable it.&lt;/VulnDiscussion&gt;&lt;FalsePositives&gt;&lt;/FalsePositives&gt;&lt;FalseNegatives&gt;&lt;/FalseNegatives&gt;&lt;Documentable&gt;false&lt;/Documentable&gt;&lt;Mitigations&gt;&lt;/Mitigations&gt;&lt;SeverityOverrideGuidance&gt;&lt;/SeverityOverrideGuidance&gt;&lt;PotentialImpacts&gt;&lt;/PotentialImpacts&gt;&lt;ThirdPartyTools&gt;&lt;/ThirdPartyTools&gt;&lt;MitigationControl&gt;&lt;/MitigationControl&gt;&lt;Responsibility&gt;&lt;/Responsibility&gt;&lt;IAControls&gt;&lt;/IAControls&gt;</description><reference><dc:title>DPMS Target HPE Nimble Storage Array NDM</dc:title><dc:publisher>DISA</dc:publisher><dc:type>DPMS Target</dc:type><dc:subject>HPE Nimble Storage Array NDM</dc:subject><dc:identifier>5460</dc:identifier></reference><ident system="http://cyber.mil/cci">CCI-000382</ident><fixtext fixref="F-56307r822431_fix">In HPE Nimble Storage arrays, data collection is disabled by default.

Navigate to Administration &gt;&gt; Alerts and Monitoring page of the storage array management interface. 

Uncheck the checkbox.</fixtext><fix id="F-56307r822431_fix" /><check system="C-56357r822430_chk"><check-content-ref href="HPE_Nimble_Storage_Array_NDM_STIG.xml" name="M" /><check-content>Navigate to Administration &gt;&gt; Alerts and Monitoring page of the storage array management interface. Verify the checkbox is not checked.

If HPE InfoSight is enabled, this is a finding.</check-content></check></Rule></Group><Group id="V-259800"><title>SRG-APP-000142-NDM-000245</title><description>&lt;GroupDescription&gt;&lt;/GroupDescription&gt;</description><Rule id="SV-259800r960966_rule" weight="10.0" severity="medium"><version>HPEN-NM-000222</version><title>HPE Nimble must not be configured to use "HPE Greenlake: Data Services Cloud Console".</title><description>&lt;VulnDiscussion&gt;DOD requires that the Mission Owner uses only the cloud services offering listed in either the FedRAMP or DISA PA DOD Cloud Catalog to host Unclassified, public-releasable, DOD information. Management by "HPE Greenlake: Data Services Cloud Console" is disabled by default for HPE Nimble and must not be enabled.&lt;/VulnDiscussion&gt;&lt;FalsePositives&gt;&lt;/FalsePositives&gt;&lt;FalseNegatives&gt;&lt;/FalseNegatives&gt;&lt;Documentable&gt;false&lt;/Documentable&gt;&lt;Mitigations&gt;&lt;/Mitigations&gt;&lt;SeverityOverrideGuidance&gt;&lt;/SeverityOverrideGuidance&gt;&lt;PotentialImpacts&gt;&lt;/PotentialImpacts&gt;&lt;ThirdPartyTools&gt;&lt;/ThirdPartyTools&gt;&lt;MitigationControl&gt;&lt;/MitigationControl&gt;&lt;Responsibility&gt;&lt;/Responsibility&gt;&lt;IAControls&gt;&lt;/IAControls&gt;</description><reference><dc:title>DPMS Target HPE Nimble Storage Array NDM</dc:title><dc:publisher>DISA</dc:publisher><dc:type>DPMS Target</dc:type><dc:subject>HPE Nimble Storage Array NDM</dc:subject><dc:identifier>5460</dc:identifier></reference><ident system="http://cyber.mil/cci">CCI-000382</ident><fixtext fixref="F-63438r944372_fix">Disable cloud console
Navigate to Administration &gt;&gt; Customization &gt;&gt; Data Services Cloud Console.

Uncheck "Connect to Data Services Cloud Console".</fixtext><fix id="F-63438r944372_fix" /><check system="C-63531r944371_chk"><check-content-ref href="HPE_Nimble_Storage_Array_NDM_STIG.xml" name="M" /><check-content>Ensure cloud console is disabled.
Type "group --info |grep -i "cloud enabled". 

If the response is "cloud enabled: Yes", this is a finding.</check-content></check></Rule></Group><Group id="V-259801"><title>SRG-APP-000142-NDM-000245</title><description>&lt;GroupDescription&gt;&lt;/GroupDescription&gt;</description><Rule id="SV-259801r960966_rule" weight="10.0" severity="medium"><version>HPEN-NM-000223</version><title>HPE Alletra 5000/6000 must be configured to disable management by "HPE Greenlake: Data Services Cloud Console".</title><description>&lt;VulnDiscussion&gt;DOD requires that the Mission Owner uses only the cloud services offering listed in either the FedRAMP or DISA PA DOD Cloud Catalog to host Unclassified, public-releasable, DOD information.  Management by "HPE Greenlake: Data Services Cloud Console" is enabled by default for HPE Alletra and must be disabled.&lt;/VulnDiscussion&gt;&lt;FalsePositives&gt;&lt;/FalsePositives&gt;&lt;FalseNegatives&gt;&lt;/FalseNegatives&gt;&lt;Documentable&gt;false&lt;/Documentable&gt;&lt;Mitigations&gt;&lt;/Mitigations&gt;&lt;SeverityOverrideGuidance&gt;&lt;/SeverityOverrideGuidance&gt;&lt;PotentialImpacts&gt;&lt;/PotentialImpacts&gt;&lt;ThirdPartyTools&gt;&lt;/ThirdPartyTools&gt;&lt;MitigationControl&gt;&lt;/MitigationControl&gt;&lt;Responsibility&gt;&lt;/Responsibility&gt;&lt;IAControls&gt;&lt;/IAControls&gt;</description><reference><dc:title>DPMS Target HPE Nimble Storage Array NDM</dc:title><dc:publisher>DISA</dc:publisher><dc:type>DPMS Target</dc:type><dc:subject>HPE Nimble Storage Array NDM</dc:subject><dc:identifier>5460</dc:identifier></reference><ident system="http://cyber.mil/cci">CCI-000382</ident><fixtext fixref="F-63439r944975_fix">Disable Alletra cloud console.
Type "group --edit --cloud_management off".

If the response is as follows, contact your HPE sales account team to request approval:

"ERROR: Failed to change system configuration. Updating cloud management is not permitted."</fixtext><fix id="F-63439r944975_fix" /><check system="C-63532r944376_chk"><check-content-ref href="HPE_Nimble_Storage_Array_NDM_STIG.xml" name="M" /><check-content>Verify cloud console is disabled.
Type "group --info |grep -i "cloud enabled". 

If the response is "cloud enabled: Yes", this is a finding.</check-content></check></Rule></Group></Benchmark>