<?xml version="1.0" encoding="utf-8"?><?xml-stylesheet type='text/xsl' href='STIG_unclass.xsl'?><Benchmark xmlns:dc="http://purl.org/dc/elements/1.1/" xmlns:xsi="http://www.w3.org/2001/XMLSchema-instance" xmlns:cpe="http://cpe.mitre.org/language/2.0" xmlns:xhtml="http://www.w3.org/1999/xhtml" xmlns:dsig="http://www.w3.org/2000/09/xmldsig#" xsi:schemaLocation="http://checklists.nist.gov/xccdf/1.1 http://nvd.nist.gov/schema/xccdf-1.1.4.xsd http://cpe.mitre.org/dictionary/2.0 http://cpe.mitre.org/files/cpe-dictionary_2.1.xsd" id="zOS_NetView_for_ACF2_STIG" xml:lang="en" xmlns="http://checklists.nist.gov/xccdf/1.1"><status date="2022-10-06">accepted</status><title>z/OS NetView for ACF2 Security Technical Implementation Guide</title><description>This Security Technical Implementation Guide is published as a tool to improve the security of Department of Defense (DoD) information systems. The requirements are derived from the National Institute of Standards and Technology (NIST) 800-53 and related documents. Comments or proposed revisions to this document should be sent via email to the following address: disa.stig_spt@mail.mil.</description><notice id="terms-of-use" xml:lang="en"></notice><front-matter xml:lang="en"></front-matter><rear-matter xml:lang="en"></rear-matter><reference href="https://cyber.mil"><dc:publisher>DISA</dc:publisher><dc:source>STIG.DOD.MIL</dc:source></reference><plain-text id="release-info">Release: 9 Benchmark Date: 23 Nov 2022</plain-text><plain-text id="generator">3.4.0.34222</plain-text><plain-text id="conventionsVersion">1.10.0</plain-text><version>6</version><Profile id="MAC-1_Classified"><title>I - Mission Critical Classified</title><description>&lt;ProfileDescription&gt;&lt;/ProfileDescription&gt;</description><select idref="V-224327" selected="true" /><select idref="V-224328" selected="true" /><select idref="V-224329" selected="true" /><select idref="V-224330" selected="true" /><select idref="V-224331" selected="true" /></Profile><Profile id="MAC-1_Public"><title>I - Mission Critical Public</title><description>&lt;ProfileDescription&gt;&lt;/ProfileDescription&gt;</description><select idref="V-224327" selected="true" /><select idref="V-224328" selected="true" /><select idref="V-224329" selected="true" /><select idref="V-224330" selected="true" /><select idref="V-224331" selected="true" /></Profile><Profile id="MAC-1_Sensitive"><title>I - Mission Critical Sensitive</title><description>&lt;ProfileDescription&gt;&lt;/ProfileDescription&gt;</description><select idref="V-224327" selected="true" /><select idref="V-224328" selected="true" /><select idref="V-224329" selected="true" /><select idref="V-224330" selected="true" /><select idref="V-224331" selected="true" /></Profile><Profile id="MAC-2_Classified"><title>II - Mission Support Classified</title><description>&lt;ProfileDescription&gt;&lt;/ProfileDescription&gt;</description><select idref="V-224327" selected="true" /><select idref="V-224328" selected="true" /><select idref="V-224329" selected="true" /><select idref="V-224330" selected="true" /><select idref="V-224331" selected="true" /></Profile><Profile id="MAC-2_Public"><title>II - Mission Support Public</title><description>&lt;ProfileDescription&gt;&lt;/ProfileDescription&gt;</description><select idref="V-224327" selected="true" /><select idref="V-224328" selected="true" /><select idref="V-224329" selected="true" /><select idref="V-224330" selected="true" /><select idref="V-224331" selected="true" /></Profile><Profile id="MAC-2_Sensitive"><title>II - Mission Support Sensitive</title><description>&lt;ProfileDescription&gt;&lt;/ProfileDescription&gt;</description><select idref="V-224327" selected="true" /><select idref="V-224328" selected="true" /><select idref="V-224329" selected="true" /><select idref="V-224330" selected="true" /><select idref="V-224331" selected="true" /></Profile><Profile id="MAC-3_Classified"><title>III - Administrative Classified</title><description>&lt;ProfileDescription&gt;&lt;/ProfileDescription&gt;</description><select idref="V-224327" selected="true" /><select idref="V-224328" selected="true" /><select idref="V-224329" selected="true" /><select idref="V-224330" selected="true" /><select idref="V-224331" selected="true" /></Profile><Profile id="MAC-3_Public"><title>III - Administrative Public</title><description>&lt;ProfileDescription&gt;&lt;/ProfileDescription&gt;</description><select idref="V-224327" selected="true" /><select idref="V-224328" selected="true" /><select idref="V-224329" selected="true" /><select idref="V-224330" selected="true" /><select idref="V-224331" selected="true" /></Profile><Profile id="MAC-3_Sensitive"><title>III - Administrative Sensitive</title><description>&lt;ProfileDescription&gt;&lt;/ProfileDescription&gt;</description><select idref="V-224327" selected="true" /><select idref="V-224328" selected="true" /><select idref="V-224329" selected="true" /><select idref="V-224330" selected="true" /><select idref="V-224331" selected="true" /></Profile><Group id="V-224327"><title>SRG-OS-000018</title><description>&lt;GroupDescription&gt;&lt;/GroupDescription&gt;</description><Rule id="SV-224327r868218_rule" weight="10.0" severity="medium"><version>ZNET0040</version><title>NetView configuration/parameter values must be specified properly.</title><description>&lt;VulnDiscussion&gt;NetView configuration/parameters control the security and operational characteristics of products. If these parameter values are improperly specified, security and operational controls may be weakened. This exposure may threaten the availability of the product applications, and compromise the confidentiality of customer data.&lt;/VulnDiscussion&gt;&lt;FalsePositives&gt;&lt;/FalsePositives&gt;&lt;FalseNegatives&gt;&lt;/FalseNegatives&gt;&lt;Documentable&gt;false&lt;/Documentable&gt;&lt;Mitigations&gt;&lt;/Mitigations&gt;&lt;SeverityOverrideGuidance&gt;&lt;/SeverityOverrideGuidance&gt;&lt;PotentialImpacts&gt;&lt;/PotentialImpacts&gt;&lt;ThirdPartyTools&gt;&lt;/ThirdPartyTools&gt;&lt;MitigationControl&gt;&lt;/MitigationControl&gt;&lt;Responsibility&gt;&lt;/Responsibility&gt;&lt;IAControls&gt;&lt;/IAControls&gt;</description><reference><dc:title>DPMS Target zOS NetView for ACF2</dc:title><dc:publisher>DISA</dc:publisher><dc:type>DPMS Target</dc:type><dc:subject>zOS NetView for ACF2</dc:subject><dc:identifier>4126</dc:identifier></reference><ident system="http://cyber.mil/legacy">SV-28492</ident><ident system="http://cyber.mil/legacy">V-18014</ident><ident system="http://cyber.mil/cci">CCI-000035</ident><fixtext fixref="F-25992r868217_fix">The systems programmer and ISSO will review NetView configuration parameters and control options for compliance.

To ensure authentication of users to NetView, ensure that CxxSTYLE in the DSIPARM DD statement concatenation of the NetView CNMPROC STC procedure has the following initialization parameter(s) specified:

(Note: The data set identified above is an example of a possible installation. The data set is determined when the product is actually installed on a system through the product's installation guide and can be site specific.)

SECOPTS.OPERSEC=SAFCHECK|SAFDEF

When SECOPTS.OPERSEC=SAFCHECK is used, it specifies that operator identification and password or password phrase checking is performed using an SAF security product. The operator identifier must also be defined in DSIOPF, and other attributes given to the operator at logon are taken from the specified profile for the operator in DSIPRF.

Security access checks are checked against the authority of the operator that occur when an operator tries to access a data set that is protected in the DATASET class of an SAF product or an MVS system command that is protected in the OPERCMDS class of an SAF product.

When SECOPTS.OPERSEC=SAFDEF is used, it specifies that operator identification and password or password phrase checking is done using an SAF security product. Authority to log on as a NetView operator is controlled through the APPL class. The operator identifier must be authorized to the resource name in the APPL class which represents the NetView program.

The attributes given to the operator at logon are defined in the NETVIEW segment of the user profile for the operator in the SAF product. For more information, refer to IBM Tivoli NetView for z/OS Security Reference.

When SECOPTS.OPERSEC=SAFDEF is specified, any value for SECOPTS.CMDAUTH can be used.

Additional details can be obtained in the IBM Tivoli NetView for z/OS Security Reference.

SECOPTS.CMDAUTH=SAF.FAIL|SAF.table

When SECOPTS.CMDAUTH=SAF.table is used, table specifies the backup table to be used for immediate commands and when the SAF product cannot make a security decision. This can occur when:

___	No resource name is defined in the NETCMDS class which protects or authorizes this command.
___	The NETCMDS class is not active.
___	The security product is not active.

When SECOPTS.CMDAUTH=SAF.FAIL is used, command authority checking will fail if the SAF product can reach no decision.

Additional details can be obtained in the IBM Tivoli NetView for z/OS Administration Reference.</fixtext><fix id="F-25992r868217_fix" /><check system="C-26004r868216_chk"><check-content-ref href="zOS_NetView_for_ACF2_STIG.xml" name="M" /><check-content>Review the member CxxSTYLE in the DSIPARM DD statement concatenation of the NetView CNMPROC STC procedure.

Automated Analysis
Refer to the following report produced by the Data Set and Resource Data Collection:

- PDI(ZNET0040)

Ensure that all NetView configuration requirements are specified. If the following guidance is true, this is not a finding.

Keyword                         Value
SECOPTS.OPERSEC        SAFCHECK|SAFDEF
SECOPTS.CMDAUTH     SAF.FAIL|SAF.table</check-content></check></Rule></Group><Group id="V-224328"><title>SRG-OS-000080</title><description>&lt;GroupDescription&gt;&lt;/GroupDescription&gt;</description><Rule id="SV-224328r855183_rule" weight="10.0" severity="medium"><version>ZNETA000</version><title>NetView install data sets are not properly protected.</title><description>&lt;VulnDiscussion&gt;NetView Install data sets provide the capability to use privileged functions and/or have access to sensitive data. Failure to properly restrict access to their data sets could result in violating the integrity of the base product which could result in compromising the operating system or sensitive data.&lt;/VulnDiscussion&gt;&lt;FalsePositives&gt;&lt;/FalsePositives&gt;&lt;FalseNegatives&gt;&lt;/FalseNegatives&gt;&lt;Documentable&gt;false&lt;/Documentable&gt;&lt;Mitigations&gt;&lt;/Mitigations&gt;&lt;SeverityOverrideGuidance&gt;&lt;/SeverityOverrideGuidance&gt;&lt;PotentialImpacts&gt;&lt;/PotentialImpacts&gt;&lt;ThirdPartyTools&gt;&lt;/ThirdPartyTools&gt;&lt;MitigationControl&gt;&lt;/MitigationControl&gt;&lt;Responsibility&gt;&lt;/Responsibility&gt;&lt;IAControls&gt;&lt;/IAControls&gt;</description><reference><dc:title>DPMS Target zOS NetView for ACF2</dc:title><dc:publisher>DISA</dc:publisher><dc:type>DPMS Target</dc:type><dc:subject>zOS NetView for ACF2</dc:subject><dc:identifier>4126</dc:identifier></reference><ident system="http://cyber.mil/legacy">V-16932</ident><ident system="http://cyber.mil/legacy">SV-27308</ident><ident system="http://cyber.mil/cci">CCI-000213</ident><ident system="http://cyber.mil/cci">CCI-002234</ident><fixtext fixref="F-25993r520758_fix">The IAO will ensure that update and allocate access to NetView install data sets is limited to System Programmers only,  and all update and allocate access is logged. Auditors should have read access.

The installing Systems Programmer will identify and document the product data sets and categorize them according to who will have update and alter access and if required that all update and allocate access is logged. He will identify if any additional groups have update access for specific data sets, and once documented he will work with the IAO to see that they are properly restricted to the ACP (Access Control Program ) active on the system.

Data sets to be protected will be: 
SYS2.NETVIEW 
SYS2A.NETVIEW
SYS3.NETVIEW

The following commands are provided as a sample for implementing dataset controls: 

$KEY(SYS2)
NETVIEW.- UID(syspaudt) R(A) W(L) A(L) E(A)
NETVIEW.- UID(audtaudt) R(A) E(A)

$KEY(SYS2A)
NETVIEW.- UID(syspaudt) R(A) W(L) A(L) E(A)
NETVIEW.- UID(audtaudt) R(A) E(A)

$KEY(SYS3)
NETVIEW.- UID(syspaudt) R(A) W(L) A(L) E(A)
NETVIEW.- UID(audtaudt) R(A) E(A)
</fixtext><fix id="F-25993r520758_fix" /><check system="C-26005r520757_chk"><check-content-ref href="zOS_NetView_for_ACF2_STIG.xml" name="M" /><check-content>a)	Refer to the following report produced by the Data Set and Resource Data Collection:

-	SENSITVE.RPT(NETVRPT)

Automated Analysis
Refer to the following report produced by the Data Set and Resource Data Collection:

-	PDI(ZNET0000)

b)	Verify that access to the NetView install data sets are properly restricted.
 
___	The ACF2 data set rules for the data sets does not restrict UPDATE and/or ALTER access to systems programming personnel.

___	The ACF2 data set rules for the datasets does not specify that all (i.e., failures and successes) UPDATE and/or ALTER access will be logged.

c)	If all of the above are untrue, there is NO FINDING.

d)	If any of the above is true, this is a FINDING.</check-content></check></Rule></Group><Group id="V-224329"><title>SRG-OS-000259</title><description>&lt;GroupDescription&gt;&lt;/GroupDescription&gt;</description><Rule id="SV-224329r520762_rule" weight="10.0" severity="medium"><version>ZNETA001</version><title>NetView STC data sets are not properly protected.</title><description>&lt;VulnDiscussion&gt;NetView STC data sets provide the capability to use privileged functions and/or have access to sensitive data. Failure to properly restrict access to their data sets could result in violating the integrity of the base product which could result in compromising the operating system or sensitive data.&lt;/VulnDiscussion&gt;&lt;FalsePositives&gt;&lt;/FalsePositives&gt;&lt;FalseNegatives&gt;&lt;/FalseNegatives&gt;&lt;Documentable&gt;false&lt;/Documentable&gt;&lt;Mitigations&gt;&lt;/Mitigations&gt;&lt;SeverityOverrideGuidance&gt;&lt;/SeverityOverrideGuidance&gt;&lt;PotentialImpacts&gt;&lt;/PotentialImpacts&gt;&lt;ThirdPartyTools&gt;&lt;/ThirdPartyTools&gt;&lt;MitigationControl&gt;&lt;/MitigationControl&gt;&lt;Responsibility&gt;&lt;/Responsibility&gt;&lt;IAControls&gt;&lt;/IAControls&gt;</description><reference><dc:title>DPMS Target zOS NetView for ACF2</dc:title><dc:publisher>DISA</dc:publisher><dc:type>DPMS Target</dc:type><dc:subject>zOS NetView for ACF2</dc:subject><dc:identifier>4126</dc:identifier></reference><ident system="http://cyber.mil/legacy">SV-27316</ident><ident system="http://cyber.mil/legacy">V-17067</ident><ident system="http://cyber.mil/cci">CCI-001499</ident><fixtext fixref="F-25994r520761_fix">The IAO will ensure that update and allocate access to NetView STC data sets are limited to System Programmers and NetView STC only, unless a letter justifying access is filed with the IAO. Auditors should have READ access.

The installing Systems Programmer will identify and document the product data sets and categorize them according to who will have update and alter access and if required that all update and allocate access is logged. He will identify if any additional groups have update and/or alter access for specific data sets, and once documented he will work with the IAO to see that they are properly restricted to the ACP (Access Control Program) active on the system.

Data sets to be protected will be: 
SYS3.NETVIEW.&lt;SYSTEMID&gt;.- (VSAM data sets)

The following commands are provided as a sample for implementing dataset controls: 

SET RULE
$KEY(SYS3) 
NETVIEW.&lt;systemid&gt;.- UID(audtaudt) R(A) E(A)
NETVIEW.&lt;systemid&gt;.- UID(cnmproc) R(A) W(A) A(A) E(A)
NETVIEW.&lt;systemid&gt;.- UID(syspudt) R(A) W(A) A(A) E(A)
NETVIEW.&lt;systemid&gt;.- UID(tstcaudt) R(A) W(A) A(A) E(A)

The VSAM dataset required for greater than read access are:
SYS3.NETVIEW.&lt;systemid&gt;.AAUVSPL
SYS3.NETVIEW.&lt;systemid&gt;.AAUVSSL
SYS3.NETVIEW.&lt;systemid&gt;.BNJLGPR
SYS3.NETVIEW.&lt;systemid&gt;.BNJLGSE
SYS3.NETVIEW.&lt;systemid&gt;.BNJ36PR
SYS3.NETVIEW.&lt;systemid&gt;.BNJ36SE
SYS3.NETVIEW.&lt;systemid&gt;.DSIKPNL
SYS3.NETVIEW.&lt;systemid&gt;.DSILIST
SYS3.NETVIEW.&lt;systemid&gt;.DSILOGP
SYS3.NETVIEW.&lt;systemid&gt;.DSILOGS
SYS3.NETVIEW.&lt;systemid&gt;.DSISVRT
SYS3.NETVIEW.&lt;systemid&gt;.DSITRCP
SYS3.NETVIEW.&lt;systemid&gt;.DSITRCS
SYS3.NETVIEW.&lt;systemid&gt;.SDSIOPEN</fixtext><fix id="F-25994r520761_fix" /><check system="C-26006r520760_chk"><check-content-ref href="zOS_NetView_for_ACF2_STIG.xml" name="M" /><check-content>Refer to the following report produced by the Data Set and Resource Data Collection:

-	SENSITVE.RPT(NETVSTC)

Automated Analysis
Refer to the following report produced by the Data Set and Resource Data Collection:

-	PDI(ZNET0001)

Verify that acess to the NetView STC data sets are properly restricted.

___	The ACF2 data set rules for the data sets restricts READ access to auditors.

___	The ACF2 data set rules for the data sets restricts UPDATE and/or ALTER access to systems programming personnel.

___	The ACF2 data set rules for the data sets restrictS UPDATE and/or ALTER access to the product STC(s) and/or batch job(s).</check-content></check></Rule></Group><Group id="V-224330"><title>SRG-OS-000018</title><description>&lt;GroupDescription&gt;&lt;/GroupDescription&gt;</description><Rule id="SV-224330r868221_rule" weight="10.0" severity="medium"><version>ZNETA020</version><title>NetView resources must be properly defined and protected.</title><description>&lt;VulnDiscussion&gt;NetView can run with sensitive system privileges, and potentially can circumvent system controls. Failure to properly control access to product resources could result in the compromise of the operating system environment, and compromise the confidentiality of customer data. Many utilities assign resource controls that can be granted to system programmers only in greater than read authority. Resources are also granted to certain non systems personnel with read only authority.&lt;/VulnDiscussion&gt;&lt;FalsePositives&gt;&lt;/FalsePositives&gt;&lt;FalseNegatives&gt;&lt;/FalseNegatives&gt;&lt;Documentable&gt;false&lt;/Documentable&gt;&lt;Mitigations&gt;&lt;/Mitigations&gt;&lt;SeverityOverrideGuidance&gt;&lt;/SeverityOverrideGuidance&gt;&lt;PotentialImpacts&gt;&lt;/PotentialImpacts&gt;&lt;ThirdPartyTools&gt;&lt;/ThirdPartyTools&gt;&lt;MitigationControl&gt;&lt;/MitigationControl&gt;&lt;Responsibility&gt;&lt;/Responsibility&gt;&lt;IAControls&gt;&lt;/IAControls&gt;</description><reference><dc:title>DPMS Target zOS NetView for ACF2</dc:title><dc:publisher>DISA</dc:publisher><dc:type>DPMS Target</dc:type><dc:subject>zOS NetView for ACF2</dc:subject><dc:identifier>4126</dc:identifier></reference><ident system="http://cyber.mil/legacy">V-17947</ident><ident system="http://cyber.mil/legacy">SV-50924</ident><ident system="http://cyber.mil/cci">CCI-000035</ident><ident system="http://cyber.mil/cci">CCI-002234</ident><fixtext fixref="F-25995r868220_fix">The ISSO will work with the systems programmer to verify that the following are properly specified in the ACP.

(Note: The resource type, resources, and/or resource prefixes identified below are examples of a possible installation. The actual resource type, resources, and/or resource prefixes are determined when the product is actually installed on a system through the product's installation guide and can be site specific.)

When SECOPTS.OPERSEC=SAFPW is specified in ZNET0040, this is not applicable. This can be bypassed. 

Ensure that all NetView resources and/or generic equivalents are properly protected according to the requirements specified in the NetView Resources table in the z/OS STIG Addendum. Additional details can be obtained in the IBM Tivoli NetView for z/OS Security Reference.

Use the NetView Resources table in the z/OS STIG Addendum. This table lists the resources and access requirements for NetView, ensure the following guidelines are followed:

The ACF2 resources are defined with a default access of PREVENT.

The ACF2 resource access authorizations restrict access to the appropriate personnel.

The following commands are provided as a sample for implementing resource controls:

$KEY(netid) TYPE(typecode)
luname.ADDCMD.- UID(syspaudt) ALLOW
- UID(*) PREVENT</fixtext><fix id="F-25995r868220_fix" /><check system="C-26007r868219_chk"><check-content-ref href="zOS_NetView_for_ACF2_STIG.xml" name="M" /><check-content>Refer to the following report produced by the ACF2 Data Collection and Data Set and Resource Data Collection:

- SENSITVE.RPT(ZNET0020)
- ACF2CMDS.RPT(RESOURCE) - Alternate report

Automated Analysis
Refer to the following report produced by the Data Set and Resource Data Collection:

- PDI(ZNET0020)

When SECOPTS.OPERSEC=SAFPW is specified in ZNET0040, this is not applicable. 

Ensure that all NetView resources and/or generic equivalents are properly protected according to the requirements specified in the NetView Resources table in the z/OS STIG Addendum. If the following guidance is true, this is not a finding.

___ The ACF2 resources are defined with a default access of PREVENT.

___ The ACF2 resource access authorizations restrict access to the appropriate personnel.</check-content></check></Rule></Group><Group id="V-224331"><title>SRG-OS-000104</title><description>&lt;GroupDescription&gt;&lt;/GroupDescription&gt;</description><Rule id="SV-224331r520768_rule" weight="10.0" severity="medium"><version>ZNETA030</version><title>NetView Started Task name must be properly identified / defined to the system ACP.</title><description>&lt;VulnDiscussion&gt;NetView requires a started task(s) that will be restricted to certain resources, datasets and other system functions. By defining the started task as a userid to the system ACP, It allows the ACP to control the access and authorized users that require these capabilities. Failure to properly control these capabilities, could compromise of the operating system environment, ACP, and customer data.&lt;/VulnDiscussion&gt;&lt;FalsePositives&gt;&lt;/FalsePositives&gt;&lt;FalseNegatives&gt;&lt;/FalseNegatives&gt;&lt;Documentable&gt;false&lt;/Documentable&gt;&lt;Mitigations&gt;&lt;/Mitigations&gt;&lt;SeverityOverrideGuidance&gt;&lt;/SeverityOverrideGuidance&gt;&lt;PotentialImpacts&gt;&lt;/PotentialImpacts&gt;&lt;ThirdPartyTools&gt;&lt;/ThirdPartyTools&gt;&lt;MitigationControl&gt;&lt;/MitigationControl&gt;&lt;Responsibility&gt;&lt;/Responsibility&gt;&lt;IAControls&gt;&lt;/IAControls&gt;</description><reference><dc:title>DPMS Target zOS NetView for ACF2</dc:title><dc:publisher>DISA</dc:publisher><dc:type>DPMS Target</dc:type><dc:subject>zOS NetView for ACF2</dc:subject><dc:identifier>4126</dc:identifier></reference><ident system="http://cyber.mil/legacy">V-17452</ident><ident system="http://cyber.mil/legacy">SV-28613</ident><ident system="http://cyber.mil/cci">CCI-000764</ident><fixtext fixref="F-25996r520767_fix">The NetView system programmer and the ISSO will ensure that a product's Started Task(s) is properly Identified / defined to the System ACP. 

If the product requires a Started Task, verify that it is properly defined to the System ACP with the proper attributes.

Most installation manuals will indicate how the Started Task is identified and any additional attributes that must be specified.

Example:

SET LID
CHANGE NETVIEW STC MUSASS NO-SMC
  
</fixtext><fix id="F-25996r520767_fix" /><check system="C-26008r520766_chk"><check-content-ref href="zOS_NetView_for_ACF2_STIG.xml" name="M" /><check-content>Refer to the following report produced by the ACF2 Data Collection:

-       ACF2CMDS.RPT(ATTSTC)

If the logonid for the NetView started task(s) includes MUSASS and NO-SMC, there is NO FINDING.

If the logonid for the NetView started task(s) is not defined or does not include MUSASS and/or NO-SMC, this is a FINDING.
</check-content></check></Rule></Group></Benchmark>