<?xml version="1.0" encoding="utf-8"?><?xml-stylesheet type='text/xsl' href='STIG_unclass.xsl'?><Benchmark xmlns:dc="http://purl.org/dc/elements/1.1/" xmlns:xsi="http://www.w3.org/2001/XMLSchema-instance" xmlns:cpe="http://cpe.mitre.org/language/2.0" xmlns:xhtml="http://www.w3.org/1999/xhtml" xmlns:dsig="http://www.w3.org/2000/09/xmldsig#" xsi:schemaLocation="http://checklists.nist.gov/xccdf/1.1 http://nvd.nist.gov/schema/xccdf-1.1.4.xsd http://cpe.mitre.org/dictionary/2.0 http://cpe.mitre.org/files/cpe-dictionary_2.1.xsd" id="VMware_NSX-T_SDN_Controller_STIG" xml:lang="en" xmlns="http://checklists.nist.gov/xccdf/1.1"><status date="2022-03-09">accepted</status><title>VMware NSX-T SDN Controller Security Technical Implementation Guide</title><description>This Security Technical Implementation Guide is published as a tool to improve the security of Department of Defense (DoD) information systems. The requirements are derived from the National Institute of Standards and Technology (NIST) 800-53 and related documents. Comments or proposed revisions to this document should be sent via email to the following address: disa.stig_spt@mail.mil.</description><notice id="terms-of-use" xml:lang="en"></notice><front-matter xml:lang="en"></front-matter><rear-matter xml:lang="en"></rear-matter><reference href="https://cyber.mil"><dc:publisher>DISA</dc:publisher><dc:source>STIG.DOD.MIL</dc:source></reference><plain-text id="release-info">Release: 1 Benchmark Date: 30 Mar 2022</plain-text><plain-text id="generator">3.3.0.27375</plain-text><plain-text id="conventionsVersion">1.10.0</plain-text><version>1</version><Profile id="MAC-1_Classified"><title>I - Mission Critical Classified</title><description>&lt;ProfileDescription&gt;&lt;/ProfileDescription&gt;</description><select idref="V-251734" selected="true" /><select idref="V-251735" selected="true" /></Profile><Profile id="MAC-1_Public"><title>I - Mission Critical Public</title><description>&lt;ProfileDescription&gt;&lt;/ProfileDescription&gt;</description><select idref="V-251734" selected="true" /><select idref="V-251735" selected="true" /></Profile><Profile id="MAC-1_Sensitive"><title>I - Mission Critical Sensitive</title><description>&lt;ProfileDescription&gt;&lt;/ProfileDescription&gt;</description><select idref="V-251734" selected="true" /><select idref="V-251735" selected="true" /></Profile><Profile id="MAC-2_Classified"><title>II - Mission Support Classified</title><description>&lt;ProfileDescription&gt;&lt;/ProfileDescription&gt;</description><select idref="V-251734" selected="true" /><select idref="V-251735" selected="true" /></Profile><Profile id="MAC-2_Public"><title>II - Mission Support Public</title><description>&lt;ProfileDescription&gt;&lt;/ProfileDescription&gt;</description><select idref="V-251734" selected="true" /><select idref="V-251735" selected="true" /></Profile><Profile id="MAC-2_Sensitive"><title>II - Mission Support Sensitive</title><description>&lt;ProfileDescription&gt;&lt;/ProfileDescription&gt;</description><select idref="V-251734" selected="true" /><select idref="V-251735" selected="true" /></Profile><Profile id="MAC-3_Classified"><title>III - Administrative Classified</title><description>&lt;ProfileDescription&gt;&lt;/ProfileDescription&gt;</description><select idref="V-251734" selected="true" /><select idref="V-251735" selected="true" /></Profile><Profile id="MAC-3_Public"><title>III - Administrative Public</title><description>&lt;ProfileDescription&gt;&lt;/ProfileDescription&gt;</description><select idref="V-251734" selected="true" /><select idref="V-251735" selected="true" /></Profile><Profile id="MAC-3_Sensitive"><title>III - Administrative Sensitive</title><description>&lt;ProfileDescription&gt;&lt;/ProfileDescription&gt;</description><select idref="V-251734" selected="true" /><select idref="V-251735" selected="true" /></Profile><Group id="V-251734"><title>SRG-NET-000236-SDN-000365</title><description>&lt;GroupDescription&gt;&lt;/GroupDescription&gt;</description><Rule id="SV-251734r810060_rule" weight="10.0" severity="medium"><version>TSDC-3X-000011</version><title>The NSX-T Controller must be configured as a cluster in active/active mode to preserve any information necessary to determine cause of a system failure and to maintain network operations with least disruption to workload processes and flows.</title><description>&lt;VulnDiscussion&gt;Failure in a known state can address safety or security in accordance with the mission needs of the organization. Failure to a known secure state helps prevent a loss of confidentiality, integrity, or availability in the event of a failure of the SDN controller. Preserving network element state information helps to facilitate continuous network operations minimal or no disruption to mission-essential workload processes and flows.&lt;/VulnDiscussion&gt;&lt;FalsePositives&gt;&lt;/FalsePositives&gt;&lt;FalseNegatives&gt;&lt;/FalseNegatives&gt;&lt;Documentable&gt;false&lt;/Documentable&gt;&lt;Mitigations&gt;&lt;/Mitigations&gt;&lt;SeverityOverrideGuidance&gt;&lt;/SeverityOverrideGuidance&gt;&lt;PotentialImpacts&gt;&lt;/PotentialImpacts&gt;&lt;ThirdPartyTools&gt;&lt;/ThirdPartyTools&gt;&lt;MitigationControl&gt;&lt;/MitigationControl&gt;&lt;Responsibility&gt;&lt;/Responsibility&gt;&lt;IAControls&gt;&lt;/IAControls&gt;</description><reference><dc:title>DPMS Target VMware NSX-T SDN Controller</dc:title><dc:publisher>DISA</dc:publisher><dc:type>DPMS Target</dc:type><dc:subject>VMware NSX-T SDN Controller</dc:subject><dc:identifier>5450</dc:identifier></reference><ident system="http://cyber.mil/cci">CCI-001665</ident><fixtext fixref="F-55125r810059_fix">To add additional NSX-T Manager appliances do the following:

From the NSX-T Manager web interface, go to System &gt;&gt;Appliances, and then click "Add NSX Appliance". Supply the required information to add additional nodes as needed, up to three total.

To configure NSX-T with a cluster VIP or external load balancer do the following:

From the NSX-T Manager web interface, go to System &gt;&gt; Appliances, and then click "Set Virtual IP", enter a VIP that is part of the same subnet as the other management nodes, and then click "Save".

To configure NSX-T with an external load balancer, setup an external load balancer with the following requirements:

- Configure the external load balancer to control traffic to the NSX Manager nodes.
- Configure the external load balancer to use the round robin method and configure source persistence for the load balancer's virtual IP.
- Create or import a signed certificate and apply the same certificate to all the NSX Manager nodes. The certificate must have the FQDN of the virtual IP and each of the nodes in the SAN.

Note: An external load balancer will not work with the NSX Manager VIP. Do not configure an NSX Manager VIP if using an external load balancer.

If the cluster status is not in a healthy state identify the degraded component on the appliance and troubleshoot the issue with the error information provided.</fixtext><fix id="F-55125r810059_fix" /><check system="C-55171r810058_chk"><check-content-ref href="VMware_NSX-T_SDN_Controller_STIG.xml" name="M" /><check-content>From the NSX-T Manager web interface, go to System &gt;&gt; Appliances.

Verify there are three NSX-T Managers deployed, a VIP or external load balancer is configured, and the cluster is in a healthy state. 

If there are not three NSX-T Managers deployed and a VIP or external load balancer configured and the cluster is in a healthy state, this is a finding.</check-content></check></Rule></Group><Group id="V-251735"><title>SRG-NET-000512-SDN-001050</title><description>&lt;GroupDescription&gt;&lt;/GroupDescription&gt;</description><Rule id="SV-251735r810063_rule" weight="10.0" severity="medium"><version>TSDC-3X-000020</version><title>The NSX-T Controller cluster must  be on separate physical hosts.</title><description>&lt;VulnDiscussion&gt;SDN relies heavily on control messages between a controller and the forwarding devices for network convergence. The controller uses node and link state discovery information to calculate and determine optimum pathing within the SDN network infrastructure based on application, business, and security policies. Operating in the proactive flow instantiation mode, the SDN controller populates forwarding tables to the SDN-aware forwarding devices. At times, the SDN controller must function in reactive flow instantiation mode; that is, when a forwarding device receives a packet for a flow not found in its forwarding table, it must send it to the controller to receive forwarding instructions.

With total dependence on the SDN controller for determining forwarding decisions and path optimization within the SDN infrastructure for both proactive and reactive flow modes of operation, having a single point of failure is not acceptable. A controller failure with no failover backup leaves the network in an unmanaged state. Hence, it is imperative that the SDN controllers are deployed as clusters on separate physical hosts to guarantee network high availability.&lt;/VulnDiscussion&gt;&lt;FalsePositives&gt;&lt;/FalsePositives&gt;&lt;FalseNegatives&gt;&lt;/FalseNegatives&gt;&lt;Documentable&gt;false&lt;/Documentable&gt;&lt;Mitigations&gt;&lt;/Mitigations&gt;&lt;SeverityOverrideGuidance&gt;&lt;/SeverityOverrideGuidance&gt;&lt;PotentialImpacts&gt;&lt;/PotentialImpacts&gt;&lt;ThirdPartyTools&gt;&lt;/ThirdPartyTools&gt;&lt;MitigationControl&gt;&lt;/MitigationControl&gt;&lt;Responsibility&gt;&lt;/Responsibility&gt;&lt;IAControls&gt;&lt;/IAControls&gt;</description><reference><dc:title>DPMS Target VMware NSX-T SDN Controller</dc:title><dc:publisher>DISA</dc:publisher><dc:type>DPMS Target</dc:type><dc:subject>VMware NSX-T SDN Controller</dc:subject><dc:identifier>5450</dc:identifier></reference><ident system="http://cyber.mil/cci">CCI-000366</ident><fixtext fixref="F-55126r810062_fix">This fix must be performed in vCenter.

From the vSphere Client, go to Administration &gt;&gt; Hosts and Clusters &gt;&gt; Select the cluster where the NSX-T Managers are deployed &gt;&gt; Configure &gt;&gt; Configuration &gt;&gt; VM/Host Rules.

Click "Add" to create a new rule.

Provide a name and select "Separate Virtual Machines" under Type.

Add the three NSX-T Manager virtual machines to the list and click "OK".</fixtext><fix id="F-55126r810062_fix" /><check system="C-55172r810061_chk"><check-content-ref href="VMware_NSX-T_SDN_Controller_STIG.xml" name="M" /><check-content>This check must be performed in vCenter.

From the vSphere Client, go to Administration &gt;&gt; Hosts and Clusters &gt;&gt; Select the cluster where the NSX-T Managers are deployed &gt;&gt; Configure &gt;&gt; Configuration &gt;&gt; VM/Host Rules.

If the NSX-T Manager cluster does not have rules applied to it that separate the nodes onto different physical hosts, this is a finding.</check-content></check></Rule></Group></Benchmark>