<?xml version="1.0" encoding="utf-8"?><?xml-stylesheet type='text/xsl' href='STIG_unclass.xsl'?><Benchmark xmlns:dc="http://purl.org/dc/elements/1.1/" xmlns:xsi="http://www.w3.org/2001/XMLSchema-instance" xmlns:cpe="http://cpe.mitre.org/language/2.0" xmlns:xhtml="http://www.w3.org/1999/xhtml" xmlns:dsig="http://www.w3.org/2000/09/xmldsig#" xsi:schemaLocation="http://checklists.nist.gov/xccdf/1.1 http://nvd.nist.gov/schema/xccdf-1.1.4.xsd http://cpe.mitre.org/dictionary/2.0 http://cpe.mitre.org/files/cpe-dictionary_2.1.xsd" id="SS_Android_14_BYOAD_STIG" xml:lang="en" xmlns="http://checklists.nist.gov/xccdf/1.1"><status date="2024-02-16">accepted</status><title>Samsung Android 14 BYOAD Security Technical Implementation Guide</title><description>This Security Technical Implementation Guide is published as a tool to improve the security of Department of Defense (DOD) information systems. The requirements are derived from the National Institute of Standards and Technology (NIST) 800-53 and related documents. Comments or proposed revisions to this document should be sent via email to the following address: disa.stig_spt@mail.mil.</description><notice id="terms-of-use" xml:lang="en"></notice><front-matter xml:lang="en"></front-matter><rear-matter xml:lang="en"></rear-matter><reference href="https://cyber.mil"><dc:publisher>DISA</dc:publisher><dc:source>STIG.DOD.MIL</dc:source></reference><plain-text id="release-info">Release: 1 Benchmark Date: 13 Mar 2024</plain-text><plain-text id="generator">3.4.1.22916</plain-text><plain-text id="conventionsVersion">1.10.0</plain-text><version>1</version><Profile id="MAC-1_Classified"><title>I - Mission Critical Classified</title><description>&lt;ProfileDescription&gt;&lt;/ProfileDescription&gt;</description><select idref="V-260397" selected="true" /><select idref="V-260398" selected="true" /><select idref="V-260399" selected="true" /><select idref="V-260400" selected="true" /><select idref="V-260401" selected="true" /><select idref="V-260402" selected="true" /><select idref="V-260403" selected="true" /><select idref="V-260404" selected="true" /><select idref="V-260405" selected="true" /><select idref="V-260406" selected="true" /><select idref="V-260407" selected="true" /><select idref="V-260408" selected="true" /><select idref="V-260409" selected="true" /><select idref="V-260410" selected="true" /></Profile><Profile id="MAC-1_Public"><title>I - Mission Critical Public</title><description>&lt;ProfileDescription&gt;&lt;/ProfileDescription&gt;</description><select idref="V-260397" selected="true" /><select idref="V-260398" selected="true" /><select idref="V-260399" selected="true" /><select idref="V-260400" selected="true" /><select idref="V-260401" selected="true" /><select idref="V-260402" selected="true" /><select idref="V-260403" selected="true" /><select idref="V-260404" selected="true" /><select idref="V-260405" selected="true" /><select idref="V-260406" selected="true" /><select idref="V-260407" selected="true" /><select idref="V-260408" selected="true" /><select idref="V-260409" selected="true" /><select idref="V-260410" selected="true" /></Profile><Profile id="MAC-1_Sensitive"><title>I - Mission Critical Sensitive</title><description>&lt;ProfileDescription&gt;&lt;/ProfileDescription&gt;</description><select idref="V-260397" selected="true" /><select idref="V-260398" selected="true" /><select idref="V-260399" selected="true" /><select idref="V-260400" selected="true" /><select idref="V-260401" selected="true" /><select idref="V-260402" selected="true" /><select idref="V-260403" selected="true" /><select idref="V-260404" selected="true" /><select idref="V-260405" selected="true" /><select idref="V-260406" selected="true" /><select idref="V-260407" selected="true" /><select idref="V-260408" selected="true" /><select idref="V-260409" selected="true" /><select idref="V-260410" selected="true" /></Profile><Profile id="MAC-2_Classified"><title>II - Mission Support Classified</title><description>&lt;ProfileDescription&gt;&lt;/ProfileDescription&gt;</description><select idref="V-260397" selected="true" /><select idref="V-260398" selected="true" /><select idref="V-260399" selected="true" /><select idref="V-260400" selected="true" /><select idref="V-260401" selected="true" /><select idref="V-260402" selected="true" /><select idref="V-260403" selected="true" /><select idref="V-260404" selected="true" /><select idref="V-260405" selected="true" /><select idref="V-260406" selected="true" /><select idref="V-260407" selected="true" /><select idref="V-260408" selected="true" /><select idref="V-260409" selected="true" /><select idref="V-260410" selected="true" /></Profile><Profile id="MAC-2_Public"><title>II - Mission Support Public</title><description>&lt;ProfileDescription&gt;&lt;/ProfileDescription&gt;</description><select idref="V-260397" selected="true" /><select idref="V-260398" selected="true" /><select idref="V-260399" selected="true" /><select idref="V-260400" selected="true" /><select idref="V-260401" selected="true" /><select idref="V-260402" selected="true" /><select idref="V-260403" selected="true" /><select idref="V-260404" selected="true" /><select idref="V-260405" selected="true" /><select idref="V-260406" selected="true" /><select idref="V-260407" selected="true" /><select idref="V-260408" selected="true" /><select idref="V-260409" selected="true" /><select idref="V-260410" selected="true" /></Profile><Profile id="MAC-2_Sensitive"><title>II - Mission Support Sensitive</title><description>&lt;ProfileDescription&gt;&lt;/ProfileDescription&gt;</description><select idref="V-260397" selected="true" /><select idref="V-260398" selected="true" /><select idref="V-260399" selected="true" /><select idref="V-260400" selected="true" /><select idref="V-260401" selected="true" /><select idref="V-260402" selected="true" /><select idref="V-260403" selected="true" /><select idref="V-260404" selected="true" /><select idref="V-260405" selected="true" /><select idref="V-260406" selected="true" /><select idref="V-260407" selected="true" /><select idref="V-260408" selected="true" /><select idref="V-260409" selected="true" /><select idref="V-260410" selected="true" /></Profile><Profile id="MAC-3_Classified"><title>III - Administrative Classified</title><description>&lt;ProfileDescription&gt;&lt;/ProfileDescription&gt;</description><select idref="V-260397" selected="true" /><select idref="V-260398" selected="true" /><select idref="V-260399" selected="true" /><select idref="V-260400" selected="true" /><select idref="V-260401" selected="true" /><select idref="V-260402" selected="true" /><select idref="V-260403" selected="true" /><select idref="V-260404" selected="true" /><select idref="V-260405" selected="true" /><select idref="V-260406" selected="true" /><select idref="V-260407" selected="true" /><select idref="V-260408" selected="true" /><select idref="V-260409" selected="true" /><select idref="V-260410" selected="true" /></Profile><Profile id="MAC-3_Public"><title>III - Administrative Public</title><description>&lt;ProfileDescription&gt;&lt;/ProfileDescription&gt;</description><select idref="V-260397" selected="true" /><select idref="V-260398" selected="true" /><select idref="V-260399" selected="true" /><select idref="V-260400" selected="true" /><select idref="V-260401" selected="true" /><select idref="V-260402" selected="true" /><select idref="V-260403" selected="true" /><select idref="V-260404" selected="true" /><select idref="V-260405" selected="true" /><select idref="V-260406" selected="true" /><select idref="V-260407" selected="true" /><select idref="V-260408" selected="true" /><select idref="V-260409" selected="true" /><select idref="V-260410" selected="true" /></Profile><Profile id="MAC-3_Sensitive"><title>III - Administrative Sensitive</title><description>&lt;ProfileDescription&gt;&lt;/ProfileDescription&gt;</description><select idref="V-260397" selected="true" /><select idref="V-260398" selected="true" /><select idref="V-260399" selected="true" /><select idref="V-260400" selected="true" /><select idref="V-260401" selected="true" /><select idref="V-260402" selected="true" /><select idref="V-260403" selected="true" /><select idref="V-260404" selected="true" /><select idref="V-260405" selected="true" /><select idref="V-260406" selected="true" /><select idref="V-260407" selected="true" /><select idref="V-260408" selected="true" /><select idref="V-260409" selected="true" /><select idref="V-260410" selected="true" /></Profile><Group id="V-260397"><title>PP-BYO-000020</title><description>&lt;GroupDescription&gt;&lt;/GroupDescription&gt;</description><Rule id="SV-260397r950702_rule" weight="10.0" severity="medium"><version>KNOX-14-800200</version><title>The EMM system supporting the Samsung Android 14 BYOAD must be configured for autonomous monitoring, compliance, and validation to ensure security/configuration settings of mobile devices do not deviate from the approved configuration baseline.</title><description>&lt;VulnDiscussion&gt;DOD policy requires BYOAD devices with DOD data be managed by a DOD MDM server, MAM server, or VMI system. This ensures the device can be monitored for compliance with the approved security baseline and the work profile can be removed when the device is out of compliance, which protects DOD data from unauthorized exposure.

Examples of possible EMM security controls are as follows:

1. Device access restrictions: Restrict or isolate access based on the devices access type (i.e., from the internet), authentication type (e.g., password), credential strength, etc.
2. User and device activity monitoring: Configured to detect anomalous activity, malicious activity, and unauthorized attempts to access DOD information.
3. Device health tracking: Monitor device attestation, health, and agents reporting compromised applications, connections, intrusions, and/or signatures.

Reference: DOD policy "Use of Non-Government Mobile Devices" (3.a.(3)ii, 3.b.(2)ii.1 &amp; 2).

SFR ID: FMT_SMF_EXT.1.1 #47&lt;/VulnDiscussion&gt;&lt;FalsePositives&gt;&lt;/FalsePositives&gt;&lt;FalseNegatives&gt;&lt;/FalseNegatives&gt;&lt;Documentable&gt;false&lt;/Documentable&gt;&lt;Mitigations&gt;&lt;/Mitigations&gt;&lt;SeverityOverrideGuidance&gt;&lt;/SeverityOverrideGuidance&gt;&lt;PotentialImpacts&gt;&lt;/PotentialImpacts&gt;&lt;ThirdPartyTools&gt;&lt;/ThirdPartyTools&gt;&lt;MitigationControl&gt;&lt;/MitigationControl&gt;&lt;Responsibility&gt;&lt;/Responsibility&gt;&lt;IAControls&gt;&lt;/IAControls&gt;</description><reference><dc:title>DPMS Target Samsung Android 14 BYOAD</dc:title><dc:publisher>DISA</dc:publisher><dc:type>DPMS Target</dc:type><dc:subject>Samsung Android 14 BYOAD</dc:subject><dc:identifier>5592</dc:identifier></reference><ident system="http://cyber.mil/cci">CCI-000366</ident><fixtext fixref="F-64034r950701_fix">Configure the EMM system supporting the Samsung Android 14 BYOAD to conduct autonomous monitoring, compliance, and validation to ensure security/configuration settings of mobile devices do not deviate from the approved configuration baseline. The exact procedure will depend on the EMM system used at the site.</fixtext><fix id="F-64034r950701_fix" /><check system="C-64127r950700_chk"><check-content-ref href="U_SS_Android_14_BYOAD_STIG_V1R0-1_Manual-xccdf.xml" name="M" /><check-content>Verify the EMM system supporting the Samsung Android 14 BYOAD has been configured to conduct autonomous monitoring, compliance, and validation to ensure security/configuration settings of mobile devices do not deviate from the approved configuration baseline. The exact procedure will depend on the EMM system used at the site.

If the EMM system supporting the Samsung Android 14 BYOAD has not been configured to conduct autonomous monitoring, compliance, and validation to ensure security/configuration settings of mobile devices, this is a finding.</check-content></check></Rule></Group><Group id="V-260398"><title>PP-BYO-000030</title><description>&lt;GroupDescription&gt;&lt;/GroupDescription&gt;</description><Rule id="SV-260398r950705_rule" weight="10.0" severity="medium"><version>KNOX-14-800300</version><title>The EMM system supporting the Samsung Android 14 BYOAD must be configured to initiate autonomous monitoring, compliance, and validation prior to granting the Samsung Android 14 BYOAD access to DOD information and IT resources.</title><description>&lt;VulnDiscussion&gt;DOD policy requires BYOAD devices with DOD data be managed by a DOD MDM server, MAM server, or VMI system. This ensures the device can be monitored for compliance with the approved security baseline and the work profile can be removed when the device is out of compliance, which protects DOD data from unauthorized exposure.

Reference: DOD policy "Use of Non-Government Mobile Devices" (3.a.(3)iii).

SFR ID: FMT_SMF_EXT.1.1 #47&lt;/VulnDiscussion&gt;&lt;FalsePositives&gt;&lt;/FalsePositives&gt;&lt;FalseNegatives&gt;&lt;/FalseNegatives&gt;&lt;Documentable&gt;false&lt;/Documentable&gt;&lt;Mitigations&gt;&lt;/Mitigations&gt;&lt;SeverityOverrideGuidance&gt;&lt;/SeverityOverrideGuidance&gt;&lt;PotentialImpacts&gt;&lt;/PotentialImpacts&gt;&lt;ThirdPartyTools&gt;&lt;/ThirdPartyTools&gt;&lt;MitigationControl&gt;&lt;/MitigationControl&gt;&lt;Responsibility&gt;&lt;/Responsibility&gt;&lt;IAControls&gt;&lt;/IAControls&gt;</description><reference><dc:title>DPMS Target Samsung Android 14 BYOAD</dc:title><dc:publisher>DISA</dc:publisher><dc:type>DPMS Target</dc:type><dc:subject>Samsung Android 14 BYOAD</dc:subject><dc:identifier>5592</dc:identifier></reference><ident system="http://cyber.mil/cci">CCI-000366</ident><fixtext fixref="F-64035r950704_fix">Configure the EMM system supporting the Samsung Android 14 BYOAD to initiate autonomous monitoring, compliance, and validation prior to granting the BYOAD access to DOD information and IT resources. The exact procedure will depend on the EMM system used at the site.</fixtext><fix id="F-64035r950704_fix" /><check system="C-64128r950703_chk"><check-content-ref href="U_SS_Android_14_BYOAD_STIG_V1R0-1_Manual-xccdf.xml" name="M" /><check-content>Verify the EMM system supporting the Samsung Android 14 BYOAD has been configured to initiate autonomous monitoring, compliance, and validation prior to granting the BYOAD access to DOD information and IT resources. The exact procedure will depend on the EMM system used at the site.

If the EMM system supporting the Samsung Android 14 BYOAD has not been configured to initiate autonomous monitoring, compliance, and validation prior to granting the BYOAD access to DOD information and IT resources, this is a finding.</check-content></check></Rule></Group><Group id="V-260399"><title>PP-BYO-000040</title><description>&lt;GroupDescription&gt;&lt;/GroupDescription&gt;</description><Rule id="SV-260399r950708_rule" weight="10.0" severity="medium"><version>KNOX-14-800400</version><title>The EMM system supporting the Samsung Android 14 BYOAD must be configured to detect if the Samsung Android 14 BYOAD native security controls are disabled.</title><description>&lt;VulnDiscussion&gt;Examples of indicators that the native device native security controls have been disabled include jailbroken or rooted devices.

DOD policy requires BYOAD devices with DOD data be managed by a DOD MDM server, MAM server, or VMI system. This ensures the device can be monitored for compliance with the approved security baseline and the work profile can be removed when the device is out of compliance, which protects DOD data from unauthorized exposure. Detection via collecting and analysis of BYOAD generated logs for noncompliance indicators is acceptable.

This detection capability must be implemented prior to BYOAD access to DOD information and IT resources and continuously monitored on the DOD-managed segment of the BYOAD enrolled in the program. If non-DOD information (i.e., personal user data, device information) outside the DOD-managed segment of the BYOAD is required to be accessed, collected, monitored, tracked (i.e., location), or maintained, the circumstances under which this may be done must be outlined in the user agreement.

Reference: DOD policy "Use of Non-Government Mobile Devices" (3.a.(3)iii).

SFR ID: FMT_SMF_EXT.1.1 #47&lt;/VulnDiscussion&gt;&lt;FalsePositives&gt;&lt;/FalsePositives&gt;&lt;FalseNegatives&gt;&lt;/FalseNegatives&gt;&lt;Documentable&gt;false&lt;/Documentable&gt;&lt;Mitigations&gt;&lt;/Mitigations&gt;&lt;SeverityOverrideGuidance&gt;&lt;/SeverityOverrideGuidance&gt;&lt;PotentialImpacts&gt;&lt;/PotentialImpacts&gt;&lt;ThirdPartyTools&gt;&lt;/ThirdPartyTools&gt;&lt;MitigationControl&gt;&lt;/MitigationControl&gt;&lt;Responsibility&gt;&lt;/Responsibility&gt;&lt;IAControls&gt;&lt;/IAControls&gt;</description><reference><dc:title>DPMS Target Samsung Android 14 BYOAD</dc:title><dc:publisher>DISA</dc:publisher><dc:type>DPMS Target</dc:type><dc:subject>Samsung Android 14 BYOAD</dc:subject><dc:identifier>5592</dc:identifier></reference><ident system="http://cyber.mil/cci">CCI-000366</ident><fixtext fixref="F-64036r950707_fix">Configure the EMM system supporting the Samsung Android 14 BYOAD to detect if the BYOAD native security controls are disabled. The exact procedure will depend on the EMM system used at the site.</fixtext><fix id="F-64036r950707_fix" /><check system="C-64129r950706_chk"><check-content-ref href="U_SS_Android_14_BYOAD_STIG_V1R0-1_Manual-xccdf.xml" name="M" /><check-content>Verify the EMM system supporting the Samsung Android 14 BYOAD has been configured to detect if the BYOAD native security controls are disabled. The exact procedure will depend on the EMM system used at the site.

If the EMM system supporting the Samsung Android 14 BYOAD is not configured to detect if the BYOAD native security controls are disabled, this is a finding.</check-content></check></Rule></Group><Group id="V-260400"><title>PP-BYO-000050</title><description>&lt;GroupDescription&gt;&lt;/GroupDescription&gt;</description><Rule id="SV-260400r950711_rule" weight="10.0" severity="medium"><version>KNOX-14-800500</version><title>The EMM system supporting the Samsung Android 14 BYOAD must be configured to detect if known malicious applications, blocked, or prohibited applications are installed on the Samsung Android 14 BYOAD (DOD-managed segment only).</title><description>&lt;VulnDiscussion&gt;DOD policy requires BYOAD devices with DOD data be managed by a DOD MDM server, MAM server, or VMI system. This ensures the device can be monitored for compliance with the approved security baseline and the work profile can be removed when the device is out of compliance, which protects DOD data from unauthorized exposure. Detection via collecting and analysis of BYOAD generated logs for noncompliance indicators is acceptable.
 
This detection capability must be implemented prior to AMD (Approved Mobile Device, called BYOAD device in the STIG) enrollment, AMD access to DOD information and IT resources, and continuously monitored on the DOD-managed segment of the AMD enrolled in the program. If non-DOD information (i.e., personal user data, device information) outside the DOD-managed segment of the AMD is required to be accessed, collected, monitored, tracked (i.e., location), or maintained, the circumstances under which this may be done must be outlined in the user agreement.

Reference: DOD policy "Use of Non-Government Mobile Devices" (3.a.(3)iii).

SFR ID: FMT_SMF_EXT.1.1 #47&lt;/VulnDiscussion&gt;&lt;FalsePositives&gt;&lt;/FalsePositives&gt;&lt;FalseNegatives&gt;&lt;/FalseNegatives&gt;&lt;Documentable&gt;false&lt;/Documentable&gt;&lt;Mitigations&gt;&lt;/Mitigations&gt;&lt;SeverityOverrideGuidance&gt;&lt;/SeverityOverrideGuidance&gt;&lt;PotentialImpacts&gt;&lt;/PotentialImpacts&gt;&lt;ThirdPartyTools&gt;&lt;/ThirdPartyTools&gt;&lt;MitigationControl&gt;&lt;/MitigationControl&gt;&lt;Responsibility&gt;&lt;/Responsibility&gt;&lt;IAControls&gt;&lt;/IAControls&gt;</description><reference><dc:title>DPMS Target Samsung Android 14 BYOAD</dc:title><dc:publisher>DISA</dc:publisher><dc:type>DPMS Target</dc:type><dc:subject>Samsung Android 14 BYOAD</dc:subject><dc:identifier>5592</dc:identifier></reference><ident system="http://cyber.mil/cci">CCI-000366</ident><fixtext fixref="F-64037r950710_fix">Implement an app vetting process before work profile apps are placed in the MDM app repository.</fixtext><fix id="F-64037r950710_fix" /><check system="C-64130r950709_chk"><check-content-ref href="U_SS_Android_14_BYOAD_STIG_V1R0-1_Manual-xccdf.xml" name="M" /><check-content>Verify an app vetting process is being used to vet apps before work profile apps are placed in the MDM app repository.

If an app vetting process is not being used to vet apps before work profile apps are placed in the MDM app repository, this is a finding.</check-content></check></Rule></Group><Group id="V-260401"><title>PP-BYO-000070</title><description>&lt;GroupDescription&gt;&lt;/GroupDescription&gt;</description><Rule id="SV-260401r950714_rule" weight="10.0" severity="medium"><version>KNOX-14-800700</version><title>The EMM detection/monitoring system must use continuous monitoring of enrolled Samsung Android 14 BYOAD.</title><description>&lt;VulnDiscussion&gt;DOD policy requires BYOAD devices with DOD data be managed by a DOD MDM server, MAM server, or VMI system. This ensures the device can be monitored for compliance with the approved security baseline and the work profile can be removed when the device is out of compliance, which protects DOD data from unauthorized exposure. Continuous monitoring must be used to ensure all noncompliance events will be seen by the detection system.

Reference: DOD policy "Use of Non-Government Mobile Devices" (3.a.(3)iii).

SFR ID: FMT_SMF_EXT.1.1 #47&lt;/VulnDiscussion&gt;&lt;FalsePositives&gt;&lt;/FalsePositives&gt;&lt;FalseNegatives&gt;&lt;/FalseNegatives&gt;&lt;Documentable&gt;false&lt;/Documentable&gt;&lt;Mitigations&gt;&lt;/Mitigations&gt;&lt;SeverityOverrideGuidance&gt;&lt;/SeverityOverrideGuidance&gt;&lt;PotentialImpacts&gt;&lt;/PotentialImpacts&gt;&lt;ThirdPartyTools&gt;&lt;/ThirdPartyTools&gt;&lt;MitigationControl&gt;&lt;/MitigationControl&gt;&lt;Responsibility&gt;&lt;/Responsibility&gt;&lt;IAControls&gt;&lt;/IAControls&gt;</description><reference><dc:title>DPMS Target Samsung Android 14 BYOAD</dc:title><dc:publisher>DISA</dc:publisher><dc:type>DPMS Target</dc:type><dc:subject>Samsung Android 14 BYOAD</dc:subject><dc:identifier>5592</dc:identifier></reference><ident system="http://cyber.mil/cci">CCI-000366</ident><fixtext fixref="F-64038r950713_fix">Configure the EMM detection/monitoring system to use continuous monitoring of enrolled Samsung Android 14 BYOAD. The exact procedure will depend on the EMM system used at the site.</fixtext><fix id="F-64038r950713_fix" /><check system="C-64131r950712_chk"><check-content-ref href="U_SS_Android_14_BYOAD_STIG_V1R0-1_Manual-xccdf.xml" name="M" /><check-content>Verify the EMM detection/monitoring system is configured to use continuous monitoring of enrolled Samsung Android 14 BYOAD. The exact procedure will depend on the EMM system used at the site.

If the EMM detection/monitoring system is not configured to use continuous monitoring of enrolled Samsung Android 14 BYOAD, this is a finding.</check-content></check></Rule></Group><Group id="V-260402"><title>PP-BYO-000080</title><description>&lt;GroupDescription&gt;&lt;/GroupDescription&gt;</description><Rule id="SV-260402r950717_rule" weight="10.0" severity="medium"><version>KNOX-14-800800</version><title>The Samsung Android 14 BYOAD must be configured to either disable access to DOD data and IT systems and user accounts or wipe the work profile if the EMM system detects native security controls are disabled.</title><description>&lt;VulnDiscussion&gt;Examples of indicators that the native device security controls have been disabled include jailbroken or rooted devices.

When a BYOAD is out of compliance, DOD data and apps must be removed to protect against compromise of sensitive DOD information.

Note: The site should review DOD and local data retention policies before wiping the work profile of a BYOAD device.

Reference: DOD policy "Use of Non-Government Mobile Devices" (3.b.(4) 3.b.(5)i).

SFR ID: FMT_SMF_EXT.1.1 #47&lt;/VulnDiscussion&gt;&lt;FalsePositives&gt;&lt;/FalsePositives&gt;&lt;FalseNegatives&gt;&lt;/FalseNegatives&gt;&lt;Documentable&gt;false&lt;/Documentable&gt;&lt;Mitigations&gt;&lt;/Mitigations&gt;&lt;SeverityOverrideGuidance&gt;&lt;/SeverityOverrideGuidance&gt;&lt;PotentialImpacts&gt;&lt;/PotentialImpacts&gt;&lt;ThirdPartyTools&gt;&lt;/ThirdPartyTools&gt;&lt;MitigationControl&gt;&lt;/MitigationControl&gt;&lt;Responsibility&gt;&lt;/Responsibility&gt;&lt;IAControls&gt;&lt;/IAControls&gt;</description><reference><dc:title>DPMS Target Samsung Android 14 BYOAD</dc:title><dc:publisher>DISA</dc:publisher><dc:type>DPMS Target</dc:type><dc:subject>Samsung Android 14 BYOAD</dc:subject><dc:identifier>5592</dc:identifier></reference><ident system="http://cyber.mil/cci">CCI-000366</ident><fixtext fixref="F-64039r950716_fix">Configure the EMM to either disable access to DOD data and IT systems and user accounts on the Samsung Android 14 BYOAD or wipe the work profile if it has been detected that native BYOAD security controls are disabled (e.g., jailbroken/rooted). The exact procedure will depend on the EMM system used at the site.</fixtext><fix id="F-64039r950716_fix" /><check system="C-64132r950715_chk"><check-content-ref href="U_SS_Android_14_BYOAD_STIG_V1R0-1_Manual-xccdf.xml" name="M" /><check-content>Verify the EMM has been configured to either disable access to DOD data, IT systems, and user accounts on the Samsung Android 14 BYOAD or wipe the work profile if it has been detected that native BYOAD security controls are disabled (e.g., jailbroken/rooted). The exact procedure will depend on the EMM system used at the site.

If the EMM has not been configured to either disable access to DOD data, IT systems, and user accounts on the Samsung Android 14 BYOAD or wipe the work profile if it has been detected that native BYOAD security controls are disabled, this is a finding.</check-content></check></Rule></Group><Group id="V-260403"><title>PP-BYO-000090</title><description>&lt;GroupDescription&gt;&lt;/GroupDescription&gt;</description><Rule id="SV-260403r950720_rule" weight="10.0" severity="medium"><version>KNOX-14-800900</version><title>The Samsung Android 14 BYOAD must be configured to either disable access to DOD data and IT systems and user accounts or wipe the work profile if the EMM system detects the Samsung Android 14 BYOAD device has known malicious, blocked, or prohibited applications, or configured to access nonapproved third-party applications stores in the work profile.</title><description>&lt;VulnDiscussion&gt;When a BYOAD is out of compliance, DOD data and apps must be removed to protect against compromise of sensitive DOD information.

Reference: DOD policy "Use of Non-Government Mobile Devices" (3.a.(3)iii).

SFR ID: FMT_SMF_EXT.1.1 #47&lt;/VulnDiscussion&gt;&lt;FalsePositives&gt;&lt;/FalsePositives&gt;&lt;FalseNegatives&gt;&lt;/FalseNegatives&gt;&lt;Documentable&gt;false&lt;/Documentable&gt;&lt;Mitigations&gt;&lt;/Mitigations&gt;&lt;SeverityOverrideGuidance&gt;&lt;/SeverityOverrideGuidance&gt;&lt;PotentialImpacts&gt;&lt;/PotentialImpacts&gt;&lt;ThirdPartyTools&gt;&lt;/ThirdPartyTools&gt;&lt;MitigationControl&gt;&lt;/MitigationControl&gt;&lt;Responsibility&gt;&lt;/Responsibility&gt;&lt;IAControls&gt;&lt;/IAControls&gt;</description><reference><dc:title>DPMS Target Samsung Android 14 BYOAD</dc:title><dc:publisher>DISA</dc:publisher><dc:type>DPMS Target</dc:type><dc:subject>Samsung Android 14 BYOAD</dc:subject><dc:identifier>5592</dc:identifier></reference><ident system="http://cyber.mil/cci">CCI-000366</ident><fixtext fixref="F-64040r950719_fix">Configure the EMM system to either disable access to DOD data and IT systems and user accounts or wipe the work profile if it has detected the Samsung Android 14 BYOAD device has known malicious, blocked, or prohibited managed applications, or configured to access nonapproved third-party applications stores for managed apps. The exact procedure will depend on the EMM system used at the site.</fixtext><fix id="F-64040r950719_fix" /><check system="C-64133r950718_chk"><check-content-ref href="U_SS_Android_14_BYOAD_STIG_V1R0-1_Manual-xccdf.xml" name="M" /><check-content>Verify the EMM system has been configured to either disable access to DOD data and IT systems and user accounts or the work profile if it has detected the Samsung Android 14 BYOAD device has known malicious, blocked, or prohibited managed applications, or configured to access nonapproved third-party applications stores for managed apps. The exact procedure will depend on the EMM system used at the site.

If the EMM system has not been configured to either disable access to DOD data and IT systems and user accounts or wipe the work profile if it has detected the Samsung Android 14 BYOAD device has known malicious, blocked, or prohibited managed applications, or configured to access nonapproved third-party applications stores for managed apps, this is a finding.</check-content></check></Rule></Group><Group id="V-260404"><title>PP-BYO-000100</title><description>&lt;GroupDescription&gt;&lt;/GroupDescription&gt;</description><Rule id="SV-260404r950723_rule" weight="10.0" severity="medium"><version>KNOX-14-801000</version><title>The Samsung Android 14 BYOAD must be configured so that the work profile is removed if the device is no longer receiving security or software updates.</title><description>&lt;VulnDiscussion&gt;When a BYOAD is out of compliance, DOD data and apps must be removed to protect against compromise of sensitive DOD information.

Reference: DOD policy "Use of Non-Government Mobile Devices" (3.b.(1)ii).

SFR ID: FMT_SMF_EXT.1.1 #47&lt;/VulnDiscussion&gt;&lt;FalsePositives&gt;&lt;/FalsePositives&gt;&lt;FalseNegatives&gt;&lt;/FalseNegatives&gt;&lt;Documentable&gt;false&lt;/Documentable&gt;&lt;Mitigations&gt;&lt;/Mitigations&gt;&lt;SeverityOverrideGuidance&gt;&lt;/SeverityOverrideGuidance&gt;&lt;PotentialImpacts&gt;&lt;/PotentialImpacts&gt;&lt;ThirdPartyTools&gt;&lt;/ThirdPartyTools&gt;&lt;MitigationControl&gt;&lt;/MitigationControl&gt;&lt;Responsibility&gt;&lt;/Responsibility&gt;&lt;IAControls&gt;&lt;/IAControls&gt;</description><reference><dc:title>DPMS Target Samsung Android 14 BYOAD</dc:title><dc:publisher>DISA</dc:publisher><dc:type>DPMS Target</dc:type><dc:subject>Samsung Android 14 BYOAD</dc:subject><dc:identifier>5592</dc:identifier></reference><ident system="http://cyber.mil/cci">CCI-000366</ident><fixtext fixref="F-64041r950722_fix">Configure the EMM system so the work profile is removed if the Samsung Android 14 BYOAD is no longer receiving security or software updates. The exact procedure will depend on the EMM system used at the site.</fixtext><fix id="F-64041r950722_fix" /><check system="C-64134r950721_chk"><check-content-ref href="U_SS_Android_14_BYOAD_STIG_V1R0-1_Manual-xccdf.xml" name="M" /><check-content>Verify the EMM system is configured to wipe the work profile if the Samsung Android 14 BYOAD is no longer receiving security or software updates. The exact procedure will depend on the EMM system used at the site.

If the EMM system is not configured to wipe the work profile if the Samsung Android 14 BYOAD is no longer receiving security or software updates, this is a finding.</check-content></check></Rule></Group><Group id="V-260405"><title>PP-BYO-000110</title><description>&lt;GroupDescription&gt;&lt;/GroupDescription&gt;</description><Rule id="SV-260405r950726_rule" weight="10.0" severity="high"><version>KNOX-14-801100</version><title>The Samsung Android 14 BYOAD and DOD enterprise must be configured to limit access to only AO-approved, corporate-owned enterprise IT resources.</title><description>&lt;VulnDiscussion&gt;Note: IT resources includes DOD networks and applications (for example, DOD email).

The system administrator must have the capability to limit access of the BYOAD to DOD networks and DOD IT resources based on mission needs and risk. An adversary could exploit vulnerabilities created by the weaker configuration to compromise DOD sensitive information. The AO should document networks, IT resources, and enterprise applications that BYOAD can access.

Examples of EMM security controls are as follows:

1. Device access restrictions: Restrict or isolate access based on the devices access type (i .e., from the internet), authentication type (e.g., password), credential strength, etc.
2. User and device activity monitoring: Configured to detect anomalous activity, malicious activity, and unauthorized attempts to access DOD information.
3. Device health tracking: Monitor device attestation, health, and agents reporting compromised applications, connections, intrusions, and/or signatures.

Reference: DOD policy "Use of Non-Government Mobile Devices" (3.b.(2)ii).

SFR ID: FMT_SMF_EXT.1.1 #47&lt;/VulnDiscussion&gt;&lt;FalsePositives&gt;&lt;/FalsePositives&gt;&lt;FalseNegatives&gt;&lt;/FalseNegatives&gt;&lt;Documentable&gt;false&lt;/Documentable&gt;&lt;Mitigations&gt;&lt;/Mitigations&gt;&lt;SeverityOverrideGuidance&gt;&lt;/SeverityOverrideGuidance&gt;&lt;PotentialImpacts&gt;&lt;/PotentialImpacts&gt;&lt;ThirdPartyTools&gt;&lt;/ThirdPartyTools&gt;&lt;MitigationControl&gt;&lt;/MitigationControl&gt;&lt;Responsibility&gt;&lt;/Responsibility&gt;&lt;IAControls&gt;&lt;/IAControls&gt;</description><reference><dc:title>DPMS Target Samsung Android 14 BYOAD</dc:title><dc:publisher>DISA</dc:publisher><dc:type>DPMS Target</dc:type><dc:subject>Samsung Android 14 BYOAD</dc:subject><dc:identifier>5592</dc:identifier></reference><ident system="http://cyber.mil/cci">CCI-000213</ident><fixtext fixref="F-64042r950725_fix">Configure the EEM system and DOD enterprise to limit the Samsung Android 14 BYOAD access to only AO-approved enterprise IT resources. The exact procedure will depend on the EMM system used and IT resources at the site.</fixtext><fix id="F-64042r950725_fix" /><check system="C-64135r950724_chk"><check-content-ref href="U_SS_Android_14_BYOAD_STIG_V1R0-1_Manual-xccdf.xml" name="M" /><check-content>Verify the EMM system and DOD enterprise have been configured to limit the Samsung Android 14 BYOAD access to only AO-approved enterprise IT resources. The exact procedure will depend on the EMM system used and IT resources at the site.

If the EMM system and DOD enterprise have not been configured to limit Samsung Android 14 BYOAD access to only AO-approved enterprise IT resources, this is a finding.</check-content></check></Rule></Group><Group id="V-260406"><title>PP-BYO-000200</title><description>&lt;GroupDescription&gt;&lt;/GroupDescription&gt;</description><Rule id="SV-260406r950729_rule" weight="10.0" severity="high"><version>KNOX-14-802000</version><title>The EMM system supporting the Samsung Android 14 BYOAD must be NIAP validated (included on the NIAP list of compliant products or products in evaluation) unless the DOD CIO has granted an Approved Exception to Policy (E2P).</title><description>&lt;VulnDiscussion&gt;Note: For a VMI solution, both the client and server must be NIAP compliant.

Nonapproved EMM systems may not include sufficient controls to protect work data, applications, and networks from malware or adversary attack. EMM: mobile device management (MDM), mobile application management (MAM), mobile content management (MCM), or virtual mobile infrastructure (VMI). 

Components must only approve devices listed on the NIAP product compliant list or products listed in evaluation at the following links respectfully:

- https://www.niap-ccevs.org/Product/
- https://www.niap-ccevs.org/Product/PINE.cfm

Reference: DOD policy "Use of Non-Government Mobile Devices" (3.a.(2)).

SFR ID: FMT_SMF_EXT.1.1 #47&lt;/VulnDiscussion&gt;&lt;FalsePositives&gt;&lt;/FalsePositives&gt;&lt;FalseNegatives&gt;&lt;/FalseNegatives&gt;&lt;Documentable&gt;false&lt;/Documentable&gt;&lt;Mitigations&gt;&lt;/Mitigations&gt;&lt;SeverityOverrideGuidance&gt;&lt;/SeverityOverrideGuidance&gt;&lt;PotentialImpacts&gt;&lt;/PotentialImpacts&gt;&lt;ThirdPartyTools&gt;&lt;/ThirdPartyTools&gt;&lt;MitigationControl&gt;&lt;/MitigationControl&gt;&lt;Responsibility&gt;&lt;/Responsibility&gt;&lt;IAControls&gt;&lt;/IAControls&gt;</description><reference><dc:title>DPMS Target Samsung Android 14 BYOAD</dc:title><dc:publisher>DISA</dc:publisher><dc:type>DPMS Target</dc:type><dc:subject>Samsung Android 14 BYOAD</dc:subject><dc:identifier>5592</dc:identifier></reference><ident system="http://cyber.mil/cci">CCI-000366</ident><fixtext fixref="F-64043r950728_fix">Only use an EMM system supporting the Samsung Android 14 BYOAD that is NIAP validated (included on the NIAP list of compliant products or products in evaluation), unless the DOD CIO has granted an Approved Exception to Policy (E2P).

Note: For a VMI solution, both the client and server components must be NIAP compliant.</fixtext><fix id="F-64043r950728_fix" /><check system="C-64136r950727_chk"><check-content-ref href="U_SS_Android_14_BYOAD_STIG_V1R0-1_Manual-xccdf.xml" name="M" /><check-content>Verify the EMM system supporting the Samsung Android 14 BYOAD is NIAP-validated (included on the NIAP list of compliant products or products in evaluation). If not, verify the DOD CIO has granted an Approved Exception to Policy (E2P).

Note: For a VMI solution, both the client and server components must be NIAP compliant.

If the EMM system supporting the Samsung Android 14 BYOAD is not NIAP-validated (included on the NIAP list of compliant products or products in evaluation) and the DOD CIO has not granted an Approved Exception to Policy (E2P), this is a finding.</check-content></check></Rule></Group><Group id="V-260407"><title>PP-BYO-000210</title><description>&lt;GroupDescription&gt;&lt;/GroupDescription&gt;</description><Rule id="SV-260407r950732_rule" weight="10.0" severity="low"><version>KNOX-14-802100</version><title>The User Agreement must include a description of what personal data and information is being monitored, collected, or managed by the EMM system or deployed agents or tools.</title><description>&lt;VulnDiscussion&gt;DOD policy states BYOAD owners must sign a user agreement and be made aware of what personal data and activities will be monitored by the Enterprise by including this information in the user agreement.

Reference: DOD policy "Use of Non-Government Mobile Devices" (3.a.(3)ii, and 3.c.(4)).

SFR ID: FMT_SMF_EXT.1.1 #47&lt;/VulnDiscussion&gt;&lt;FalsePositives&gt;&lt;/FalsePositives&gt;&lt;FalseNegatives&gt;&lt;/FalseNegatives&gt;&lt;Documentable&gt;false&lt;/Documentable&gt;&lt;Mitigations&gt;&lt;/Mitigations&gt;&lt;SeverityOverrideGuidance&gt;&lt;/SeverityOverrideGuidance&gt;&lt;PotentialImpacts&gt;&lt;/PotentialImpacts&gt;&lt;ThirdPartyTools&gt;&lt;/ThirdPartyTools&gt;&lt;MitigationControl&gt;&lt;/MitigationControl&gt;&lt;Responsibility&gt;&lt;/Responsibility&gt;&lt;IAControls&gt;&lt;/IAControls&gt;</description><reference><dc:title>DPMS Target Samsung Android 14 BYOAD</dc:title><dc:publisher>DISA</dc:publisher><dc:type>DPMS Target</dc:type><dc:subject>Samsung Android 14 BYOAD</dc:subject><dc:identifier>5592</dc:identifier></reference><ident system="http://cyber.mil/cci">CCI-000366</ident><fixtext fixref="F-64044r950731_fix">Include a description of what personal data and information is being monitored, collected, or managed by the EMM system or deployed agents or tools in the user agreement.</fixtext><fix id="F-64044r950731_fix" /><check system="C-64137r950730_chk"><check-content-ref href="U_SS_Android_14_BYOAD_STIG_V1R0-1_Manual-xccdf.xml" name="M" /><check-content>Verify the user agreement includes a description of what personal data and information is being monitored, collected, or managed by the EMM system or deployed agents or tools.

If the user agreement does not include a description of what personal data and information is being monitored, collected, or managed by the EMM system or deployed agents or tools, this is a finding.</check-content></check></Rule></Group><Group id="V-260408"><title>PP-BYO-000220</title><description>&lt;GroupDescription&gt;&lt;/GroupDescription&gt;</description><Rule id="SV-260408r950735_rule" weight="10.0" severity="medium"><version>KNOX-14-802200</version><title>The DOD Mobile Service Provider must not allow Samsung Android 14 BYOADs in facilities where personally owned mobile devices are prohibited.</title><description>&lt;VulnDiscussion&gt;DOD policy requires BYOAD devices with DOD data be managed by a DOD MDM server, MAM server, or VMI system. This ensures the device can be monitored for compliance with the approved security baseline and the work profile can be removed when the device is out of compliance, which protects DOD data from unauthorized exposure. 

Follow local physical security procedures regarding allowing or prohibiting personally owned mobile devices in a DOD facility. If BYOAD devices are brought into facilities where the AO has determined the risk of using personal devices is unacceptable, this could lead to the exposure of sensitive DOD data.

SFR ID: FMT_SMF_EXT.1.1 #47&lt;/VulnDiscussion&gt;&lt;FalsePositives&gt;&lt;/FalsePositives&gt;&lt;FalseNegatives&gt;&lt;/FalseNegatives&gt;&lt;Documentable&gt;false&lt;/Documentable&gt;&lt;Mitigations&gt;&lt;/Mitigations&gt;&lt;SeverityOverrideGuidance&gt;&lt;/SeverityOverrideGuidance&gt;&lt;PotentialImpacts&gt;&lt;/PotentialImpacts&gt;&lt;ThirdPartyTools&gt;&lt;/ThirdPartyTools&gt;&lt;MitigationControl&gt;&lt;/MitigationControl&gt;&lt;Responsibility&gt;&lt;/Responsibility&gt;&lt;IAControls&gt;&lt;/IAControls&gt;</description><reference><dc:title>DPMS Target Samsung Android 14 BYOAD</dc:title><dc:publisher>DISA</dc:publisher><dc:type>DPMS Target</dc:type><dc:subject>Samsung Android 14 BYOAD</dc:subject><dc:identifier>5592</dc:identifier></reference><ident system="http://cyber.mil/cci">CCI-000382</ident><fixtext fixref="F-64045r950734_fix">Do not allow BYOADs in facilities where personally owned mobile devices are prohibited.</fixtext><fix id="F-64045r950734_fix" /><check system="C-64138r950733_chk"><check-content-ref href="U_SS_Android_14_BYOAD_STIG_V1R0-1_Manual-xccdf.xml" name="M" /><check-content>Verify the DOD Mobile Service Provider or ISSO/ISSM do not allow BYOADs in facilities where personally owned mobile devices are prohibited.

If the DOD Mobile Service Provider or ISSO/ISSM allows BYOADs in facilities where personally owned mobile devices are prohibited, this is a finding.</check-content></check></Rule></Group><Group id="V-260409"><title>PP-BYO-000230</title><description>&lt;GroupDescription&gt;&lt;/GroupDescription&gt;</description><Rule id="SV-260409r950738_rule" weight="10.0" severity="medium"><version>KNOX-14-802300</version><title>The Samsung Android 14 BYOAD must be configured to disable device cameras and/or microphones when brought into DOD facilities where mobile phone cameras and/or microphones are prohibited.</title><description>&lt;VulnDiscussion&gt;In some DOD operational environments, the use of the mobile device camera or microphone could lead to a security incident or compromise of DOD information. The System Administrator must have the capability to disable the mobile device camera and/or microphone based on mission needs. Alternatively, mobile devices with cameras or microphones that cannot be disabled must be prohibited from the facility by the ISSO/ISSM.

If BYOAD devices are brought into facilities where the AO has determined the risk of using mobile device cameras or microphones is unacceptable, this could lead to the exposure of sensitive DOD data.

SFR ID: FMT_SMF_EXT.1.1 #47&lt;/VulnDiscussion&gt;&lt;FalsePositives&gt;&lt;/FalsePositives&gt;&lt;FalseNegatives&gt;&lt;/FalseNegatives&gt;&lt;Documentable&gt;false&lt;/Documentable&gt;&lt;Mitigations&gt;&lt;/Mitigations&gt;&lt;SeverityOverrideGuidance&gt;&lt;/SeverityOverrideGuidance&gt;&lt;PotentialImpacts&gt;&lt;/PotentialImpacts&gt;&lt;ThirdPartyTools&gt;&lt;/ThirdPartyTools&gt;&lt;MitigationControl&gt;&lt;/MitigationControl&gt;&lt;Responsibility&gt;&lt;/Responsibility&gt;&lt;IAControls&gt;&lt;/IAControls&gt;</description><reference><dc:title>DPMS Target Samsung Android 14 BYOAD</dc:title><dc:publisher>DISA</dc:publisher><dc:type>DPMS Target</dc:type><dc:subject>Samsung Android 14 BYOAD</dc:subject><dc:identifier>5592</dc:identifier></reference><ident system="http://cyber.mil/cci">CCI-000382</ident><fixtext fixref="F-64046r950737_fix">It is not possible to disable phone cameras and/or microphones when in BYOD mode. Therefore, do not allow Samsung Android 14 BYOADs in DOD facilities where mobile phone cameras and/or microphones are prohibited.</fixtext><fix id="F-64046r950737_fix" /><check system="C-64139r950736_chk"><check-content-ref href="U_SS_Android_14_BYOAD_STIG_V1R0-1_Manual-xccdf.xml" name="M" /><check-content>Verify Samsung Android 14 BYOADs are prohibited in DOD facilities that prohibit mobile devices with cameras and microphones.

If for DOD sites that prohibit mobile devices with cameras and microphones, Samsung Android 14 BYOADs have not been prohibited from the facility by the ISSO/ISSM, this is a finding.</check-content></check></Rule></Group><Group id="V-260410"><title>PP-BYO-000200</title><description>&lt;GroupDescription&gt;&lt;/GroupDescription&gt;</description><Rule id="SV-260410r950741_rule" weight="10.0" severity="high"><version>KNOX-14-802800</version><title>The mobile device used for BYOAD must be NIAP validated.</title><description>&lt;VulnDiscussion&gt;Nonapproved mobile devices may not include sufficient controls to protect work data, applications, and networks from malware or adversary attack.

Components must only approve devices listed on the NIAP product compliant list or products listed in evaluation at the following links respectfully:

- https://www.niap-ccevs.org/Product/
- https://www.niap-ccevs.org/Product/PINE.cfm

Reference: DOD policy "Use of Non-Government Mobile Devices" (3.b.(1)i).

SFR ID: FMT_SMF_EXT.1.1 #47&lt;/VulnDiscussion&gt;&lt;FalsePositives&gt;&lt;/FalsePositives&gt;&lt;FalseNegatives&gt;&lt;/FalseNegatives&gt;&lt;Documentable&gt;false&lt;/Documentable&gt;&lt;Mitigations&gt;&lt;/Mitigations&gt;&lt;SeverityOverrideGuidance&gt;&lt;/SeverityOverrideGuidance&gt;&lt;PotentialImpacts&gt;&lt;/PotentialImpacts&gt;&lt;ThirdPartyTools&gt;&lt;/ThirdPartyTools&gt;&lt;MitigationControl&gt;&lt;/MitigationControl&gt;&lt;Responsibility&gt;&lt;/Responsibility&gt;&lt;IAControls&gt;&lt;/IAControls&gt;</description><reference><dc:title>DPMS Target Samsung Android 14 BYOAD</dc:title><dc:publisher>DISA</dc:publisher><dc:type>DPMS Target</dc:type><dc:subject>Samsung Android 14 BYOAD</dc:subject><dc:identifier>5592</dc:identifier></reference><ident system="http://cyber.mil/cci">CCI-000366</ident><fixtext fixref="F-64047r950740_fix">Use only mobile devices for BYOAD that are NIAP validated (included on the NIAP list of compliant products or products in evaluation).</fixtext><fix id="F-64047r950740_fix" /><check system="C-64140r950739_chk"><check-content-ref href="U_SS_Android_14_BYOAD_STIG_V1R0-1_Manual-xccdf.xml" name="M" /><check-content>Verify the mobile device used for BYOAD is NIAP validated (included on the NIAP list of compliant products or products in evaluation). 

If the mobile device used for BYOAD is not NIAP validated (included on the NIAP list of compliant products or products in evaluation), this is a finding.</check-content></check></Rule></Group></Benchmark>