<?xml version="1.0" encoding="utf-8"?><?xml-stylesheet type='text/xsl' href='STIG_unclass.xsl'?><Benchmark xmlns:dc="http://purl.org/dc/elements/1.1/" xmlns:xsi="http://www.w3.org/2001/XMLSchema-instance" xmlns:cpe="http://cpe.mitre.org/language/2.0" xmlns:xhtml="http://www.w3.org/1999/xhtml" xmlns:dsig="http://www.w3.org/2000/09/xmldsig#" xsi:schemaLocation="http://checklists.nist.gov/xccdf/1.1 http://nvd.nist.gov/schema/xccdf-1.1.4.xsd http://cpe.mitre.org/dictionary/2.0 http://cpe.mitre.org/files/cpe-dictionary_2.1.xsd" id="VMW_NSX-T_T-0_RTR_STIG" xml:lang="en" xmlns="http://checklists.nist.gov/xccdf/1.1"><status date="2022-09-01">accepted</status><title>VMware NSX-T Tier-0 Gateway RTR Security Technical Implementation Guide</title><description>This Security Technical Implementation Guide is published as a tool to improve the security of Department of Defense (DoD) information systems. The requirements are derived from the National Institute of Standards and Technology (NIST) 800-53 and related documents. Comments or proposed revisions to this document should be sent via email to the following address: disa.stig_spt@mail.mil.</description><notice id="terms-of-use" xml:lang="en"></notice><front-matter xml:lang="en"></front-matter><rear-matter xml:lang="en"></rear-matter><reference href="https://cyber.mil"><dc:publisher>DISA</dc:publisher><dc:source>STIG.DOD.MIL</dc:source></reference><plain-text id="release-info">Release: 2 Benchmark Date: 02 Sep 2022</plain-text><plain-text id="generator">3.4.0.34222</plain-text><plain-text id="conventionsVersion">1.10.0</plain-text><version>1</version><Profile id="MAC-1_Classified"><title>I - Mission Critical Classified</title><description>&lt;ProfileDescription&gt;&lt;/ProfileDescription&gt;</description><select idref="V-251744" selected="true" /><select idref="V-251745" selected="true" /><select idref="V-251746" selected="true" /><select idref="V-251747" selected="true" /><select idref="V-251748" selected="true" /><select idref="V-251749" selected="true" /><select idref="V-251750" selected="true" /><select idref="V-251751" selected="true" /><select idref="V-251752" selected="true" /><select idref="V-251753" selected="true" /><select idref="V-251754" selected="true" /><select idref="V-251755" selected="true" /><select idref="V-251756" selected="true" /><select idref="V-251757" selected="true" /><select idref="V-251758" selected="true" /><select idref="V-251759" selected="true" /></Profile><Profile id="MAC-1_Public"><title>I - Mission Critical Public</title><description>&lt;ProfileDescription&gt;&lt;/ProfileDescription&gt;</description><select idref="V-251744" selected="true" /><select idref="V-251745" selected="true" /><select idref="V-251746" selected="true" /><select idref="V-251747" selected="true" /><select idref="V-251748" selected="true" /><select idref="V-251749" selected="true" /><select idref="V-251750" selected="true" /><select idref="V-251751" selected="true" /><select idref="V-251752" selected="true" /><select idref="V-251753" selected="true" /><select idref="V-251754" selected="true" /><select idref="V-251755" selected="true" /><select idref="V-251756" selected="true" /><select idref="V-251757" selected="true" /><select idref="V-251758" selected="true" /><select idref="V-251759" selected="true" /></Profile><Profile id="MAC-1_Sensitive"><title>I - Mission Critical Sensitive</title><description>&lt;ProfileDescription&gt;&lt;/ProfileDescription&gt;</description><select idref="V-251744" selected="true" /><select idref="V-251745" selected="true" /><select idref="V-251746" selected="true" /><select idref="V-251747" selected="true" /><select idref="V-251748" selected="true" /><select idref="V-251749" selected="true" /><select idref="V-251750" selected="true" /><select idref="V-251751" selected="true" /><select idref="V-251752" selected="true" /><select idref="V-251753" selected="true" /><select idref="V-251754" selected="true" /><select idref="V-251755" selected="true" /><select idref="V-251756" selected="true" /><select idref="V-251757" selected="true" /><select idref="V-251758" selected="true" /><select idref="V-251759" selected="true" /></Profile><Profile id="MAC-2_Classified"><title>II - Mission Support Classified</title><description>&lt;ProfileDescription&gt;&lt;/ProfileDescription&gt;</description><select idref="V-251744" selected="true" /><select idref="V-251745" selected="true" /><select idref="V-251746" selected="true" /><select idref="V-251747" selected="true" /><select idref="V-251748" selected="true" /><select idref="V-251749" selected="true" /><select idref="V-251750" selected="true" /><select idref="V-251751" selected="true" /><select idref="V-251752" selected="true" /><select idref="V-251753" selected="true" /><select idref="V-251754" selected="true" /><select idref="V-251755" selected="true" /><select idref="V-251756" selected="true" /><select idref="V-251757" selected="true" /><select idref="V-251758" selected="true" /><select idref="V-251759" selected="true" /></Profile><Profile id="MAC-2_Public"><title>II - Mission Support Public</title><description>&lt;ProfileDescription&gt;&lt;/ProfileDescription&gt;</description><select idref="V-251744" selected="true" /><select idref="V-251745" selected="true" /><select idref="V-251746" selected="true" /><select idref="V-251747" selected="true" /><select idref="V-251748" selected="true" /><select idref="V-251749" selected="true" /><select idref="V-251750" selected="true" /><select idref="V-251751" selected="true" /><select idref="V-251752" selected="true" /><select idref="V-251753" selected="true" /><select idref="V-251754" selected="true" /><select idref="V-251755" selected="true" /><select idref="V-251756" selected="true" /><select idref="V-251757" selected="true" /><select idref="V-251758" selected="true" /><select idref="V-251759" selected="true" /></Profile><Profile id="MAC-2_Sensitive"><title>II - Mission Support Sensitive</title><description>&lt;ProfileDescription&gt;&lt;/ProfileDescription&gt;</description><select idref="V-251744" selected="true" /><select idref="V-251745" selected="true" /><select idref="V-251746" selected="true" /><select idref="V-251747" selected="true" /><select idref="V-251748" selected="true" /><select idref="V-251749" selected="true" /><select idref="V-251750" selected="true" /><select idref="V-251751" selected="true" /><select idref="V-251752" selected="true" /><select idref="V-251753" selected="true" /><select idref="V-251754" selected="true" /><select idref="V-251755" selected="true" /><select idref="V-251756" selected="true" /><select idref="V-251757" selected="true" /><select idref="V-251758" selected="true" /><select idref="V-251759" selected="true" /></Profile><Profile id="MAC-3_Classified"><title>III - Administrative Classified</title><description>&lt;ProfileDescription&gt;&lt;/ProfileDescription&gt;</description><select idref="V-251744" selected="true" /><select idref="V-251745" selected="true" /><select idref="V-251746" selected="true" /><select idref="V-251747" selected="true" /><select idref="V-251748" selected="true" /><select idref="V-251749" selected="true" /><select idref="V-251750" selected="true" /><select idref="V-251751" selected="true" /><select idref="V-251752" selected="true" /><select idref="V-251753" selected="true" /><select idref="V-251754" selected="true" /><select idref="V-251755" selected="true" /><select idref="V-251756" selected="true" /><select idref="V-251757" selected="true" /><select idref="V-251758" selected="true" /><select idref="V-251759" selected="true" /></Profile><Profile id="MAC-3_Public"><title>III - Administrative Public</title><description>&lt;ProfileDescription&gt;&lt;/ProfileDescription&gt;</description><select idref="V-251744" selected="true" /><select idref="V-251745" selected="true" /><select idref="V-251746" selected="true" /><select idref="V-251747" selected="true" /><select idref="V-251748" selected="true" /><select idref="V-251749" selected="true" /><select idref="V-251750" selected="true" /><select idref="V-251751" selected="true" /><select idref="V-251752" selected="true" /><select idref="V-251753" selected="true" /><select idref="V-251754" selected="true" /><select idref="V-251755" selected="true" /><select idref="V-251756" selected="true" /><select idref="V-251757" selected="true" /><select idref="V-251758" selected="true" /><select idref="V-251759" selected="true" /></Profile><Profile id="MAC-3_Sensitive"><title>III - Administrative Sensitive</title><description>&lt;ProfileDescription&gt;&lt;/ProfileDescription&gt;</description><select idref="V-251744" selected="true" /><select idref="V-251745" selected="true" /><select idref="V-251746" selected="true" /><select idref="V-251747" selected="true" /><select idref="V-251748" selected="true" /><select idref="V-251749" selected="true" /><select idref="V-251750" selected="true" /><select idref="V-251751" selected="true" /><select idref="V-251752" selected="true" /><select idref="V-251753" selected="true" /><select idref="V-251754" selected="true" /><select idref="V-251755" selected="true" /><select idref="V-251756" selected="true" /><select idref="V-251757" selected="true" /><select idref="V-251758" selected="true" /><select idref="V-251759" selected="true" /></Profile><Group id="V-251744"><title>SRG-NET-000018-RTR-000003</title><description>&lt;GroupDescription&gt;&lt;/GroupDescription&gt;</description><Rule id="SV-251744r810116_rule" weight="10.0" severity="medium"><version>T0RT-3X-000003</version><title>The NSX-T Tier-0 Gateway must be configured to reject inbound route advertisements for any prefixes belonging to the local autonomous system (AS).</title><description>&lt;VulnDiscussion&gt;Accepting route advertisements belonging to the local AS can result in traffic looping or being black holed, or at a minimum using a non-optimized path.&lt;/VulnDiscussion&gt;&lt;FalsePositives&gt;&lt;/FalsePositives&gt;&lt;FalseNegatives&gt;&lt;/FalseNegatives&gt;&lt;Documentable&gt;false&lt;/Documentable&gt;&lt;Mitigations&gt;&lt;/Mitigations&gt;&lt;SeverityOverrideGuidance&gt;&lt;/SeverityOverrideGuidance&gt;&lt;PotentialImpacts&gt;&lt;/PotentialImpacts&gt;&lt;ThirdPartyTools&gt;&lt;/ThirdPartyTools&gt;&lt;MitigationControl&gt;&lt;/MitigationControl&gt;&lt;Responsibility&gt;&lt;/Responsibility&gt;&lt;IAControls&gt;&lt;/IAControls&gt;</description><reference><dc:title>DPMS Target VMware NSX-T Tier-0 Gateway RTR</dc:title><dc:publisher>DISA</dc:publisher><dc:type>DPMS Target</dc:type><dc:subject>VMware NSX-T Tier-0 Gateway RTR</dc:subject><dc:identifier>5452</dc:identifier></reference><ident system="http://cyber.mil/cci">CCI-001368</ident><fixtext fixref="F-55135r810115_fix">To configure a route filter do the following:

From the NSX-T Manager web interface, go to Networking &gt;&gt; Tier-0 Gateways &gt;&gt; edit the target Tier-0 gateway.

Expand Routing and open the IP Prefix List dialog. Edit an existing, or add a new prefix list that contains the prefixes belonging to the local AS to deny them. Click "Save".

To apply a route filter to a BGP neighbor do the following:

From the NSX-T Manager web interface, go to Networking &gt;&gt; Tier-0 Gateways and edit the target Tier-0 gateway.

Expand BGP, and next to BGP Neighbors, click on the number present to open the dialog. Select "Edit" on the target BGP Neighbor.

Open the router filter dialog and add or edit an existing router filter. Configure the In Filter with the filter previously created and click "Save", "Add", "Apply", and "Save".</fixtext><fix id="F-55135r810115_fix" /><check system="C-55181r810114_chk"><check-content-ref href="VMware_NSX-T_Tier-0_Gateway_RTR_STIG.xml" name="M" /><check-content>If the Tier-0 Gateway is not using eBGP, this is Not Applicable.

From the NSX-T Manager web interface, go to Networking &gt;&gt; Tier-0 Gateways.

For every Tier-0 Gateway, expand Tier-0 Gateway &gt;&gt;BGP. Near to BGP Neighbors, click on the number present to open the dialog.

For each neighbor examine any router filters to determine if any inbound route filters are applied.

If the In Filter is not configured with a prefix list that rejects prefixes belonging to the local AS, this is a finding.</check-content></check></Rule></Group><Group id="V-251745"><title>SRG-NET-000019-RTR-000003</title><description>&lt;GroupDescription&gt;&lt;/GroupDescription&gt;</description><Rule id="SV-251745r810119_rule" weight="10.0" severity="medium"><version>T0RT-3X-000013</version><title>The NSX-T Tier-0 Gateway must be configured to disable Protocol Independent Multicast (PIM) on all interfaces that are not required to support multicast routing.</title><description>&lt;VulnDiscussion&gt;If multicast traffic is forwarded beyond the intended boundary, it is possible that it can be intercepted by unauthorized or unintended personnel. Limiting where, within the network, a given multicast group's data is permitted to flow is an important first step in improving multicast security. 

A scope zone is an instance of a connected region of a given scope. Zones of the same scope cannot overlap while zones of a smaller scope will fit completely within a zone of a larger scope. For example, Admin-local scope is smaller than Site-local scope, so the administratively configured boundary fits within the bounds of a site. According to RFC 4007 IPv6 Scoped Address Architecture (section 5), scope zones are also required to be "convex from a routing perspective"; that is, packets routed within a zone must not pass through any links that are outside of the zone. This requirement forces each zone to be one contiguous island rather than a series of separate islands. 

As stated in the DoD IPv6 IA Guidance for MO3, "One should be able to identify all interfaces of a zone by drawing a closed loop on their network diagram, engulfing some routers and passing through some routers to include only some of their interfaces." Therefore, it is imperative that the network engineers have documented their multicast topology and thereby know which interfaces are enabled for multicast. Once this is done, the zones can be scoped as required.&lt;/VulnDiscussion&gt;&lt;FalsePositives&gt;&lt;/FalsePositives&gt;&lt;FalseNegatives&gt;&lt;/FalseNegatives&gt;&lt;Documentable&gt;false&lt;/Documentable&gt;&lt;Mitigations&gt;&lt;/Mitigations&gt;&lt;SeverityOverrideGuidance&gt;&lt;/SeverityOverrideGuidance&gt;&lt;PotentialImpacts&gt;&lt;/PotentialImpacts&gt;&lt;ThirdPartyTools&gt;&lt;/ThirdPartyTools&gt;&lt;MitigationControl&gt;&lt;/MitigationControl&gt;&lt;Responsibility&gt;&lt;/Responsibility&gt;&lt;IAControls&gt;&lt;/IAControls&gt;</description><reference><dc:title>DPMS Target VMware NSX-T Tier-0 Gateway RTR</dc:title><dc:publisher>DISA</dc:publisher><dc:type>DPMS Target</dc:type><dc:subject>VMware NSX-T Tier-0 Gateway RTR</dc:subject><dc:identifier>5452</dc:identifier></reference><ident system="http://cyber.mil/cci">CCI-001414</ident><fixtext fixref="F-55136r810118_fix">Disable multicast PIM routing on interfaces that are not required to support multicast by doing the following:

From the NSX-T Manager web interface, go to Networking &gt;&gt; Tier-0 Gateways and expand the target Tier-0 gateway.

Expand "Interfaces", click on the number of interfaces present to open the interfaces dialog, and then select "Edit" on the target interface.

Expand "Multicast", change PIM to "disabled", and then click "Save".</fixtext><fix id="F-55136r810118_fix" /><check system="C-55182r810117_chk"><check-content-ref href="VMware_NSX-T_Tier-0_Gateway_RTR_STIG.xml" name="M" /><check-content>From the NSX-T Manager web interface, go to Networking &gt;&gt; Tier-0 Gateways.

For every Tier-0 Gateway, expand the Tier-0 Gateway &gt;&gt; Interfaces, and click on the number of interfaces present to open the interfaces dialog.

Expand each interface that is not required to support multicast routing, then expand "Multicast" and verify PIM is disabled.

If PIM is enabled on any interfaces that are not supporting multicast routing, this is a finding.</check-content></check></Rule></Group><Group id="V-251746"><title>SRG-NET-000019-RTR-000007</title><description>&lt;GroupDescription&gt;&lt;/GroupDescription&gt;</description><Rule id="SV-251746r810122_rule" weight="10.0" severity="low"><version>T0RT-3X-000016</version><title>The NSX-T Tier-0 Gateway must be configured to have all inactive interfaces removed.</title><description>&lt;VulnDiscussion&gt;An inactive interface is rarely monitored or controlled and may expose a network to an undetected attack on that interface.

If an interface is no longer used, the configuration must be deleted.&lt;/VulnDiscussion&gt;&lt;FalsePositives&gt;&lt;/FalsePositives&gt;&lt;FalseNegatives&gt;&lt;/FalseNegatives&gt;&lt;Documentable&gt;false&lt;/Documentable&gt;&lt;Mitigations&gt;&lt;/Mitigations&gt;&lt;SeverityOverrideGuidance&gt;&lt;/SeverityOverrideGuidance&gt;&lt;PotentialImpacts&gt;&lt;/PotentialImpacts&gt;&lt;ThirdPartyTools&gt;&lt;/ThirdPartyTools&gt;&lt;MitigationControl&gt;&lt;/MitigationControl&gt;&lt;Responsibility&gt;&lt;/Responsibility&gt;&lt;IAControls&gt;&lt;/IAControls&gt;</description><reference><dc:title>DPMS Target VMware NSX-T Tier-0 Gateway RTR</dc:title><dc:publisher>DISA</dc:publisher><dc:type>DPMS Target</dc:type><dc:subject>VMware NSX-T Tier-0 Gateway RTR</dc:subject><dc:identifier>5452</dc:identifier></reference><ident system="http://cyber.mil/cci">CCI-001414</ident><fixtext fixref="F-55137r810121_fix">Disable multicast PIM routing on interfaces that are not required to support multicast by doing the following:

From the NSX-T Manager web interface, go to Networking &gt;&gt; Tier-0 Gateways and expand the target Tier-0 gateway.

Expand "Interfaces", then click on the number of interfaces present to open the interfaces dialog. Select "Delete" on the unneeded interface, and then click "Delete" again to confirm.</fixtext><fix id="F-55137r810121_fix" /><check system="C-55183r810120_chk"><check-content-ref href="VMware_NSX-T_Tier-0_Gateway_RTR_STIG.xml" name="M" /><check-content>From the NSX-T Manager web interface, go to Networking &gt;&gt; Tier-0 Gateways.

For every Tier-0 Gateway, expand the Tier-0 Gateway &gt;&gt; Interfaces, and click on the number of interfaces present to open the interfaces dialog.

Review each interface present to determine if they are not in use or inactive.

If there are any interfaces present on a Tier-0 Gateway that are not in use or inactive, this is a finding.</check-content></check></Rule></Group><Group id="V-251747"><title>SRG-NET-000131-RTR-000035</title><description>&lt;GroupDescription&gt;&lt;/GroupDescription&gt;</description><Rule id="SV-251747r810125_rule" weight="10.0" severity="low"><version>T0RT-3X-000027</version><title>The NSX-T Tier-0 Gateway must be configured to have the DHCP service disabled if not in use.</title><description>&lt;VulnDiscussion&gt;A compromised router introduces risk to the entire network infrastructure, as well as data resources that are accessible via the network. The perimeter defense has no oversight or control of attacks by malicious users within the network. Preventing network breaches from within is dependent on implementing a comprehensive defense-in-depth strategy, including securing each device connected to the network.

This is accomplished by following and implementing all security guidance applicable for each node type. A fundamental step in securing each router is to enable only the capabilities required for operation.&lt;/VulnDiscussion&gt;&lt;FalsePositives&gt;&lt;/FalsePositives&gt;&lt;FalseNegatives&gt;&lt;/FalseNegatives&gt;&lt;Documentable&gt;false&lt;/Documentable&gt;&lt;Mitigations&gt;&lt;/Mitigations&gt;&lt;SeverityOverrideGuidance&gt;&lt;/SeverityOverrideGuidance&gt;&lt;PotentialImpacts&gt;&lt;/PotentialImpacts&gt;&lt;ThirdPartyTools&gt;&lt;/ThirdPartyTools&gt;&lt;MitigationControl&gt;&lt;/MitigationControl&gt;&lt;Responsibility&gt;&lt;/Responsibility&gt;&lt;IAControls&gt;&lt;/IAControls&gt;</description><reference><dc:title>DPMS Target VMware NSX-T Tier-0 Gateway RTR</dc:title><dc:publisher>DISA</dc:publisher><dc:type>DPMS Target</dc:type><dc:subject>VMware NSX-T Tier-0 Gateway RTR</dc:subject><dc:identifier>5452</dc:identifier></reference><ident system="http://cyber.mil/cci">CCI-000381</ident><fixtext fixref="F-55138r810124_fix">From the NSX-T Manager web interface, go to Networking &gt;&gt; Tier-0 Gateways and edit the target Tier-0 Gateway.

Click "Set DHCP Configuration", select "No Dynamic IP Address Allocation", and then click "Save". Close "Editing".</fixtext><fix id="F-55138r810124_fix" /><check system="C-55184r810123_chk"><check-content-ref href="VMware_NSX-T_Tier-0_Gateway_RTR_STIG.xml" name="M" /><check-content>From the NSX-T Manager web interface, go to Networking &gt;&gt; Tier-0 Gateways.

For every Tier-0 Gateway expand the Tier-0 Gateway to view the DHCP configuration.

If a DHCP profile is configured and not in use, this is a finding.</check-content></check></Rule></Group><Group id="V-251748"><title>SRG-NET-000193-RTR-000112</title><description>&lt;GroupDescription&gt;&lt;/GroupDescription&gt;</description><Rule id="SV-251748r810128_rule" weight="10.0" severity="medium"><version>T0RT-3X-000034</version><title>The NSX-T Tier-0 Gateway must be configured to enforce a Quality-of-Service (QoS) policy to limit the effects of packet flooding denial-of-service (DoS) attacks.</title><description>&lt;VulnDiscussion&gt;DoS is a condition when a resource is not available for legitimate users. Packet flooding distributed denial-of-service (DDoS) attacks are referred to as volumetric attacks and have the objective of overloading a network or circuit to deny or seriously degrade performance, which denies access to the services that normally traverse the network or circuit. Volumetric attacks have become relatively easy to launch using readily available tools such as Low Orbit Ion Cannon or botnets. 

Measures to mitigate the effects of a successful volumetric attack must be taken to ensure that sufficient capacity is available for mission-critical traffic. Managing capacity may include, for example, establishing selected network usage priorities or quotas and enforcing them using rate limiting, QoS, or other resource reservation control methods. These measures may also mitigate the effects of sudden decreases in network capacity that are the result of accidental or intentional physical damage to telecommunications facilities (such as cable cuts or weather-related outages).&lt;/VulnDiscussion&gt;&lt;FalsePositives&gt;&lt;/FalsePositives&gt;&lt;FalseNegatives&gt;&lt;/FalseNegatives&gt;&lt;Documentable&gt;false&lt;/Documentable&gt;&lt;Mitigations&gt;&lt;/Mitigations&gt;&lt;SeverityOverrideGuidance&gt;&lt;/SeverityOverrideGuidance&gt;&lt;PotentialImpacts&gt;&lt;/PotentialImpacts&gt;&lt;ThirdPartyTools&gt;&lt;/ThirdPartyTools&gt;&lt;MitigationControl&gt;&lt;/MitigationControl&gt;&lt;Responsibility&gt;&lt;/Responsibility&gt;&lt;IAControls&gt;&lt;/IAControls&gt;</description><reference><dc:title>DPMS Target VMware NSX-T Tier-0 Gateway RTR</dc:title><dc:publisher>DISA</dc:publisher><dc:type>DPMS Target</dc:type><dc:subject>VMware NSX-T Tier-0 Gateway RTR</dc:subject><dc:identifier>5452</dc:identifier></reference><ident system="http://cyber.mil/cci">CCI-001095</ident><fixtext fixref="F-55139r810127_fix">To create a segment QoS profile do the following:

From the NSX-T Manager web interface, go to Networking &gt;&gt; Segments &gt;&gt; Segment Profiles.

Click "Add Segment Profile" and select "QoS".

Configure a profile name and QoS settings as needed, and then click "Save".

To apply a QoS profile to a segment do the following:

From the NSX-T Manager web interface, go to Networking &gt;&gt; Segments &gt;&gt; Edit the target segment.

Expand Segment Profiles and under QoS select the profile previously created and click "Save".</fixtext><fix id="F-55139r810127_fix" /><check system="C-55185r810126_chk"><check-content-ref href="VMware_NSX-T_Tier-0_Gateway_RTR_STIG.xml" name="M" /><check-content>From the NSX-T Manager web interface, go to Networking &gt;&gt; Segments.

For every Segment connected to a Tier-0 Gateway, Expand Segment &gt;&gt; Expand Segment Profiles &gt;&gt; Record QOS Segment Profile.

Go to Segment Profiles &gt;&gt; Expand QOS Segment Profile recorded in previous steps.

If there are traffic priorities specified by the Combatant Commands/Services/Agencies needed to ensure sufficient capacity for mission-critical traffic and none are configured, this is a finding.</check-content></check></Rule></Group><Group id="V-251749"><title>SRG-NET-000205-RTR-000001</title><description>&lt;GroupDescription&gt;&lt;/GroupDescription&gt;</description><Rule id="SV-251749r810131_rule" weight="10.0" severity="high"><version>T0RT-3X-000038</version><title>The NSX-T Tier-0 Gateway must be configured to restrict traffic destined to itself.</title><description>&lt;VulnDiscussion&gt;The route processor handles traffic destined to the router, the key component used to build forwarding paths, and is also instrumental with all network management functions. Hence, any disruption or DoS attack to the route processor can result in mission critical network outages.&lt;/VulnDiscussion&gt;&lt;FalsePositives&gt;&lt;/FalsePositives&gt;&lt;FalseNegatives&gt;&lt;/FalseNegatives&gt;&lt;Documentable&gt;false&lt;/Documentable&gt;&lt;Mitigations&gt;&lt;/Mitigations&gt;&lt;SeverityOverrideGuidance&gt;&lt;/SeverityOverrideGuidance&gt;&lt;PotentialImpacts&gt;&lt;/PotentialImpacts&gt;&lt;ThirdPartyTools&gt;&lt;/ThirdPartyTools&gt;&lt;MitigationControl&gt;&lt;/MitigationControl&gt;&lt;Responsibility&gt;&lt;/Responsibility&gt;&lt;IAControls&gt;&lt;/IAControls&gt;</description><reference><dc:title>DPMS Target VMware NSX-T Tier-0 Gateway RTR</dc:title><dc:publisher>DISA</dc:publisher><dc:type>DPMS Target</dc:type><dc:subject>VMware NSX-T Tier-0 Gateway RTR</dc:subject><dc:identifier>5452</dc:identifier></reference><ident system="http://cyber.mil/cci">CCI-001097</ident><fixtext fixref="F-55140r810130_fix">To configure firewall rule(s) to restrict traffic destined to interfaces on a Tier-0 Gateway do the following:

From the NSX-T Manager web interface, go to Security &gt;&gt; Gateway Firewall &gt;&gt; Gateway Specific Rules and select the target Tier-0 Gateway from the drop-down.

Click "Add Rule" (Add a policy first if needed) and configure the destinations to include all IPs for external interfaces.

Update the action to "Drop" or "Reject".

Enable logging, then under the "Applied To" field, select the target Tier-0 Gateways and click "Publish" to enforce the new rule.

Other rules may be constructed to allow traffic to external interface IPs if required above this default deny rule.</fixtext><fix id="F-55140r810130_fix" /><check system="C-55186r810129_chk"><check-content-ref href="VMware_NSX-T_Tier-0_Gateway_RTR_STIG.xml" name="M" /><check-content>If the Tier-0 Gateway is deployed in an Active/Active HA mode, this is Not Applicable.

From the NSX-T Manager web interface, go to Security &gt;&gt; Gateway Firewall &gt;&gt; Gateway Specific Rules and choose each Tier-0 Gateway in the drop-down.

Review each Tier-0 Gateway Firewalls rules to verify rules exist to restrict traffic to itself.

If a rule or rules do not exist to restrict traffic to external interface IPs, this is a finding.</check-content></check></Rule></Group><Group id="V-251750"><title>SRG-NET-000205-RTR-000014</title><description>&lt;GroupDescription&gt;&lt;/GroupDescription&gt;</description><Rule id="SV-251750r810134_rule" weight="10.0" severity="high"><version>T0RT-3X-000051</version><title>Unicast Reverse Path Forwarding (uRPF) must be enabled on the NSX-T Tier-0 Gateway.</title><description>&lt;VulnDiscussion&gt;A compromised host in an enclave can be used by a malicious platform to launch cyber attacks on third parties. This is a common practice in "botnets", which are a collection of compromised computers using malware to attack other computers or networks. Distributed denial-of-service (DDoS) attacks frequently leverage IP source address spoofing to send packets to multiple hosts that in turn will then send return traffic to the hosts with the IP addresses that were forged.

This can generate significant amounts of traffic. Therefore, protection measures to counteract IP source address spoofing must be taken. When uRPF is enabled in strict mode, the packet must be received on the interface that the device would use to forward the return packet; thereby mitigating IP source address spoofing.&lt;/VulnDiscussion&gt;&lt;FalsePositives&gt;&lt;/FalsePositives&gt;&lt;FalseNegatives&gt;&lt;/FalseNegatives&gt;&lt;Documentable&gt;false&lt;/Documentable&gt;&lt;Mitigations&gt;&lt;/Mitigations&gt;&lt;SeverityOverrideGuidance&gt;&lt;/SeverityOverrideGuidance&gt;&lt;PotentialImpacts&gt;&lt;/PotentialImpacts&gt;&lt;ThirdPartyTools&gt;&lt;/ThirdPartyTools&gt;&lt;MitigationControl&gt;&lt;/MitigationControl&gt;&lt;Responsibility&gt;&lt;/Responsibility&gt;&lt;IAControls&gt;&lt;/IAControls&gt;</description><reference><dc:title>DPMS Target VMware NSX-T Tier-0 Gateway RTR</dc:title><dc:publisher>DISA</dc:publisher><dc:type>DPMS Target</dc:type><dc:subject>VMware NSX-T Tier-0 Gateway RTR</dc:subject><dc:identifier>5452</dc:identifier></reference><ident system="http://cyber.mil/cci">CCI-001094</ident><fixtext fixref="F-55141r810133_fix">Enable strict URPF mode on interfaces by doing the following:

From the NSX-T Manager web interface, go to Networking &gt;&gt; Tier-0 Gateways and expand the target Tier-0 gateway.

Expand Interfaces, then click on the number of interfaces present to open the interfaces dialog. Select "Edit" on the target interface.

From the drop-down, set the URPF mode to "Strict" and then click "Save".</fixtext><fix id="F-55141r810133_fix" /><check system="C-55187r810132_chk"><check-content-ref href="VMware_NSX-T_Tier-0_Gateway_RTR_STIG.xml" name="M" /><check-content>From the NSX-T Manager web interface, go to Networking &gt;&gt; Tier-0 Gateways.

For every Tier-0 Gateway, expand Tier-0 Gateway &gt;&gt; Interfaces, and then click on the number of interfaces present to open the interfaces dialog.

Expand each interface to view the URPF Mode configuration.

If URPF Mode is not set to "Strict" on any interface, this is a finding.</check-content></check></Rule></Group><Group id="V-251751"><title>SRG-NET-000230-RTR-000001</title><description>&lt;GroupDescription&gt;&lt;/GroupDescription&gt;</description><Rule id="SV-251751r856692_rule" weight="10.0" severity="medium"><version>T0RT-3X-000054</version><title>The NSX-T Tier-0 Gateway must be configured to implement message authentication for all control plane protocols.</title><description>&lt;VulnDiscussion&gt;A rogue router could send a fictitious routing update to convince a site's perimeter router to send traffic to an incorrect or even a rogue destination. This diverted traffic could be analyzed to learn confidential information about the site's network or used to disrupt the network's ability to communicate with other networks. This is known as a "traffic attraction attack" and is prevented by configuring neighbor router authentication for routing updates.&lt;/VulnDiscussion&gt;&lt;FalsePositives&gt;&lt;/FalsePositives&gt;&lt;FalseNegatives&gt;&lt;/FalseNegatives&gt;&lt;Documentable&gt;false&lt;/Documentable&gt;&lt;Mitigations&gt;&lt;/Mitigations&gt;&lt;SeverityOverrideGuidance&gt;&lt;/SeverityOverrideGuidance&gt;&lt;PotentialImpacts&gt;&lt;/PotentialImpacts&gt;&lt;ThirdPartyTools&gt;&lt;/ThirdPartyTools&gt;&lt;MitigationControl&gt;&lt;/MitigationControl&gt;&lt;Responsibility&gt;&lt;/Responsibility&gt;&lt;IAControls&gt;&lt;/IAControls&gt;</description><reference><dc:title>DPMS Target VMware NSX-T Tier-0 Gateway RTR</dc:title><dc:publisher>DISA</dc:publisher><dc:type>DPMS Target</dc:type><dc:subject>VMware NSX-T Tier-0 Gateway RTR</dc:subject><dc:identifier>5452</dc:identifier></reference><ident system="http://cyber.mil/cci">CCI-000366</ident><ident system="http://cyber.mil/cci">CCI-002205</ident><fixtext fixref="F-55142r810136_fix">To set authentication for BGP neighbors do the following:

From the NSX-T Manager web interface, go to Networking &gt;&gt; Tier-0 Gateways, and expand the target Tier-0 gateway.

Expand BGP. Next to BGP Neighbors, click on the number present to open the dialog, then select "Edit" on the target BGP Neighbor.

Under Timers &amp; Password, enter a password up to 20 characters, and then click "Save".

To set authentication for OSPF Area definitions do the following:

From the NSX-T Manager web interface, go to Networking &gt;&gt; Tier-0 Gateways, and expand the target Tier-0 gateway.

Expand OSPF. Next to Area Definition, click on the number present to open the dialog, and then select "Edit" on the target OSPF Area.

Change the Authentication drop-down to Password or MD5, enter a Key ID and/or Password, and then click "Save".</fixtext><fix id="F-55142r810136_fix" /><check system="C-55188r810135_chk"><check-content-ref href="VMware_NSX-T_Tier-0_Gateway_RTR_STIG.xml" name="M" /><check-content>If the Tier-0 Gateway is not using BGP or OSPF, this is Not Applicable.

Since the NSX-T Tier-0 Gateway does not reveal if a BGP password is configured, interview the router administrator to determine if a password is configured on BGP neighbors.

If BGP neighbors do not have a password configured, this is a finding.

To verify OSPF areas are using authentication do the following:

From the NSX-T Manager web interface, go to Networking &gt;&gt; Tier-0 Gateways.

For every Tier-0 Gateway expand the "Tier-0 Gateway".

Expand "OSPF", click the number next to Area Definition, and view the Authentication field for each area.

If OSPF area definitions do not have Password or MD5 set for authentication, this is a finding.

Note: OSPF support was introduced in version 3.1.1.</check-content></check></Rule></Group><Group id="V-251752"><title>SRG-NET-000230-RTR-000002</title><description>&lt;GroupDescription&gt;&lt;/GroupDescription&gt;</description><Rule id="SV-251752r856693_rule" weight="10.0" severity="medium"><version>T0RT-3X-000055</version><title>The NSX-T Tier-0 Gateway must be configured to use a unique key for each autonomous system (AS) with which it peers.</title><description>&lt;VulnDiscussion&gt;If the same keys are used between eBGP neighbors, the chance of a hacker compromising any of the BGP sessions increases. It is possible that a malicious user exists in one autonomous system who would know the key used for the eBGP session. This user would then be able to hijack BGP sessions with other trusted neighbors.&lt;/VulnDiscussion&gt;&lt;FalsePositives&gt;&lt;/FalsePositives&gt;&lt;FalseNegatives&gt;&lt;/FalseNegatives&gt;&lt;Documentable&gt;false&lt;/Documentable&gt;&lt;Mitigations&gt;&lt;/Mitigations&gt;&lt;SeverityOverrideGuidance&gt;&lt;/SeverityOverrideGuidance&gt;&lt;PotentialImpacts&gt;&lt;/PotentialImpacts&gt;&lt;ThirdPartyTools&gt;&lt;/ThirdPartyTools&gt;&lt;MitigationControl&gt;&lt;/MitigationControl&gt;&lt;Responsibility&gt;&lt;/Responsibility&gt;&lt;IAControls&gt;&lt;/IAControls&gt;</description><reference><dc:title>DPMS Target VMware NSX-T Tier-0 Gateway RTR</dc:title><dc:publisher>DISA</dc:publisher><dc:type>DPMS Target</dc:type><dc:subject>VMware NSX-T Tier-0 Gateway RTR</dc:subject><dc:identifier>5452</dc:identifier></reference><ident system="http://cyber.mil/cci">CCI-000366</ident><ident system="http://cyber.mil/cci">CCI-002205</ident><fixtext fixref="F-55143r810139_fix">To set authentication for BGP neighbors do the following:

From the NSX-T Manager web interface, go to Networking &gt;&gt; Tier-0 Gateways, and expand the target Tier-0 gateway.

Expand BGP. Next to BGP Neighbors, click on the number present to open the dialog, and then select "Edit" on the target BGP Neighbor.

Under Timers &amp; Password, enter a password up to 20 characters that is different from other autonomous systems, and then click "Save".</fixtext><fix id="F-55143r810139_fix" /><check system="C-55189r810138_chk"><check-content-ref href="VMware_NSX-T_Tier-0_Gateway_RTR_STIG.xml" name="M" /><check-content>If the Tier-0 Gateway is not using BGP, this is Not Applicable.

Since the NSX-T Tier-0 Gateway does not reveal the current password, interview the router administrator to determine if unique keys are being used.

If unique keys are not being used for each AS, this is a finding.</check-content></check></Rule></Group><Group id="V-251753"><title>SRG-NET-000362-RTR-000113</title><description>&lt;GroupDescription&gt;&lt;/GroupDescription&gt;</description><Rule id="SV-251753r856694_rule" weight="10.0" severity="medium"><version>T0RT-3X-000064</version><title>The NSX-T Tier-0 Gateway must be configured to have Internet Control Message Protocol (ICMP) unreachable notifications disabled on all external interfaces.</title><description>&lt;VulnDiscussion&gt;The ICMP supports IP traffic by relaying information about paths, routes, and network conditions. Routers automatically send ICMP messages under a wide variety of conditions. Host unreachable ICMP messages are commonly used by attackers for network mapping and diagnosis.&lt;/VulnDiscussion&gt;&lt;FalsePositives&gt;&lt;/FalsePositives&gt;&lt;FalseNegatives&gt;&lt;/FalseNegatives&gt;&lt;Documentable&gt;false&lt;/Documentable&gt;&lt;Mitigations&gt;&lt;/Mitigations&gt;&lt;SeverityOverrideGuidance&gt;&lt;/SeverityOverrideGuidance&gt;&lt;PotentialImpacts&gt;&lt;/PotentialImpacts&gt;&lt;ThirdPartyTools&gt;&lt;/ThirdPartyTools&gt;&lt;MitigationControl&gt;&lt;/MitigationControl&gt;&lt;Responsibility&gt;&lt;/Responsibility&gt;&lt;IAControls&gt;&lt;/IAControls&gt;</description><reference><dc:title>DPMS Target VMware NSX-T Tier-0 Gateway RTR</dc:title><dc:publisher>DISA</dc:publisher><dc:type>DPMS Target</dc:type><dc:subject>VMware NSX-T Tier-0 Gateway RTR</dc:subject><dc:identifier>5452</dc:identifier></reference><ident system="http://cyber.mil/cci">CCI-002385</ident><fixtext fixref="F-55144r810142_fix">To configure a shared rule to drop ICMP unreachable messages do the following:

From the NSX-T Manager web interface, go to Security &gt;&gt; Gateway Firewall &gt;&gt; All Shared Rules.

Click "Add Rule" (Add a policy first if needed), under services select "ICMP Destination Unreachable", and then click "Apply".

Enable logging, and under the Applied To field select the target Tier-0 Gateways. Click "Publish" to enforce the new rule.

Note: A rule can also be created under Gateway Specific Rules to meet this requirement.</fixtext><fix id="F-55144r810142_fix" /><check system="C-55190r810141_chk"><check-content-ref href="VMware_NSX-T_Tier-0_Gateway_RTR_STIG.xml" name="M" /><check-content>If the Tier-0 Gateway is deployed in an Active/Active HA mode, this is Not Applicable.

From the NSX-T Manager web interface, go to Security &gt;&gt; Gateway Firewall &gt;&gt; Gateway Specific Rules, and choose each Tier-0 Gateway in the drop-down.

Review each Tier-0 Gateway Firewall rule to verify one exists to drop ICMP unreachable messages.

If a rule does not exist to drop ICMP unreachable messages, this is a finding.</check-content></check></Rule></Group><Group id="V-251754"><title>SRG-NET-000362-RTR-000114</title><description>&lt;GroupDescription&gt;&lt;/GroupDescription&gt;</description><Rule id="SV-251754r856695_rule" weight="10.0" severity="medium"><version>T0RT-3X-000065</version><title>The NSX-T Tier-0 Gateway must be configured to have Internet Control Message Protocol (ICMP) mask replies disabled on all external interfaces.</title><description>&lt;VulnDiscussion&gt;The ICMP supports IP traffic by relaying information about paths, routes, and network conditions. Routers automatically send ICMP messages under a wide variety of conditions. Mask Reply ICMP messages are commonly used by attackers for network mapping and diagnosis.&lt;/VulnDiscussion&gt;&lt;FalsePositives&gt;&lt;/FalsePositives&gt;&lt;FalseNegatives&gt;&lt;/FalseNegatives&gt;&lt;Documentable&gt;false&lt;/Documentable&gt;&lt;Mitigations&gt;&lt;/Mitigations&gt;&lt;SeverityOverrideGuidance&gt;&lt;/SeverityOverrideGuidance&gt;&lt;PotentialImpacts&gt;&lt;/PotentialImpacts&gt;&lt;ThirdPartyTools&gt;&lt;/ThirdPartyTools&gt;&lt;MitigationControl&gt;&lt;/MitigationControl&gt;&lt;Responsibility&gt;&lt;/Responsibility&gt;&lt;IAControls&gt;&lt;/IAControls&gt;</description><reference><dc:title>DPMS Target VMware NSX-T Tier-0 Gateway RTR</dc:title><dc:publisher>DISA</dc:publisher><dc:type>DPMS Target</dc:type><dc:subject>VMware NSX-T Tier-0 Gateway RTR</dc:subject><dc:identifier>5452</dc:identifier></reference><ident system="http://cyber.mil/cci">CCI-002385</ident><fixtext fixref="F-55145r810145_fix">To configure a shared rule to drop ICMP unreachable messages do the following:

From the NSX-T Manager web interface, go to Security &gt;&gt; Gateway Firewall &gt;&gt; All Shared Rules.

Click "Add Rule" (Add a policy first if needed), under "Services" select the custom service that identifies ICMP mask replies, and then click "Apply".

Enable logging, under the "Applied To" field select the target Tier-0 Gateways, and then click "Publish" to enforce the new rule.

Note: A rule can also be created under Gateway Specific Rules to meet this requirement.

Note: A pre-created service for ICMP mask replies does not exist by default and may need to be created.</fixtext><fix id="F-55145r810145_fix" /><check system="C-55191r810144_chk"><check-content-ref href="VMware_NSX-T_Tier-0_Gateway_RTR_STIG.xml" name="M" /><check-content>If the Tier-0 Gateway is deployed in an Active/Active HA mode, this is Not Applicable.

From the NSX-T Manager web interface, go to Security &gt;&gt; Gateway Firewall &gt;&gt; Gateway Specific Rules, and choose each Tier-0 Gateway in the drop-down.

Review each Tier-0 Gateway Firewall rule to verify one exists to drop ICMP mask replies.

If a rule does not exist to drop ICMP mask replies, this is a finding.</check-content></check></Rule></Group><Group id="V-251755"><title>SRG-NET-000362-RTR-000115</title><description>&lt;GroupDescription&gt;&lt;/GroupDescription&gt;</description><Rule id="SV-251755r856696_rule" weight="10.0" severity="medium"><version>T0RT-3X-000066</version><title>The NSX-T Tier-0 Gateway must be configured to have Internet Control Message Protocol (ICMP) redirects disabled on all external interfaces.</title><description>&lt;VulnDiscussion&gt;The ICMP supports IP traffic by relaying information about paths, routes, and network conditions. Routers automatically send ICMP messages under a wide variety of conditions. Redirect ICMP messages are commonly used by attackers for network mapping and diagnosis.&lt;/VulnDiscussion&gt;&lt;FalsePositives&gt;&lt;/FalsePositives&gt;&lt;FalseNegatives&gt;&lt;/FalseNegatives&gt;&lt;Documentable&gt;false&lt;/Documentable&gt;&lt;Mitigations&gt;&lt;/Mitigations&gt;&lt;SeverityOverrideGuidance&gt;&lt;/SeverityOverrideGuidance&gt;&lt;PotentialImpacts&gt;&lt;/PotentialImpacts&gt;&lt;ThirdPartyTools&gt;&lt;/ThirdPartyTools&gt;&lt;MitigationControl&gt;&lt;/MitigationControl&gt;&lt;Responsibility&gt;&lt;/Responsibility&gt;&lt;IAControls&gt;&lt;/IAControls&gt;</description><reference><dc:title>DPMS Target VMware NSX-T Tier-0 Gateway RTR</dc:title><dc:publisher>DISA</dc:publisher><dc:type>DPMS Target</dc:type><dc:subject>VMware NSX-T Tier-0 Gateway RTR</dc:subject><dc:identifier>5452</dc:identifier></reference><ident system="http://cyber.mil/cci">CCI-002385</ident><fixtext fixref="F-55146r810148_fix">To configure a shared rule to drop ICMP unreachable messages do the following:

From the NSX-T Manager web interface, go to Security &gt;&gt; Gateway Firewall &gt;&gt; All Shared Rules.

Click "Add Rule" (Add a policy first if needed), under services select "ICMP Redirect", and then click "Apply".

Enable logging, under the "Applied To" field select the target Tier-0 Gateways, and then click "Publish" to enforce the new rule.

Note: A rule can also be created under Gateway Specific Rules to meet this requirement.</fixtext><fix id="F-55146r810148_fix" /><check system="C-55192r810147_chk"><check-content-ref href="VMware_NSX-T_Tier-0_Gateway_RTR_STIG.xml" name="M" /><check-content>If the Tier-0 Gateway is deployed in an Active/Active HA mode, this is Not Applicable.

From the NSX-T Manager web interface, go to Security &gt;&gt; Gateway Firewall &gt;&gt; Gateway Specific Rules, and choose each Tier-0 Gateway in the drop-down.

Review each Tier-0 Gateway Firewalls rules to verify one exists to drop ICMP redirects.

If a rule does not exist to drop ICMP redirects, this is a finding.</check-content></check></Rule></Group><Group id="V-251756"><title>SRG-NET-000362-RTR-000117</title><description>&lt;GroupDescription&gt;&lt;/GroupDescription&gt;</description><Rule id="SV-251756r856697_rule" weight="10.0" severity="medium"><version>T0RT-3X-000067</version><title>The NSX-T Tier-0 Gateway must be configured to use the BGP maximum prefixes feature to protect against route table flooding and prefix de-aggregation attacks.</title><description>&lt;VulnDiscussion&gt;The effects of prefix de-aggregation can degrade router performance due to the size of routing tables and also result in black-holing legitimate traffic. Initiated by an attacker or a misconfigured router, prefix de-aggregation occurs when the announcement of a large prefix is fragmented into a collection of smaller prefix announcements.

In 1997, misconfigured routers in the Florida Internet Exchange network (AS7007) de-aggregated every prefix in their routing table and started advertising the first /24 block of each of these prefixes as their own. Faced with this additional burden, the internal routers became overloaded and crashed repeatedly. This caused prefixes advertised by these routers to disappear from routing tables and reappear when the routers came back online. As the routers came back after crashing, they were flooded with the routing table information by their neighbors. The flood of information would again overwhelm the routers and cause them to crash. This process of route flapping served to destabilize not only the surrounding network but also the entire internet. Routers trying to reach those addresses would choose the smaller, more specific /24 blocks first. This caused backbone networks throughout North America and Europe to crash.

Maximum prefix limits on peer connections combined with aggressive prefix-size filtering of customers' reachability advertisements will effectively mitigate the de-aggregation risk. BGP maximum prefix must be used on all eBGP routers to limit the number of prefixes that it should receive from a particular neighbor, whether customer or peering AS. Consider each neighbor and how many routes they should be advertising and set a threshold slightly higher than the number expected.&lt;/VulnDiscussion&gt;&lt;FalsePositives&gt;&lt;/FalsePositives&gt;&lt;FalseNegatives&gt;&lt;/FalseNegatives&gt;&lt;Documentable&gt;false&lt;/Documentable&gt;&lt;Mitigations&gt;&lt;/Mitigations&gt;&lt;SeverityOverrideGuidance&gt;&lt;/SeverityOverrideGuidance&gt;&lt;PotentialImpacts&gt;&lt;/PotentialImpacts&gt;&lt;ThirdPartyTools&gt;&lt;/ThirdPartyTools&gt;&lt;MitigationControl&gt;&lt;/MitigationControl&gt;&lt;Responsibility&gt;&lt;/Responsibility&gt;&lt;IAControls&gt;&lt;/IAControls&gt;</description><reference><dc:title>DPMS Target VMware NSX-T Tier-0 Gateway RTR</dc:title><dc:publisher>DISA</dc:publisher><dc:type>DPMS Target</dc:type><dc:subject>VMware NSX-T Tier-0 Gateway RTR</dc:subject><dc:identifier>5452</dc:identifier></reference><ident system="http://cyber.mil/cci">CCI-002385</ident><fixtext fixref="F-55147r810151_fix">To set maximum prefixes for BGP neighbors do the following:

From the NSX-T Manager web interface, go to Networking &gt;&gt; Tier-0 Gateways and expand the target Tier-0 gateway.

Expand BGP. Next to BGP Neighbors, click on the number present to open the dialog, and then select "Edit" on the target BGP Neighbor.

Click "Router Filter", add or edit an existing router filter, enter a number for Maximum Routes, and then click "Add".

Click "Apply", then click "Save" to finish the configuration.</fixtext><fix id="F-55147r810151_fix" /><check system="C-55193r810150_chk"><check-content-ref href="VMware_NSX-T_Tier-0_Gateway_RTR_STIG.xml" name="M" /><check-content>If the Tier-0 Gateway is not using BGP, this is Not Applicable.

From the NSX-T Manager web interface, go to Networking &gt;&gt; Tier-0 Gateways.

For every Tier-0 Gateway with BGP enabled, expand the Tier-0 Gateway.

Expand BGP, click on the number next to BGP Neighbors, and then view the Router Filters for each neighbor.

If Maximum Routes is not configured or a route filter does not exist for each BGP neighbor, this is a finding.</check-content></check></Rule></Group><Group id="V-251757"><title>SRG-NET-000512-RTR-000001</title><description>&lt;GroupDescription&gt;&lt;/GroupDescription&gt;</description><Rule id="SV-251757r810155_rule" weight="10.0" severity="low"><version>T0RT-3X-000084</version><title>The NSX-T Tier-0 Gateway must be configured to use its loopback address as the source address for iBGP peering sessions.</title><description>&lt;VulnDiscussion&gt;Using a loopback address as the source address offers a multitude of uses for security, access, management, and scalability of the BGP routers. It is easier to construct appropriate ingress filters for router management plane traffic destined to the network management subnet since the source addresses will be from the range used for loopback interfaces instead of a larger range of addresses used for physical interfaces. Log information recorded by authentication and syslog servers will record the router’s loopback address instead of the numerous physical interface addresses.

When the loopback address is used as the source for eBGP peering, the BGP session will be harder to hijack since the source address to be used is not known globally—making it more difficult for a hacker to spoof an eBGP neighbor. By using traceroute, a hacker can easily determine the addresses for an eBGP speaker when the IP address of an external interface is used as the source address. The routers within the iBGP domain should also use loopback addresses as the source address when establishing BGP sessions.&lt;/VulnDiscussion&gt;&lt;FalsePositives&gt;&lt;/FalsePositives&gt;&lt;FalseNegatives&gt;&lt;/FalseNegatives&gt;&lt;Documentable&gt;false&lt;/Documentable&gt;&lt;Mitigations&gt;&lt;/Mitigations&gt;&lt;SeverityOverrideGuidance&gt;&lt;/SeverityOverrideGuidance&gt;&lt;PotentialImpacts&gt;&lt;/PotentialImpacts&gt;&lt;ThirdPartyTools&gt;&lt;/ThirdPartyTools&gt;&lt;MitigationControl&gt;&lt;/MitigationControl&gt;&lt;Responsibility&gt;&lt;/Responsibility&gt;&lt;IAControls&gt;&lt;/IAControls&gt;</description><reference><dc:title>DPMS Target VMware NSX-T Tier-0 Gateway RTR</dc:title><dc:publisher>DISA</dc:publisher><dc:type>DPMS Target</dc:type><dc:subject>VMware NSX-T Tier-0 Gateway RTR</dc:subject><dc:identifier>5452</dc:identifier></reference><ident system="http://cyber.mil/cci">CCI-000366</ident><fixtext fixref="F-55148r810154_fix">To configure a loopback interface do the following:

From the NSX-T Manager web interface, go to Networking &gt;&gt; Tier-0 Gateways and expand the target Tier-0 gateway.

Expand interfaces and click "Add Interface".

Enter a name, select "Loopback" as the Type, enter an IP address, select an Edge Node for the interface, and then click "Save".

Note: More than one loopback may need to be configured depending on the routing architecture.

To set the source address for BGP neighbors do the following:

From the NSX-T Manager web interface, go to Networking &gt;&gt; Tier-0 Gateways &gt;&gt; expand the target Tier-0 gateway.

Expand BGP &gt;&gt; next to BGP Neighbors click on the number present to open the dialog &gt;&gt; select Edit on the target BGP Neighbor.

Under Source Addresses configure the source address with the loopback address and click Save.</fixtext><fix id="F-55148r810154_fix" /><check system="C-55194r810153_chk"><check-content-ref href="VMware_NSX-T_Tier-0_Gateway_RTR_STIG.xml" name="M" /><check-content>If the Tier-0 Gateway is not using iBGP, this is Not Applicable.

From the NSX-T Manager web interface, go to Networking &gt;&gt; Tier-0 Gateways.

For every Tier-0 Gateway with BGP enabled, expand the Tier-0 Gateway.

Expand BGP, click on the number next to BGP Neighbors, then view the source address for each neighbor.

If the Source Address is not configured as the NSX-T Tier-0 Gateway loopback address for the iBGP session, this is a finding.</check-content></check></Rule></Group><Group id="V-251758"><title>SRG-NET-000131-RTR-000035</title><description>&lt;GroupDescription&gt;&lt;/GroupDescription&gt;</description><Rule id="SV-251758r810158_rule" weight="10.0" severity="low"><version>T0RT-3X-000095</version><title>The NSX-T Tier-0 Gateway must be configured to have routing protocols disabled if not in use.</title><description>&lt;VulnDiscussion&gt;A compromised router introduces risk to the entire network infrastructure, as well as data resources that are accessible via the network. The perimeter defense has no oversight or control of attacks by malicious users within the network. Preventing network breaches from within is dependent on implementing a comprehensive defense-in-depth strategy, including securing each device connected to the network.

This is accomplished by following and implementing all security guidance applicable for each node type. A fundamental step in securing each router is to enable only the capabilities required for operation.&lt;/VulnDiscussion&gt;&lt;FalsePositives&gt;&lt;/FalsePositives&gt;&lt;FalseNegatives&gt;&lt;/FalseNegatives&gt;&lt;Documentable&gt;false&lt;/Documentable&gt;&lt;Mitigations&gt;&lt;/Mitigations&gt;&lt;SeverityOverrideGuidance&gt;&lt;/SeverityOverrideGuidance&gt;&lt;PotentialImpacts&gt;&lt;/PotentialImpacts&gt;&lt;ThirdPartyTools&gt;&lt;/ThirdPartyTools&gt;&lt;MitigationControl&gt;&lt;/MitigationControl&gt;&lt;Responsibility&gt;&lt;/Responsibility&gt;&lt;IAControls&gt;&lt;/IAControls&gt;</description><reference><dc:title>DPMS Target VMware NSX-T Tier-0 Gateway RTR</dc:title><dc:publisher>DISA</dc:publisher><dc:type>DPMS Target</dc:type><dc:subject>VMware NSX-T Tier-0 Gateway RTR</dc:subject><dc:identifier>5452</dc:identifier></reference><ident system="http://cyber.mil/cci">CCI-000381</ident><fixtext fixref="F-55149r810157_fix">To disable BGP do the following:

From the NSX-T Manager web interface, go to Networking &gt;&gt; Tier-0 Gateways and edit the target Tier-0 Gateway.

Expand BGP, change from "On" to "Off", and then click "Save".

To disable OSPF do the following:

From the NSX-T Manager web interface, go to Networking &gt;&gt; Tier-0 Gateways and edit the target Tier-0 Gateway.

Expand OSPF, change from "Enabled" to "Disabled", and then click "Save".</fixtext><fix id="F-55149r810157_fix" /><check system="C-55195r810156_chk"><check-content-ref href="VMware_NSX-T_Tier-0_Gateway_RTR_STIG.xml" name="M" /><check-content>From the NSX-T Manager web interface, go to Networking &gt;&gt; Tier-0 Gateways.

For every Tier-0 Gateway, expand the Tier-0 Gateway to view if BGP or OSPF is enabled.

If BGP and/or OSPF is enabled and not in use, this is a finding.</check-content></check></Rule></Group><Group id="V-251759"><title>SRG-NET-000131-RTR-000035</title><description>&lt;GroupDescription&gt;&lt;/GroupDescription&gt;</description><Rule id="SV-251759r810161_rule" weight="10.0" severity="low"><version>T0RT-3X-000096</version><title>The NSX-T Tier-0 Gateway must be configured to have multicast disabled if not in use.</title><description>&lt;VulnDiscussion&gt;A compromised router introduces risk to the entire network infrastructure, as well as data resources that are accessible via the network. The perimeter defense has no oversight or control of attacks by malicious users within the network. Preventing network breaches from within is dependent on implementing a comprehensive defense-in-depth strategy, including securing each device connected to the network.

This is accomplished by following and implementing all security guidance applicable for each node type. A fundamental step in securing each router is to enable only the capabilities required for operation.&lt;/VulnDiscussion&gt;&lt;FalsePositives&gt;&lt;/FalsePositives&gt;&lt;FalseNegatives&gt;&lt;/FalseNegatives&gt;&lt;Documentable&gt;false&lt;/Documentable&gt;&lt;Mitigations&gt;&lt;/Mitigations&gt;&lt;SeverityOverrideGuidance&gt;&lt;/SeverityOverrideGuidance&gt;&lt;PotentialImpacts&gt;&lt;/PotentialImpacts&gt;&lt;ThirdPartyTools&gt;&lt;/ThirdPartyTools&gt;&lt;MitigationControl&gt;&lt;/MitigationControl&gt;&lt;Responsibility&gt;&lt;/Responsibility&gt;&lt;IAControls&gt;&lt;/IAControls&gt;</description><reference><dc:title>DPMS Target VMware NSX-T Tier-0 Gateway RTR</dc:title><dc:publisher>DISA</dc:publisher><dc:type>DPMS Target</dc:type><dc:subject>VMware NSX-T Tier-0 Gateway RTR</dc:subject><dc:identifier>5452</dc:identifier></reference><ident system="http://cyber.mil/cci">CCI-000381</ident><fixtext fixref="F-55150r810160_fix">To disable Multicast do the following:

From the NSX-T Manager web interface, go to Networking &gt;&gt; Tier-0 Gateways and edit the target Tier-0 Gateway.

Expand Multicast, change from "Enabled" to "Disabled", and then click "Save".</fixtext><fix id="F-55150r810160_fix" /><check system="C-55196r810159_chk"><check-content-ref href="VMware_NSX-T_Tier-0_Gateway_RTR_STIG.xml" name="M" /><check-content>From the NSX-T Manager web interface, go to Networking &gt;&gt; Tier-0 Gateways.

For every Tier-0 Gateway, expand the Tier-0 Gateway, then expand Multicast to view the Multicast configuration.

If Multicast is enabled and not in use, this is a finding.</check-content></check></Rule></Group></Benchmark>