<?xml version="1.0" encoding="utf-8"?><?xml-stylesheet type='text/xsl' href='STIG_unclass.xsl'?><Benchmark xmlns:dc="http://purl.org/dc/elements/1.1/" xmlns:xsi="http://www.w3.org/2001/XMLSchema-instance" xmlns:cpe="http://cpe.mitre.org/language/2.0" xmlns:xhtml="http://www.w3.org/1999/xhtml" xmlns:dsig="http://www.w3.org/2000/09/xmldsig#" xsi:schemaLocation="http://checklists.nist.gov/xccdf/1.1 http://nvd.nist.gov/schema/xccdf-1.1.4.xsd http://cpe.mitre.org/dictionary/2.0 http://cpe.mitre.org/files/cpe-dictionary_2.1.xsd" id="zOS_CLSuperSession_for_ACF2_STIG" xml:lang="en" xmlns="http://checklists.nist.gov/xccdf/1.1"><status date="2024-12-16">accepted</status><title>z/OS CL/SuperSession for ACF2 Security Technical Implementation Guide</title><description>This Security Technical Implementation Guide is published as a tool to improve the security of Department of Defense (DOD) information systems. The requirements are derived from the National Institute of Standards and Technology (NIST) 800-53 and related documents. Comments or proposed revisions to this document should be sent via email to the following address: disa.stig_spt@mail.mil.</description><notice id="terms-of-use" xml:lang="en"></notice><front-matter xml:lang="en"></front-matter><rear-matter xml:lang="en"></rear-matter><reference href="https://cyber.mil"><dc:publisher>DISA</dc:publisher><dc:source>STIG.DOD.MIL</dc:source></reference><plain-text id="release-info">Release: 1 Benchmark Date: 30 Jan 2025</plain-text><plain-text id="generator">3.5</plain-text><plain-text id="conventionsVersion">1.10.0</plain-text><version>7</version><Profile id="MAC-1_Classified"><title>I - Mission Critical Classified</title><description>&lt;ProfileDescription&gt;&lt;/ProfileDescription&gt;</description><select idref="V-224282" selected="true" /><select idref="V-224283" selected="true" /><select idref="V-224284" selected="true" /><select idref="V-224285" selected="true" /><select idref="V-224286" selected="true" /><select idref="V-224287" selected="true" /><select idref="V-224288" selected="true" /></Profile><Profile id="MAC-1_Public"><title>I - Mission Critical Public</title><description>&lt;ProfileDescription&gt;&lt;/ProfileDescription&gt;</description><select idref="V-224282" selected="true" /><select idref="V-224283" selected="true" /><select idref="V-224284" selected="true" /><select idref="V-224285" selected="true" /><select idref="V-224286" selected="true" /><select idref="V-224287" selected="true" /><select idref="V-224288" selected="true" /></Profile><Profile id="MAC-1_Sensitive"><title>I - Mission Critical Sensitive</title><description>&lt;ProfileDescription&gt;&lt;/ProfileDescription&gt;</description><select idref="V-224282" selected="true" /><select idref="V-224283" selected="true" /><select idref="V-224284" selected="true" /><select idref="V-224285" selected="true" /><select idref="V-224286" selected="true" /><select idref="V-224287" selected="true" /><select idref="V-224288" selected="true" /></Profile><Profile id="MAC-2_Classified"><title>II - Mission Support Classified</title><description>&lt;ProfileDescription&gt;&lt;/ProfileDescription&gt;</description><select idref="V-224282" selected="true" /><select idref="V-224283" selected="true" /><select idref="V-224284" selected="true" /><select idref="V-224285" selected="true" /><select idref="V-224286" selected="true" /><select idref="V-224287" selected="true" /><select idref="V-224288" selected="true" /></Profile><Profile id="MAC-2_Public"><title>II - Mission Support Public</title><description>&lt;ProfileDescription&gt;&lt;/ProfileDescription&gt;</description><select idref="V-224282" selected="true" /><select idref="V-224283" selected="true" /><select idref="V-224284" selected="true" /><select idref="V-224285" selected="true" /><select idref="V-224286" selected="true" /><select idref="V-224287" selected="true" /><select idref="V-224288" selected="true" /></Profile><Profile id="MAC-2_Sensitive"><title>II - Mission Support Sensitive</title><description>&lt;ProfileDescription&gt;&lt;/ProfileDescription&gt;</description><select idref="V-224282" selected="true" /><select idref="V-224283" selected="true" /><select idref="V-224284" selected="true" /><select idref="V-224285" selected="true" /><select idref="V-224286" selected="true" /><select idref="V-224287" selected="true" /><select idref="V-224288" selected="true" /></Profile><Profile id="MAC-3_Classified"><title>III - Administrative Classified</title><description>&lt;ProfileDescription&gt;&lt;/ProfileDescription&gt;</description><select idref="V-224282" selected="true" /><select idref="V-224283" selected="true" /><select idref="V-224284" selected="true" /><select idref="V-224285" selected="true" /><select idref="V-224286" selected="true" /><select idref="V-224287" selected="true" /><select idref="V-224288" selected="true" /></Profile><Profile id="MAC-3_Public"><title>III - Administrative Public</title><description>&lt;ProfileDescription&gt;&lt;/ProfileDescription&gt;</description><select idref="V-224282" selected="true" /><select idref="V-224283" selected="true" /><select idref="V-224284" selected="true" /><select idref="V-224285" selected="true" /><select idref="V-224286" selected="true" /><select idref="V-224287" selected="true" /><select idref="V-224288" selected="true" /></Profile><Profile id="MAC-3_Sensitive"><title>III - Administrative Sensitive</title><description>&lt;ProfileDescription&gt;&lt;/ProfileDescription&gt;</description><select idref="V-224282" selected="true" /><select idref="V-224283" selected="true" /><select idref="V-224284" selected="true" /><select idref="V-224285" selected="true" /><select idref="V-224286" selected="true" /><select idref="V-224287" selected="true" /><select idref="V-224288" selected="true" /></Profile><Group id="V-224282"><title>SRG-OS-000018</title><description>&lt;GroupDescription&gt;&lt;/GroupDescription&gt;</description><Rule id="SV-224282r1041215_rule" weight="10.0" severity="medium"><version>ZCLS0040</version><title>CL/SuperSession profile options are set improperly.</title><description>&lt;VulnDiscussion&gt;Product configuration/parameters control the security and operational characteristics of products. If these parameter values are improperly specified, security and operational controls may be weakened. This exposure may threaten the availability of the product applications, and compromise the confidentiality of customer data.&lt;/VulnDiscussion&gt;&lt;FalsePositives&gt;&lt;/FalsePositives&gt;&lt;FalseNegatives&gt;&lt;/FalseNegatives&gt;&lt;Documentable&gt;false&lt;/Documentable&gt;&lt;Mitigations&gt;&lt;/Mitigations&gt;&lt;SeverityOverrideGuidance&gt;&lt;/SeverityOverrideGuidance&gt;&lt;PotentialImpacts&gt;&lt;/PotentialImpacts&gt;&lt;ThirdPartyTools&gt;&lt;/ThirdPartyTools&gt;&lt;MitigationControl&gt;&lt;/MitigationControl&gt;&lt;Responsibility&gt;&lt;/Responsibility&gt;&lt;IAControls&gt;&lt;/IAControls&gt;</description><reference><dc:title>DPMS Target zOS CLSuperSession for ACF2</dc:title><dc:publisher>DISA</dc:publisher><dc:type>DPMS Target</dc:type><dc:subject>zOS CLSuperSession for ACF2</dc:subject><dc:identifier>4117</dc:identifier></reference><ident system="http://cyber.mil/legacy">SV-27197</ident><ident system="http://cyber.mil/legacy">V-18014</ident><ident system="http://cyber.mil/cci">CCI-000057</ident><ident system="http://cyber.mil/cci">CCI-000381</ident><fixtext fixref="F-25943r1041214_fix">The systems programmer and ISSO will review all session manager security parameters and control options for compliance with the requirements of the z/OS STIG Addendum Required CL/SuperSession Common Profile Options and Required CL/SuperSession Profile Options Tables. Verify that the options are set properly.</fixtext><fix id="F-25943r1041214_fix" /><check system="C-25955r1041213_chk"><check-content-ref href="zOS_CLSuperSession_for_ACF2_STIG.xml" name="M" /><check-content>a) The following steps are necessary for reviewing the CL/SuperSession options:

1) Request online access from the site administrator to view CL/SuperSession parameter settings.
2) Once access to the CL/SuperSession Main Menu has been obtained, select the option for the ADMINISTRATOR menu.
3) From the ADMINISTRATOR menu, select the option for the PROFILE SELECTION menu.
4) From the PROFILE SELECTION menu, select the View GLOBAL Profile option.
5) After selection of the View GLOBAL Profile option, the Update GLOBAL Profile menu appears. From this menu select the profile to be reviewed:

- To view the Common profile select: _Common
- To view the SUPERSESSION profile select: _SupSess

Automated Analysis
Refer to the following report produced by the z/OS Data Collection:

- PDI(ZCLS0040)

b) Compare the security parameters as specified in the Required CL/SuperSession Common Profile Options and Required CL/SuperSession Profile Options Tables in the z/OS STIG Addendum against the CL/SuperSession Profile options.

c) If all options as specified in the Required CL/SuperSession Common Profile Options and Required CL/SuperSession Profile Options Tables in the z/OS STIG Addendum are in effect, there is no finding.

d) If any of the options as specified in the Required CL/SuperSession Common Profile Options and Required CL/SuperSession Profile Options Tables in the z/OS STIG Addendum is not in effect, this is a finding.</check-content></check></Rule></Group><Group id="V-224283"><title>SRG-OS-000018</title><description>&lt;GroupDescription&gt;&lt;/GroupDescription&gt;</description><Rule id="SV-224283r1041217_rule" weight="10.0" severity="medium"><version>ZCLS0041</version><title>CL/SuperSession must be properly configured to generate SMF records for audit trail and accounting reports.</title><description>&lt;VulnDiscussion&gt;Product configuration/parameters control the security and operational characteristics of products. If these parameter values are improperly specified, security and operational controls may be weakened. This exposure may threaten the availability of the product applications and compromise the confidentiality of customer data.&lt;/VulnDiscussion&gt;&lt;FalsePositives&gt;&lt;/FalsePositives&gt;&lt;FalseNegatives&gt;&lt;/FalseNegatives&gt;&lt;Documentable&gt;false&lt;/Documentable&gt;&lt;Mitigations&gt;&lt;/Mitigations&gt;&lt;SeverityOverrideGuidance&gt;&lt;/SeverityOverrideGuidance&gt;&lt;PotentialImpacts&gt;&lt;/PotentialImpacts&gt;&lt;ThirdPartyTools&gt;&lt;/ThirdPartyTools&gt;&lt;MitigationControl&gt;&lt;/MitigationControl&gt;&lt;Responsibility&gt;&lt;/Responsibility&gt;&lt;IAControls&gt;&lt;/IAControls&gt;</description><reference><dc:title>DPMS Target zOS CLSuperSession for ACF2</dc:title><dc:publisher>DISA</dc:publisher><dc:type>DPMS Target</dc:type><dc:subject>zOS CLSuperSession for ACF2</dc:subject><dc:identifier>4117</dc:identifier></reference><ident system="http://cyber.mil/legacy">SV-27198</ident><ident system="http://cyber.mil/legacy">V-22689</ident><ident system="http://cyber.mil/cci">CCI-000172</ident><ident system="http://cyber.mil/cci">CCI-000381</ident><ident system="http://cyber.mil/cci">CCI-003938</ident><fixtext fixref="F-25944r952245_fix">Ensure the Session Manager generates SMF records for audit trail and accounting reports.

To provide an audit trail of user activity in CL/SuperSession, configure the Network Accounting Facility (NAF) to require SMF recording of accounting and audit data. Accounting to the journal data set is optional at the discretion of the site. To accomplish this for version 3 of CL/SuperSession, configure the following NAF startup parameters in the KLKINNAF member of the RLSPARM initialization parameter library as follows:

DSNAME= dsname - Name of the NAF journal data set. Required only if the site is collecting accounting and audit data in the journal data set in addition to the SMF data.

MOD - If the journal data set is used, this parameter should be set to ensure that logging data in the data set is not overwritten.

SMF=nnn - SMF record number. This field is mandatory to ensure that CL/SuperSession data is always written to the SMF files.</fixtext><fix id="F-25944r952245_fix" /><check system="C-25956r1041216_chk"><check-content-ref href="zOS_CLSuperSession_for_ACF2_STIG.xml" name="M" /><check-content>a) Version 3 of CL/SuperSession
Review the member KLKINNAF in the TLVPARM DD statement concatenation of the CL/SuperSession STC procedure to determine SMF number. (This member is located in SYS3.OMEGAMON.qualifier.RLSPARM.)

Version 2 of CL/SuperSession
Review the member KLVINNAF in the TLVPARM DD statement concatenation of the CL/SuperSession STC procedure to determine SMF number. (This member is located in SYS3.OMEGAMON.qualifier.RLSPARM.)

Refer to the following report produced by the z/OS Data Collection:

- EXAM.RPT(SMFOPTS)

Automated Analysis (Currently there is no automation for version 3 of CL/SuperSession)
Refer to the following report produced by the z/OS Data Collection:

- PDI(ZCLS0041)

b) If the SMF= field specifies an SMF record number, review the SMFOPTS report to verify SMF is writing that record type.

c) If SMF is writing the record number specified by SMF=, there is no finding.

d) If the SMF= field does not specify an SMF record number, or SMF is not writing the record number specified by SMF=, this is a finding.</check-content></check></Rule></Group><Group id="V-224284"><title>SRG-OS-000080</title><description>&lt;GroupDescription&gt;&lt;/GroupDescription&gt;</description><Rule id="SV-224284r1041220_rule" weight="10.0" severity="medium"><version>ZCLSA000</version><title>CL/SuperSession Install data sets must be properly protected.</title><description>&lt;VulnDiscussion&gt;CL/SuperSession Install data sets provide the capability to use privileged functions and/or have access to sensitive data. Failure to properly restrict access to their data sets could result in violating the integrity of the base product which could result in compromising the operating system or sensitive data.&lt;/VulnDiscussion&gt;&lt;FalsePositives&gt;&lt;/FalsePositives&gt;&lt;FalseNegatives&gt;&lt;/FalseNegatives&gt;&lt;Documentable&gt;false&lt;/Documentable&gt;&lt;Mitigations&gt;&lt;/Mitigations&gt;&lt;SeverityOverrideGuidance&gt;&lt;/SeverityOverrideGuidance&gt;&lt;PotentialImpacts&gt;&lt;/PotentialImpacts&gt;&lt;ThirdPartyTools&gt;&lt;/ThirdPartyTools&gt;&lt;MitigationControl&gt;&lt;/MitigationControl&gt;&lt;Responsibility&gt;&lt;/Responsibility&gt;&lt;IAControls&gt;&lt;/IAControls&gt;</description><reference><dc:title>DPMS Target zOS CLSuperSession for ACF2</dc:title><dc:publisher>DISA</dc:publisher><dc:type>DPMS Target</dc:type><dc:subject>zOS CLSuperSession for ACF2</dc:subject><dc:identifier>4117</dc:identifier></reference><ident system="http://cyber.mil/legacy">V-16932</ident><ident system="http://cyber.mil/legacy">SV-27073</ident><ident system="http://cyber.mil/cci">CCI-001499</ident><ident system="http://cyber.mil/cci">CCI-002234</ident><fixtext fixref="F-25945r1041219_fix">Ensure that update and allocate access to CL/SuperSession install data sets are limited to systems programmers only, and all update and allocate access is logged. Auditors should have READ access.

The installing systems programmer will identify and document the product data sets and categorize them according to who will have update and alter access and if required that all update and allocate access is logged. The installing systems programmer will identify if any additional groups have update access for specific data sets, and once documented will work with the ISSO to see that they are properly restricted to the ACP (Access Control Program ) active on the system.

The following dataset are an example of data sets to be protected: 
SYS2.OMEGAMON
SYS2.OMEGAMON.V-.TLSLOAD
SYS2.OMEGAMON.V-.TLVLOAD
SYS3.OMEGAMON
SYS3.OMEGAMON.RLSLOAD

The following commands are provided as an example for implementing dataset controls: 

$KEY(SYS2)
OMEGAMON.- UID(syspaudt) R(A) W(L) A(L) E(A)
OMEGAMON.V-.TLSLOAD UID(syspaudt) R(A) W(L) A(L) E(A) 
OMEGAMON.V-.TLVLOAD UID(syspaudt) R(A) W(L) A(L) E(A) 
OMEGAMON.- UID(audtaudt) R(A) E(A)

$KEY(SYS3)
OMEGAMON.- UID(syspaudt) R(A) W(L) A(L) E(A)
OMEGAMON.RLSLOAD UID(syspaudt) R(A) W(L) A(L) E(A) 
OMEGAMON.- UID(audtaudt) R(A) E(A)
</fixtext><fix id="F-25945r1041219_fix" /><check system="C-25957r1041218_chk"><check-content-ref href="zOS_CLSuperSession_for_ACF2_STIG.xml" name="M" /><check-content>a) Refer to the following report produced by the Data Set and Resource Data Collection:

- SENSITVE.RPT(KLSRPT) 

Automated Analysis:
Refer to the following report produced by the Data Set and Resource Data Collection:

- PDI(ZCLS0000)

b) Verify that access to the CL/SuperSession Install data sets are properly restricted.

___ The ACF2 data set rules for the data sets does not restrict UPDATE and/or ALTER access to systems programming personnel.

___ The ACF2 data set rules for the data sets does not specify that all (i.e., failures and successes) UPDATE and/or ALTER access will be logged.

c) If all of the above are untrue, there is no finding.

d) If any of the above is true, this is a finding.</check-content></check></Rule></Group><Group id="V-224285"><title>SRG-OS-000259</title><description>&lt;GroupDescription&gt;&lt;/GroupDescription&gt;</description><Rule id="SV-224285r958616_rule" weight="10.0" severity="medium"><version>ZCLSA001</version><title>CL/SuperSession STC data sets must be properly protected.</title><description>&lt;VulnDiscussion&gt;CL/SuperSession STC data sets provide the capability to use privileged functions and/or have access to sensitive data. Failure to properly restrict access to their data sets could result in violating the integrity of the base product which could result in compromising the operating system or sensitive data.&lt;/VulnDiscussion&gt;&lt;FalsePositives&gt;&lt;/FalsePositives&gt;&lt;FalseNegatives&gt;&lt;/FalseNegatives&gt;&lt;Documentable&gt;false&lt;/Documentable&gt;&lt;Mitigations&gt;&lt;/Mitigations&gt;&lt;SeverityOverrideGuidance&gt;&lt;/SeverityOverrideGuidance&gt;&lt;PotentialImpacts&gt;&lt;/PotentialImpacts&gt;&lt;ThirdPartyTools&gt;&lt;/ThirdPartyTools&gt;&lt;MitigationControl&gt;&lt;/MitigationControl&gt;&lt;Responsibility&gt;&lt;/Responsibility&gt;&lt;IAControls&gt;&lt;/IAControls&gt;</description><reference><dc:title>DPMS Target zOS CLSuperSession for ACF2</dc:title><dc:publisher>DISA</dc:publisher><dc:type>DPMS Target</dc:type><dc:subject>zOS CLSuperSession for ACF2</dc:subject><dc:identifier>4117</dc:identifier></reference><ident system="http://cyber.mil/legacy">SV-27093</ident><ident system="http://cyber.mil/legacy">V-17067</ident><ident system="http://cyber.mil/cci">CCI-001499</ident><fixtext fixref="F-25946r868108_fix">Ensure that WRITE and/or greater access to CL/SuperSession STC data sets are limited to system programmers and CL/SuperSession STC only. Read access can be given to auditors and authorized users.

The installing systems programmer will identify and document the product data sets and categorize them according to who will have WRITE and/or greater access and if required that all WRITE and/or greater access is logged. The installing systems programmer will identify if any additional groups have WRITE and/or greater access for specific data sets, and once documented will work with the ISSO to ensure they are properly restricted to the ACP (Access Control Program) active on the system.

Note: The data sets and/or data set prefixes identified below are examples of a possible installation. The actual data sets and/or prefixes are determined when the product is actually installed on a system through the product's installation guide and can be site specific. 

The following dataset are an example of data sets to be protected:
SYS3.OMEGAMON.RLSNAF
SYS3.OMEGAMON.RLSNAM
SYS3.OMEGAMON.RLSTDB
SYS3.OMEGAMON.RLSVLOG

The following commands are provided as an example for implementing dataset controls: 

$KEY(SYS3)
OMEGAMON.RLSNAF UID(*) R(A) E(A)
OMEGAMON.RLSNAF UID(audtaudt) R(A) E(A)
OMEGAMON.RLSNAF UID(syspaudt) R(A) W(A) A(A) E(A)
OMEGAMON.RLSNAF UID(stc KLS) R(A) W(A) A(A) E(A)
OMEGAMON.RLSNAM UID(*) R(A) E(A)
OMEGAMON.RLSNAM UID(audtaudt) R(A) E(A)
OMEGAMON.RLSNAM UID(syspaudt) R(A) W(A) A(A) E(A)
OMEGAMON.RLSNAM UID(stc KLS) R(A) W(A) A(A) E(A)
OMEGAMON.RLSTDB UID(*) R(A) E(A)
OMEGAMON.RLSTDB UID(audtaudt) R(A) E(A)
OMEGAMON.RLSTDB UID(syspaudt) R(A) W(A) A(A) E(A)
OMEGAMON.RLSTDB UID(stc KLS) R(A) W(A) A(A) E(A)
OMEGAMON.RLSVLOG UID(*) R(A) E(A)
OMEGAMON.RLSVLOG UID(audtaudt) R(A) E(A)
OMEGAMON.RLSVLOG UID(syspaudt) R(A) W(A) A(A) E(A)
OMEGAMON.RLSVLOG UID(stc KLS) R(A) W(A) A(A) E(A)</fixtext><fix id="F-25946r868108_fix" /><check system="C-25958r868107_chk"><check-content-ref href="zOS_CLSuperSession_for_ACF2_STIG.xml" name="M" /><check-content>Refer to the following report produced by the Data Set and Resource Data Collection:

- SENSITVE.RPT(KLSSTC)

Automated Analysis:
Refer to the following report produced by the Data Set and Resource Data Collection:

- PDI(ZCLS0001)

Verify that the accesses to the CL/SuperSession STC data sets are properly restricted. If the following guidance is true, this is not a finding.

___ The ACF2 data set access authorizations restrict READ access to auditors and authorized users.

___ The ACF2 data set access authorizations restrict WRITE and/or greater access to systems programming personnel.

___ The ACF2 data set rules for the data sets does not restrict WRITE and/or greater access to the product STC(s) and/or batch job(s).</check-content></check></Rule></Group><Group id="V-224286"><title>SRG-OS-000104</title><description>&lt;GroupDescription&gt;&lt;/GroupDescription&gt;</description><Rule id="SV-224286r958482_rule" weight="10.0" severity="medium"><version>ZCLSA030</version><title>CL/SuperSession Started Task name is not properly identified / defined to the system ACP.</title><description>&lt;VulnDiscussion&gt;CL/SuperSession requires a started task that will be restricted to certain resources, datasets and other system functions. By defining the started task as a userid to the system ACP, It allows the ACP to control the access and authorized users that require these capabilities. Failure to properly control these capabilities, could compromise of the operating system environment, ACP, and customer data.&lt;/VulnDiscussion&gt;&lt;FalsePositives&gt;&lt;/FalsePositives&gt;&lt;FalseNegatives&gt;&lt;/FalseNegatives&gt;&lt;Documentable&gt;false&lt;/Documentable&gt;&lt;Mitigations&gt;&lt;/Mitigations&gt;&lt;SeverityOverrideGuidance&gt;&lt;/SeverityOverrideGuidance&gt;&lt;PotentialImpacts&gt;&lt;/PotentialImpacts&gt;&lt;ThirdPartyTools&gt;&lt;/ThirdPartyTools&gt;&lt;MitigationControl&gt;&lt;/MitigationControl&gt;&lt;Responsibility&gt;&lt;/Responsibility&gt;&lt;IAControls&gt;&lt;/IAControls&gt;</description><reference><dc:title>DPMS Target zOS CLSuperSession for ACF2</dc:title><dc:publisher>DISA</dc:publisher><dc:type>DPMS Target</dc:type><dc:subject>zOS CLSuperSession for ACF2</dc:subject><dc:identifier>4117</dc:identifier></reference><ident system="http://cyber.mil/legacy">SV-28590</ident><ident system="http://cyber.mil/legacy">V-17452</ident><ident system="http://cyber.mil/cci">CCI-000764</ident><fixtext fixref="F-25947r519729_fix">The Systems Programmer and IAO will ensure that the started task for CL/SuperSession is properly defined.

Review all session manager security parameters and control options for compliance. Develop a plan of action and implement the changes as specified.

Define the started task userid KLS for CL/SuperSession.

Example:

INSERT KLS NAME(STC, CL/SuperSession) MUSASS NO-SMC STC</fixtext><fix id="F-25947r519729_fix" /><check system="C-25959r519728_chk"><check-content-ref href="zOS_CLSuperSession_for_ACF2_STIG.xml" name="M" /><check-content>a)	Refer to the following report produced by the ACF2 Data Collection:

-	ACF2CMDS.RPT(ATTSTC)

b)	If the logonid for the CL/SUPERSESSION started task includes MUSASS and NO-SMC, there is NO FINDING.

c)	If the logonid for the CL/SUPERSESSION started task does not include MUSASS and/or NO-SMC, this is a FINDING.</check-content></check></Rule></Group><Group id="V-224287"><title>SRG-OS-000018</title><description>&lt;GroupDescription&gt;&lt;/GroupDescription&gt;</description><Rule id="SV-224287r1041222_rule" weight="10.0" severity="medium"><version>ZCLSA042</version><title>CL/SuperSession KLVINNAM member must be configured in accordance with security requirements.</title><description>&lt;VulnDiscussion&gt;CL/SuperSession configuration/parameters control the security and operational characteristics of products. If these parameter values are improperly specified, security and operational controls may be weakened. This exposure may threaten the availability of the product applications, and compromise the confidentiality of customer data.&lt;/VulnDiscussion&gt;&lt;FalsePositives&gt;&lt;/FalsePositives&gt;&lt;FalseNegatives&gt;&lt;/FalseNegatives&gt;&lt;Documentable&gt;false&lt;/Documentable&gt;&lt;Mitigations&gt;&lt;/Mitigations&gt;&lt;SeverityOverrideGuidance&gt;&lt;/SeverityOverrideGuidance&gt;&lt;PotentialImpacts&gt;&lt;/PotentialImpacts&gt;&lt;ThirdPartyTools&gt;&lt;/ThirdPartyTools&gt;&lt;MitigationControl&gt;&lt;/MitigationControl&gt;&lt;Responsibility&gt;&lt;/Responsibility&gt;&lt;IAControls&gt;&lt;/IAControls&gt;</description><reference><dc:title>DPMS Target zOS CLSuperSession for ACF2</dc:title><dc:publisher>DISA</dc:publisher><dc:type>DPMS Target</dc:type><dc:subject>zOS CLSuperSession for ACF2</dc:subject><dc:identifier>4117</dc:identifier></reference><ident system="http://cyber.mil/legacy">V-22690</ident><ident system="http://cyber.mil/legacy">SV-27256</ident><ident system="http://cyber.mil/cci">CCI-000381</ident><fixtext fixref="F-25948r952248_fix">Ensure that the parameter options for member KLKINNAM for Version 3 of CL/SuperSession or  KLVINNAM for Version 2 of CL/SuperSession are coded to the below specifications.

(Note: The data set identified below is an example of a possible installation. The actual data set is determined when the product is actually installed on a system through the product's installation guide and can be site specific.)

Review the member KLKINNAM or KLVINNAM in the TLVPARM DD statement concatenation of the CL/SuperSession STC procedure. (This member is located in SYS3.OMEGAMON.qualifier.RLSPARM.) Ensure all session manager security parameters and control options are in compliance according to the following: 

DEFAULT DSNAME(SYS3.OMEGAMON.qualifier.RLSNAM) -
      NORACF -
      CLASSES=APPCLASS -
      NODB -
      EXIT=KLSA2NEV

(The following is for z/OS CAC logon processing)
DEFAULT DSNAME(SYS3.OMEGAMON.qualifier.RLSNAM) -
      SAF -
      CLASSES=APPCLASS -
      NODB -
      EXIT=KLSSFPTX</fixtext><fix id="F-25948r952248_fix" /><check system="C-25960r1041221_chk"><check-content-ref href="zOS_CLSuperSession_for_ACF2_STIG.xml" name="M" /><check-content>If one of the following configuration settings is specified for each control point defined in the KLKINNAM member for Version 3 of CL/SuperSession or KLVINNAM member for Version 2 of CL/SuperSession, this is not a finding.

DEFAULT DSNAME(SYS3.OMEGAMON.qualifier.RLSNAM) -
NORACF -
CLASSES=APPCLASS -
NODB -
EXIT=KLSA2NEV

(The following is for z/OS CAC logon processing)
DEFAULT DSNAME(SYS3.OMEGAMON.qualifier.RLSNAM) -
SAF -
CLASSES=APPCLASS -
NODB -
EXIT=KLSSFPTX</check-content></check></Rule></Group><Group id="V-224288"><title>SRG-OS-000018</title><description>&lt;GroupDescription&gt;&lt;/GroupDescription&gt;</description><Rule id="SV-224288r1041225_rule" weight="10.0" severity="medium"><version>ZCLSA043</version><title>CL/SuperSession APPCLASS member is not configured in accordance with the proper security requirements.</title><description>&lt;VulnDiscussion&gt;CL/SuperSession configuration/parameters control the security and operational characteristics of products. If these parameter values are improperly specified, security and operational controls may be weakened. This exposure may threaten the availability of the product applications, and compromise the confidentiality of customer data.&lt;/VulnDiscussion&gt;&lt;FalsePositives&gt;&lt;/FalsePositives&gt;&lt;FalseNegatives&gt;&lt;/FalseNegatives&gt;&lt;Documentable&gt;false&lt;/Documentable&gt;&lt;Mitigations&gt;&lt;/Mitigations&gt;&lt;SeverityOverrideGuidance&gt;&lt;/SeverityOverrideGuidance&gt;&lt;PotentialImpacts&gt;&lt;/PotentialImpacts&gt;&lt;ThirdPartyTools&gt;&lt;/ThirdPartyTools&gt;&lt;MitigationControl&gt;&lt;/MitigationControl&gt;&lt;Responsibility&gt;&lt;/Responsibility&gt;&lt;IAControls&gt;&lt;/IAControls&gt;</description><reference><dc:title>DPMS Target zOS CLSuperSession for ACF2</dc:title><dc:publisher>DISA</dc:publisher><dc:type>DPMS Target</dc:type><dc:subject>zOS CLSuperSession for ACF2</dc:subject><dc:identifier>4117</dc:identifier></reference><ident system="http://cyber.mil/legacy">V-22691</ident><ident system="http://cyber.mil/legacy">SV-27259</ident><ident system="http://cyber.mil/cci">CCI-000381</ident><fixtext fixref="F-25949r1041224_fix">The systems programmer and ISSO will ensure that the parameter options for member APPCLASS are coded to the below specifications.

Review the member APPCLASS in the TLVPARM DD statement concatenation of the CL/SuperSession STC procedure. (This member is located in SYS3.OMEGAMON.qualifier.RLSPARM.) Ensure all session manager security parameters and control options are in compliance according to the following: 

VGWAPLST EXTERNAL=APL</fixtext><fix id="F-25949r1041224_fix" /><check system="C-25961r1041223_chk"><check-content-ref href="zOS_CLSuperSession_for_ACF2_STIG.xml" name="M" /><check-content>a) Review the member APPCLASS in the TLVPARM DD statement concatenation of the CL/SuperSession STC procedure.  (This member is located in SYS3.OMEGAMON.qualifier.RLSPARM.)

Automated Analysis
Refer to the following report produced by the z/OS Data Collection:

- PDI(ZCLS0043)

b) If the parameters for the member APPCLASS are configured as follows, there is no finding:

	VGWAPLST EXTERNAL=APL

c) If the parameters for the member APPCLASS are not configured as specified in (b) above, this is a finding.</check-content></check></Rule></Group></Benchmark>