<?xml version="1.0" encoding="utf-8"?><?xml-stylesheet type='text/xsl' href='STIG_unclass.xsl'?><Benchmark xmlns:dc="http://purl.org/dc/elements/1.1/" xmlns:xsi="http://www.w3.org/2001/XMLSchema-instance" xmlns:cpe="http://cpe.mitre.org/language/2.0" xmlns:xhtml="http://www.w3.org/1999/xhtml" xmlns:dsig="http://www.w3.org/2000/09/xmldsig#" xsi:schemaLocation="http://checklists.nist.gov/xccdf/1.1 http://nvd.nist.gov/schema/xccdf-1.1.4.xsd http://cpe.mitre.org/dictionary/2.0 http://cpe.mitre.org/files/cpe-dictionary_2.1.xsd" id="Apple_iOS-iPadOS_17_BYOAD_STIG" xml:lang="en" xmlns="http://checklists.nist.gov/xccdf/1.1"><status date="2024-01-31">accepted</status><title>Apple iOS/iPadOS 17 BYOAD Security Technical Implementation Guide</title><description>This Security Technical Implementation Guide is published as a tool to improve the security of Department of Defense (DOD) information systems. The requirements are derived from the National Institute of Standards and Technology (NIST) 800-53 and related documents. Comments or proposed revisions to this document should be sent via email to the following address: disa.stig_spt@mail.mil.</description><notice id="terms-of-use" xml:lang="en"></notice><front-matter xml:lang="en"></front-matter><rear-matter xml:lang="en"></rear-matter><reference href="https://cyber.mil"><dc:publisher>DISA</dc:publisher><dc:source>STIG.DOD.MIL</dc:source></reference><plain-text id="release-info">Release: 1 Benchmark Date: 07 Feb 2024</plain-text><plain-text id="generator">3.4.1.22916</plain-text><plain-text id="conventionsVersion">1.10.0</plain-text><version>1</version><Profile id="MAC-1_Classified"><title>I - Mission Critical Classified</title><description>&lt;ProfileDescription&gt;&lt;/ProfileDescription&gt;</description><select idref="V-259742" selected="true" /><select idref="V-259743" selected="true" /><select idref="V-259744" selected="true" /><select idref="V-259745" selected="true" /><select idref="V-259746" selected="true" /><select idref="V-259747" selected="true" /><select idref="V-259748" selected="true" /><select idref="V-259749" selected="true" /><select idref="V-259750" selected="true" /><select idref="V-259751" selected="true" /><select idref="V-259752" selected="true" /><select idref="V-259753" selected="true" /><select idref="V-259754" selected="true" /><select idref="V-259755" selected="true" /><select idref="V-259756" selected="true" /><select idref="V-259757" selected="true" /><select idref="V-259758" selected="true" /><select idref="V-259759" selected="true" /></Profile><Profile id="MAC-1_Public"><title>I - Mission Critical Public</title><description>&lt;ProfileDescription&gt;&lt;/ProfileDescription&gt;</description><select idref="V-259742" selected="true" /><select idref="V-259743" selected="true" /><select idref="V-259744" selected="true" /><select idref="V-259745" selected="true" /><select idref="V-259746" selected="true" /><select idref="V-259747" selected="true" /><select idref="V-259748" selected="true" /><select idref="V-259749" selected="true" /><select idref="V-259750" selected="true" /><select idref="V-259751" selected="true" /><select idref="V-259752" selected="true" /><select idref="V-259753" selected="true" /><select idref="V-259754" selected="true" /><select idref="V-259755" selected="true" /><select idref="V-259756" selected="true" /><select idref="V-259757" selected="true" /><select idref="V-259758" selected="true" /><select idref="V-259759" selected="true" /></Profile><Profile id="MAC-1_Sensitive"><title>I - Mission Critical Sensitive</title><description>&lt;ProfileDescription&gt;&lt;/ProfileDescription&gt;</description><select idref="V-259742" selected="true" /><select idref="V-259743" selected="true" /><select idref="V-259744" selected="true" /><select idref="V-259745" selected="true" /><select idref="V-259746" selected="true" /><select idref="V-259747" selected="true" /><select idref="V-259748" selected="true" /><select idref="V-259749" selected="true" /><select idref="V-259750" selected="true" /><select idref="V-259751" selected="true" /><select idref="V-259752" selected="true" /><select idref="V-259753" selected="true" /><select idref="V-259754" selected="true" /><select idref="V-259755" selected="true" /><select idref="V-259756" selected="true" /><select idref="V-259757" selected="true" /><select idref="V-259758" selected="true" /><select idref="V-259759" selected="true" /></Profile><Profile id="MAC-2_Classified"><title>II - Mission Support Classified</title><description>&lt;ProfileDescription&gt;&lt;/ProfileDescription&gt;</description><select idref="V-259742" selected="true" /><select idref="V-259743" selected="true" /><select idref="V-259744" selected="true" /><select idref="V-259745" selected="true" /><select idref="V-259746" selected="true" /><select idref="V-259747" selected="true" /><select idref="V-259748" selected="true" /><select idref="V-259749" selected="true" /><select idref="V-259750" selected="true" /><select idref="V-259751" selected="true" /><select idref="V-259752" selected="true" /><select idref="V-259753" selected="true" /><select idref="V-259754" selected="true" /><select idref="V-259755" selected="true" /><select idref="V-259756" selected="true" /><select idref="V-259757" selected="true" /><select idref="V-259758" selected="true" /><select idref="V-259759" selected="true" /></Profile><Profile id="MAC-2_Public"><title>II - Mission Support Public</title><description>&lt;ProfileDescription&gt;&lt;/ProfileDescription&gt;</description><select idref="V-259742" selected="true" /><select idref="V-259743" selected="true" /><select idref="V-259744" selected="true" /><select idref="V-259745" selected="true" /><select idref="V-259746" selected="true" /><select idref="V-259747" selected="true" /><select idref="V-259748" selected="true" /><select idref="V-259749" selected="true" /><select idref="V-259750" selected="true" /><select idref="V-259751" selected="true" /><select idref="V-259752" selected="true" /><select idref="V-259753" selected="true" /><select idref="V-259754" selected="true" /><select idref="V-259755" selected="true" /><select idref="V-259756" selected="true" /><select idref="V-259757" selected="true" /><select idref="V-259758" selected="true" /><select idref="V-259759" selected="true" /></Profile><Profile id="MAC-2_Sensitive"><title>II - Mission Support Sensitive</title><description>&lt;ProfileDescription&gt;&lt;/ProfileDescription&gt;</description><select idref="V-259742" selected="true" /><select idref="V-259743" selected="true" /><select idref="V-259744" selected="true" /><select idref="V-259745" selected="true" /><select idref="V-259746" selected="true" /><select idref="V-259747" selected="true" /><select idref="V-259748" selected="true" /><select idref="V-259749" selected="true" /><select idref="V-259750" selected="true" /><select idref="V-259751" selected="true" /><select idref="V-259752" selected="true" /><select idref="V-259753" selected="true" /><select idref="V-259754" selected="true" /><select idref="V-259755" selected="true" /><select idref="V-259756" selected="true" /><select idref="V-259757" selected="true" /><select idref="V-259758" selected="true" /><select idref="V-259759" selected="true" /></Profile><Profile id="MAC-3_Classified"><title>III - Administrative Classified</title><description>&lt;ProfileDescription&gt;&lt;/ProfileDescription&gt;</description><select idref="V-259742" selected="true" /><select idref="V-259743" selected="true" /><select idref="V-259744" selected="true" /><select idref="V-259745" selected="true" /><select idref="V-259746" selected="true" /><select idref="V-259747" selected="true" /><select idref="V-259748" selected="true" /><select idref="V-259749" selected="true" /><select idref="V-259750" selected="true" /><select idref="V-259751" selected="true" /><select idref="V-259752" selected="true" /><select idref="V-259753" selected="true" /><select idref="V-259754" selected="true" /><select idref="V-259755" selected="true" /><select idref="V-259756" selected="true" /><select idref="V-259757" selected="true" /><select idref="V-259758" selected="true" /><select idref="V-259759" selected="true" /></Profile><Profile id="MAC-3_Public"><title>III - Administrative Public</title><description>&lt;ProfileDescription&gt;&lt;/ProfileDescription&gt;</description><select idref="V-259742" selected="true" /><select idref="V-259743" selected="true" /><select idref="V-259744" selected="true" /><select idref="V-259745" selected="true" /><select idref="V-259746" selected="true" /><select idref="V-259747" selected="true" /><select idref="V-259748" selected="true" /><select idref="V-259749" selected="true" /><select idref="V-259750" selected="true" /><select idref="V-259751" selected="true" /><select idref="V-259752" selected="true" /><select idref="V-259753" selected="true" /><select idref="V-259754" selected="true" /><select idref="V-259755" selected="true" /><select idref="V-259756" selected="true" /><select idref="V-259757" selected="true" /><select idref="V-259758" selected="true" /><select idref="V-259759" selected="true" /></Profile><Profile id="MAC-3_Sensitive"><title>III - Administrative Sensitive</title><description>&lt;ProfileDescription&gt;&lt;/ProfileDescription&gt;</description><select idref="V-259742" selected="true" /><select idref="V-259743" selected="true" /><select idref="V-259744" selected="true" /><select idref="V-259745" selected="true" /><select idref="V-259746" selected="true" /><select idref="V-259747" selected="true" /><select idref="V-259748" selected="true" /><select idref="V-259749" selected="true" /><select idref="V-259750" selected="true" /><select idref="V-259751" selected="true" /><select idref="V-259752" selected="true" /><select idref="V-259753" selected="true" /><select idref="V-259754" selected="true" /><select idref="V-259755" selected="true" /><select idref="V-259756" selected="true" /><select idref="V-259757" selected="true" /><select idref="V-259758" selected="true" /><select idref="V-259759" selected="true" /></Profile><Group id="V-259742"><title>PP-BYO-000020</title><description>&lt;GroupDescription&gt;&lt;/GroupDescription&gt;</description><Rule id="SV-259742r943551_rule" weight="10.0" severity="medium"><version>AIOS-17-800020</version><title>The EMM system supporting the iOS/iPadOS 17 BYOAD must be configured for autonomous monitoring, compliance, and validation to ensure security/configuration settings of mobile devices do not deviate from the approved configuration baseline.</title><description>&lt;VulnDiscussion&gt;DOD policy requires BYOAD devices with DOD data be managed by a DOD MDM server, MAM server, or VMI system. This ensures the device can be monitored for compliance with the approved security baseline and managed data and apps can be removed when the device is out of compliance, which protects DOD data from unauthorized exposure.

Examples of possible EMM security controls are as follows:
1. Device access restrictions: Restrict or isolate access based on the device's access type (i.e., from the internet), authentication type (e.g., password), credential strength, etc.
2. User and device activity monitoring: Configured to detect anomalous activity, malicious activity, and unauthorized attempts to access DOD information.
3. Device health tracking: Monitor device attestation, health, and agents reporting compromised applications, connections, intrusions, and/or signatures.

Reference: DOD policy "Use of Non-Government Mobile Devices". 3.a.(3)ii, 3.b.(2)ii,1 and 2.

SFR ID: FMT_SMF_EXT.1.1 #47&lt;/VulnDiscussion&gt;&lt;FalsePositives&gt;&lt;/FalsePositives&gt;&lt;FalseNegatives&gt;&lt;/FalseNegatives&gt;&lt;Documentable&gt;false&lt;/Documentable&gt;&lt;Mitigations&gt;&lt;/Mitigations&gt;&lt;SeverityOverrideGuidance&gt;&lt;/SeverityOverrideGuidance&gt;&lt;PotentialImpacts&gt;&lt;/PotentialImpacts&gt;&lt;ThirdPartyTools&gt;&lt;/ThirdPartyTools&gt;&lt;MitigationControl&gt;&lt;/MitigationControl&gt;&lt;Responsibility&gt;&lt;/Responsibility&gt;&lt;IAControls&gt;&lt;/IAControls&gt;</description><reference><dc:title>DPMS Target Apple iOS-iPadOS 17 BYOAD </dc:title><dc:publisher>DISA</dc:publisher><dc:type>DPMS Target</dc:type><dc:subject>Apple iOS-iPadOS 17 BYOAD </dc:subject><dc:identifier>5581</dc:identifier></reference><ident system="http://cyber.mil/cci">CCI-000366</ident><fixtext fixref="F-63385r943550_fix">Configure the EMM system supporting the iOS/iPadOS 17 BYOAD to conduct autonomous monitoring, compliance, and validation to ensure security/configuration settings of mobile devices do not deviate from the approved configuration baseline. The exact procedure will depend on the EMM system used at the site.</fixtext><fix id="F-63385r943550_fix" /><check system="C-63478r943549_chk"><check-content-ref href="Apple_iOS-iPadOS_17_BYOAD__STIG.xml" name="M" /><check-content>Verify the EMM system supporting the iOS/iPadOS 17 BYOAD has been configured to conduct autonomous monitoring, compliance, and validation to ensure security/configuration settings of mobile devices do not deviate from the approved configuration baseline. The exact procedure will depend on the EMM system used at the site.

If the EMM system supporting the iOS/iPadOS 17 BYOAD has not been configured to conduct autonomous monitoring, compliance, and validation to ensure security/configuration settings of mobile devices, this is a finding.</check-content></check></Rule></Group><Group id="V-259743"><title>PP-BYO-000030</title><description>&lt;GroupDescription&gt;&lt;/GroupDescription&gt;</description><Rule id="SV-259743r943554_rule" weight="10.0" severity="medium"><version>AIOS-17-800030</version><title>The EMM system supporting the iOS/iPadOS 17 BYOAD must be configured to initiate autonomous monitoring, compliance, and validation prior to granting the BYOAD access to DOD information and IT resources.</title><description>&lt;VulnDiscussion&gt;DOD policy requires BYOAD devices with DOD data be managed by a DOD MDM server, MAM server, or VMI system. This ensures the device can be monitored for compliance with the approved security baseline and managed data and apps can be removed when the device is out of compliance, which protects DOD data from unauthorized exposure.

Reference: DOD policy "Use of Non-Government Mobile Devices". 3.a.(3)iii.

SFR ID: FMT_SMF_EXT.1.1 #47&lt;/VulnDiscussion&gt;&lt;FalsePositives&gt;&lt;/FalsePositives&gt;&lt;FalseNegatives&gt;&lt;/FalseNegatives&gt;&lt;Documentable&gt;false&lt;/Documentable&gt;&lt;Mitigations&gt;&lt;/Mitigations&gt;&lt;SeverityOverrideGuidance&gt;&lt;/SeverityOverrideGuidance&gt;&lt;PotentialImpacts&gt;&lt;/PotentialImpacts&gt;&lt;ThirdPartyTools&gt;&lt;/ThirdPartyTools&gt;&lt;MitigationControl&gt;&lt;/MitigationControl&gt;&lt;Responsibility&gt;&lt;/Responsibility&gt;&lt;IAControls&gt;&lt;/IAControls&gt;</description><reference><dc:title>DPMS Target Apple iOS-iPadOS 17 BYOAD </dc:title><dc:publisher>DISA</dc:publisher><dc:type>DPMS Target</dc:type><dc:subject>Apple iOS-iPadOS 17 BYOAD </dc:subject><dc:identifier>5581</dc:identifier></reference><ident system="http://cyber.mil/cci">CCI-000366</ident><fixtext fixref="F-63386r943553_fix">Configure the EMM system supporting the iOS/iPadOS 17 BYOAD to initiate autonomous monitoring, compliance, and validation prior to granting the BYOAD access to DOD information and IT resources. The exact procedure will depend on the EMM system used at the site.</fixtext><fix id="F-63386r943553_fix" /><check system="C-63479r943552_chk"><check-content-ref href="Apple_iOS-iPadOS_17_BYOAD__STIG.xml" name="M" /><check-content>Verify the EMM system supporting the iOS/iPadOS 17 BYOAD has been configured to initiate autonomous monitoring, compliance, and validation prior to granting the BYOAD access to DOD information and IT resources. The exact procedure will depend on the EMM system used at the site.

If the EMM system supporting the iOS/iPadOS 17 BYOAD has not been configured to initiate autonomous monitoring, compliance, and validation prior to granting the BYOAD access to DOD information and IT resources, this is a finding.</check-content></check></Rule></Group><Group id="V-259744"><title>PP-BYO-000040</title><description>&lt;GroupDescription&gt;&lt;/GroupDescription&gt;</description><Rule id="SV-259744r943557_rule" weight="10.0" severity="medium"><version>AIOS-17-800040</version><title>The EMM system supporting the iOS/iPadOS 17 BYOAD must be configured to detect if the BYOAD native security controls are disabled.</title><description>&lt;VulnDiscussion&gt;Examples of indicators that the device native security controls have been disabled include jailbroken or rooted devices.

DOD policy requires BYOAD devices with DOD data be managed by a DOD MDM server, MAM server, or VMI system. This ensures the device can be monitored for compliance with the approved security baseline and the work profile can be removed when the device is out of compliance, which protects DOD data from unauthorized exposure. Detection via collection and analysis of BYOAD-generated logs for noncompliance indicators is acceptable.

This detection capability must be implemented prior to BYOAD access to DOD information and IT resources and continuously monitored on the DOD-managed segment of the BYOAD enrolled in the program. If non-DOD information (i.e., personal user data, device information) outside the DOD-managed segment of the BYOAD is required to be accessed, collected, monitored, tracked (i.e., location), or maintained, the circumstances under which this may be done must be outlined in the user agreement.

Reference: DOD policy "Use of Non-Government Mobile Devices". 3.a.(3)iii.

SFR ID: FMT_SMF_EXT.1.1 #47&lt;/VulnDiscussion&gt;&lt;FalsePositives&gt;&lt;/FalsePositives&gt;&lt;FalseNegatives&gt;&lt;/FalseNegatives&gt;&lt;Documentable&gt;false&lt;/Documentable&gt;&lt;Mitigations&gt;&lt;/Mitigations&gt;&lt;SeverityOverrideGuidance&gt;&lt;/SeverityOverrideGuidance&gt;&lt;PotentialImpacts&gt;&lt;/PotentialImpacts&gt;&lt;ThirdPartyTools&gt;&lt;/ThirdPartyTools&gt;&lt;MitigationControl&gt;&lt;/MitigationControl&gt;&lt;Responsibility&gt;&lt;/Responsibility&gt;&lt;IAControls&gt;&lt;/IAControls&gt;</description><reference><dc:title>DPMS Target Apple iOS-iPadOS 17 BYOAD </dc:title><dc:publisher>DISA</dc:publisher><dc:type>DPMS Target</dc:type><dc:subject>Apple iOS-iPadOS 17 BYOAD </dc:subject><dc:identifier>5581</dc:identifier></reference><ident system="http://cyber.mil/cci">CCI-000366</ident><fixtext fixref="F-63387r943556_fix">Configure the EMM system supporting the iOS/iPadOS 17 BYOAD to detect if the BYOAD native security controls are disabled. The exact procedure will depend on the EMM system used at the site.</fixtext><fix id="F-63387r943556_fix" /><check system="C-63480r943555_chk"><check-content-ref href="Apple_iOS-iPadOS_17_BYOAD__STIG.xml" name="M" /><check-content>Verify the EMM system supporting the iOS/iPadOS 17 BYOAD has been configured to detect if the BYOAD native security controls are disabled. The exact procedure will depend on the EMM system used at the site.

If the EMM system supporting the iOS/iPadOS 17 BYOAD is not configured to detect if the BYOAD native security controls are disabled, this is a finding.</check-content></check></Rule></Group><Group id="V-259745"><title>PP-BYO-000050</title><description>&lt;GroupDescription&gt;&lt;/GroupDescription&gt;</description><Rule id="SV-259745r943560_rule" weight="10.0" severity="medium"><version>AIOS-17-800050</version><title>The EMM system supporting the iOS/iPadOS 17 BYOAD must be configured to detect if known malicious, blocked, or prohibited applications are installed on the BYOAD (DOD-managed segment only).</title><description>&lt;VulnDiscussion&gt;DOD policy requires BYOAD devices with DOD data be managed by a DOD MDM server, MAM server, or VMI system. This ensures the device can be monitored for compliance with the approved security baseline and managed data and apps can be removed when the device is out of compliance, which protects DOD data from unauthorized exposure. Detection via collection and analysis of BYOAD-generated logs for noncompliance indicators is acceptable.

This detection capability must be implemented prior to AMD (Approved Mobile Device, called BYOAD device in the STIG) enrollment and AMD access to DOD information and IT resources and continuously monitored on the DOD-managed segment of the AMD enrolled in the program. If non-DOD information (i.e., personal user data, device information) outside the DOD-managed segment of the AMD is required to be accessed, collected, monitored, tracked (i.e., location), or maintained, the circumstances under which this may be done must be outlined in the user agreement.

Reference: DOD policy "Use of Non-Government Mobile Devices". 3.a.(3)iii.

SFR ID: FMT_SMF_EXT.1.1 #47&lt;/VulnDiscussion&gt;&lt;FalsePositives&gt;&lt;/FalsePositives&gt;&lt;FalseNegatives&gt;&lt;/FalseNegatives&gt;&lt;Documentable&gt;false&lt;/Documentable&gt;&lt;Mitigations&gt;&lt;/Mitigations&gt;&lt;SeverityOverrideGuidance&gt;&lt;/SeverityOverrideGuidance&gt;&lt;PotentialImpacts&gt;&lt;/PotentialImpacts&gt;&lt;ThirdPartyTools&gt;&lt;/ThirdPartyTools&gt;&lt;MitigationControl&gt;&lt;/MitigationControl&gt;&lt;Responsibility&gt;&lt;/Responsibility&gt;&lt;IAControls&gt;&lt;/IAControls&gt;</description><reference><dc:title>DPMS Target Apple iOS-iPadOS 17 BYOAD </dc:title><dc:publisher>DISA</dc:publisher><dc:type>DPMS Target</dc:type><dc:subject>Apple iOS-iPadOS 17 BYOAD </dc:subject><dc:identifier>5581</dc:identifier></reference><ident system="http://cyber.mil/cci">CCI-000366</ident><fixtext fixref="F-63388r943559_fix">Implement an app vetting process before managed apps are placed in the MDM app repository.</fixtext><fix id="F-63388r943559_fix" /><check system="C-63481r943558_chk"><check-content-ref href="Apple_iOS-iPadOS_17_BYOAD__STIG.xml" name="M" /><check-content>Verify an app vetting process is being used before managed apps are placed in the MDM app repository.

If an app vetting process is not being used before managed apps are placed in the MDM app repository, this is a finding.</check-content></check></Rule></Group><Group id="V-259746"><title>PP-BYO-000060</title><description>&lt;GroupDescription&gt;&lt;/GroupDescription&gt;</description><Rule id="SV-259746r943563_rule" weight="10.0" severity="medium"><version>AIOS-17-800060</version><title>The EMM system supporting the iOS/iPadOS 17 BYOAD must be configured to detect if the BYOAD is configured to access nonapproved third-party applications stores (DOD-managed segment only).</title><description>&lt;VulnDiscussion&gt;DOD policy requires BYOAD devices with DOD data be managed by a DOD MDM server, MAM server, or VMI system. This ensures the device can be monitored for compliance with the approved security baseline and managed data and apps can be removed when the device is out of compliance, which protects DOD data from unauthorized exposure. Detection via collection and analysis of BYOAD-generated logs for noncompliance indicators is acceptable.

This detection capability must be implemented prior to AMD (Approved Mobile Device, called BYOAD device in the STIG) enrollment and AMD access to DOD information and IT resources and continuously monitored on the DOD-managed segment of the AMD enrolled in the program. If non-DOD information (i.e., personal user data, device information) outside the DOD-managed segment of the AMD is required to be accessed, collected, monitored, tracked (i.e., location), or maintained, the circumstances under which this may be done must be outlined in the user agreement.

Reference: DOD policy "Use of Non-Government Mobile Devices". 3.a.(3)iii.

SFR ID: FMT_SMF_EXT.1.1 #47&lt;/VulnDiscussion&gt;&lt;FalsePositives&gt;&lt;/FalsePositives&gt;&lt;FalseNegatives&gt;&lt;/FalseNegatives&gt;&lt;Documentable&gt;false&lt;/Documentable&gt;&lt;Mitigations&gt;&lt;/Mitigations&gt;&lt;SeverityOverrideGuidance&gt;&lt;/SeverityOverrideGuidance&gt;&lt;PotentialImpacts&gt;&lt;/PotentialImpacts&gt;&lt;ThirdPartyTools&gt;&lt;/ThirdPartyTools&gt;&lt;MitigationControl&gt;&lt;/MitigationControl&gt;&lt;Responsibility&gt;&lt;/Responsibility&gt;&lt;IAControls&gt;&lt;/IAControls&gt;</description><reference><dc:title>DPMS Target Apple iOS-iPadOS 17 BYOAD </dc:title><dc:publisher>DISA</dc:publisher><dc:type>DPMS Target</dc:type><dc:subject>Apple iOS-iPadOS 17 BYOAD </dc:subject><dc:identifier>5581</dc:identifier></reference><ident system="http://cyber.mil/cci">CCI-000366</ident><fixtext fixref="F-63389r943562_fix">Install a configuration profile to disable "Allow Trusting New Enterprise App Authors".

Note: This requirement is the same as AIOS-17-707000 in the Apple iOS/iPadOS 17 BYOAD STIG.</fixtext><fix id="F-63389r943562_fix" /><check system="C-63482r943561_chk"><check-content-ref href="Apple_iOS-iPadOS_17_BYOAD__STIG.xml" name="M" /><check-content>Review configuration settings to confirm "Allow Trusting New Enterprise App Authors" is disabled.

This procedure is performed in the Apple iOS/iPadOS management tool and on the iPhone and iPad.

Note: If an organization has multiple configuration profiles, the check procedure must be performed on the relevant configuration profiles applicable to the scope of the review.

In the Management tool, verify "Allow Trusting New Enterprise App Authors" is disabled.

On the iPhone and iPad:
1. Open the Settings app.
2. Tap "General".
3. Tap "Profiles &amp; Device Management" or "Profiles".
4. Tap the Configuration Profile from the Apple iOS/iPadOS management tool containing the restrictions policy.
5. Tap "Restrictions".
6. Verify "Trusting enterprise apps not allowed" is listed.

If "Allow Trusting New Enterprise App Authors" is not disabled in the iOS/iPadOS management tool or on the iPhone and iPad, this is a finding.

Note: This requirement is the same as AIOS-17-707000 in the Apple iOS/iPadOS 17 BYOAD STIG.</check-content></check></Rule></Group><Group id="V-259747"><title>PP-BYO-000070</title><description>&lt;GroupDescription&gt;&lt;/GroupDescription&gt;</description><Rule id="SV-259747r943566_rule" weight="10.0" severity="medium"><version>AIOS-17-800070</version><title>The EMM detection/monitoring system must use continuous monitoring of enrolled iOS/iPadOS 17 BYOAD.</title><description>&lt;VulnDiscussion&gt;DOD policy requires BYOAD devices with DOD data be managed by a DOD MDM server, MAM server, or VMI system. This ensures the device can be monitored for compliance with the approved security baseline and managed data and apps can be removed when the device is out of compliance, which protects DOD data from unauthorized exposure. Detection via collection and analysis of BYOAD-generated logs for noncompliance indicators is acceptable.

This detection capability must be implemented prior to AMD (Approved Mobile Device, called BYOAD device in the STIG) enrollment and AMD access to DOD information and IT resources and continuously monitored on the DOD-managed segment of the AMD enrolled in the program. If non-DOD information (i.e., personal user data, device information) outside the DOD-managed segment of the AMD is required to be accessed, collected, monitored, tracked (i.e., location), or maintained, the circumstances under which this may be done must be outlined in the user agreement.

Reference: DOD policy "Use of Non-Government Mobile Devices". 3.a.(3)iii.

SFR ID: FMT_SMF_EXT.1.1 #47&lt;/VulnDiscussion&gt;&lt;FalsePositives&gt;&lt;/FalsePositives&gt;&lt;FalseNegatives&gt;&lt;/FalseNegatives&gt;&lt;Documentable&gt;false&lt;/Documentable&gt;&lt;Mitigations&gt;&lt;/Mitigations&gt;&lt;SeverityOverrideGuidance&gt;&lt;/SeverityOverrideGuidance&gt;&lt;PotentialImpacts&gt;&lt;/PotentialImpacts&gt;&lt;ThirdPartyTools&gt;&lt;/ThirdPartyTools&gt;&lt;MitigationControl&gt;&lt;/MitigationControl&gt;&lt;Responsibility&gt;&lt;/Responsibility&gt;&lt;IAControls&gt;&lt;/IAControls&gt;</description><reference><dc:title>DPMS Target Apple iOS-iPadOS 17 BYOAD </dc:title><dc:publisher>DISA</dc:publisher><dc:type>DPMS Target</dc:type><dc:subject>Apple iOS-iPadOS 17 BYOAD </dc:subject><dc:identifier>5581</dc:identifier></reference><ident system="http://cyber.mil/cci">CCI-000366</ident><fixtext fixref="F-63390r943565_fix">Configure the EMM detection/monitoring system to use continuous monitoring of enrolled iOS/iPadOS 17 BYOAD. The exact procedure will depend on the EMM system used at the site.</fixtext><fix id="F-63390r943565_fix" /><check system="C-63483r943564_chk"><check-content-ref href="Apple_iOS-iPadOS_17_BYOAD__STIG.xml" name="M" /><check-content>Verify the EMM detection/monitoring system is configured to use continuous monitoring of enrolled iOS/iPadOS 17 BYOAD. The exact procedure will depend on the EMM system used at the site.

If the EMM detection/monitoring system is not configured to use continuous monitoring of enrolled iOS/iPadOS 17 BYOAD, this is a finding.</check-content></check></Rule></Group><Group id="V-259748"><title>PP-BYO-000080</title><description>&lt;GroupDescription&gt;&lt;/GroupDescription&gt;</description><Rule id="SV-259748r943569_rule" weight="10.0" severity="medium"><version>AIOS-17-800080</version><title>The iOS/iPadOS 17 BYOAD must be configured to either disable access to DOD data, IT systems, and user accounts or wipe managed data and apps if the EMM system detects native security controls are disabled.</title><description>&lt;VulnDiscussion&gt;Examples of indicators that the native device security controls have been disabled include jailbroken or rooted devices.

When a BYOAD is out of compliance, DOD data and apps must be removed to protect against compromise of sensitive DOD information.

Note: The site should review DOD and local data retention policies before wiping the work profile of a BYOAD device.

Reference: DOD policy "Use of Non-Government Mobile Devices". 3.b.(4), 3.b.(5)i.

SFR ID: FMT_SMF_EXT.1.1 #47&lt;/VulnDiscussion&gt;&lt;FalsePositives&gt;&lt;/FalsePositives&gt;&lt;FalseNegatives&gt;&lt;/FalseNegatives&gt;&lt;Documentable&gt;false&lt;/Documentable&gt;&lt;Mitigations&gt;&lt;/Mitigations&gt;&lt;SeverityOverrideGuidance&gt;&lt;/SeverityOverrideGuidance&gt;&lt;PotentialImpacts&gt;&lt;/PotentialImpacts&gt;&lt;ThirdPartyTools&gt;&lt;/ThirdPartyTools&gt;&lt;MitigationControl&gt;&lt;/MitigationControl&gt;&lt;Responsibility&gt;&lt;/Responsibility&gt;&lt;IAControls&gt;&lt;/IAControls&gt;</description><reference><dc:title>DPMS Target Apple iOS-iPadOS 17 BYOAD </dc:title><dc:publisher>DISA</dc:publisher><dc:type>DPMS Target</dc:type><dc:subject>Apple iOS-iPadOS 17 BYOAD </dc:subject><dc:identifier>5581</dc:identifier></reference><ident system="http://cyber.mil/cci">CCI-000366</ident><fixtext fixref="F-63391r943568_fix">Configure the EMM to either disable access to DOD data, IT systems, and user accounts on the iOS/iPadOS 17 BYOAD or wipe managed data and apps if it has been detected that native iOS/iPadOS 17 BYOAD security controls are disabled (e.g., jailbroken/rooted). The exact procedure will depend on the EMM system used at the site.

Note: When managed data and apps are wiped, all managed data and files in the Files app must be wiped as well.</fixtext><fix id="F-63391r943568_fix" /><check system="C-63484r943567_chk"><check-content-ref href="Apple_iOS-iPadOS_17_BYOAD__STIG.xml" name="M" /><check-content>Verify the EMM has been configured to either disable access to DOD data, IT systems, and user accounts on the iOS/iPadOS 17 BYOAD or wipe managed data and apps if it has been detected that native BYOAD security controls are disabled (e.g., jailbroken/rooted).

When managed data and apps are wiped, all managed data and files in the Files app must be wiped as well. The exact procedure will depend on the EMM system used at the site.

If the EMM has not been configured to either disable access to DOD data, IT systems, and user accounts on the iOS/iPadOS 17 BYOAD or wipe managed data and apps if it has been detected that native BYOAD security controls are disabled, this is a finding.</check-content></check></Rule></Group><Group id="V-259749"><title>PP-BYO-000090</title><description>&lt;GroupDescription&gt;&lt;/GroupDescription&gt;</description><Rule id="SV-259749r943572_rule" weight="10.0" severity="medium"><version>AIOS-17-800090</version><title>The iOS/iPadOS 17 BYOAD must be configured to either disable access to DOD data, IT systems, and user accounts or wipe managed data and apps if the EMM system detects the BYOAD device has known malicious, blocked, or prohibited applications or is configured to access nonapproved managed third-party applications stores.</title><description>&lt;VulnDiscussion&gt;When a BYOAD is out of compliance, DOD data and apps must be removed to protect against compromise of sensitive DOD information.

Reference: DOD policy "Use of Non-Government Mobile Devices". 3.a.(3)iii.

SFR ID: FMT_SMF_EXT.1.1 #47&lt;/VulnDiscussion&gt;&lt;FalsePositives&gt;&lt;/FalsePositives&gt;&lt;FalseNegatives&gt;&lt;/FalseNegatives&gt;&lt;Documentable&gt;false&lt;/Documentable&gt;&lt;Mitigations&gt;&lt;/Mitigations&gt;&lt;SeverityOverrideGuidance&gt;&lt;/SeverityOverrideGuidance&gt;&lt;PotentialImpacts&gt;&lt;/PotentialImpacts&gt;&lt;ThirdPartyTools&gt;&lt;/ThirdPartyTools&gt;&lt;MitigationControl&gt;&lt;/MitigationControl&gt;&lt;Responsibility&gt;&lt;/Responsibility&gt;&lt;IAControls&gt;&lt;/IAControls&gt;</description><reference><dc:title>DPMS Target Apple iOS-iPadOS 17 BYOAD </dc:title><dc:publisher>DISA</dc:publisher><dc:type>DPMS Target</dc:type><dc:subject>Apple iOS-iPadOS 17 BYOAD </dc:subject><dc:identifier>5581</dc:identifier></reference><ident system="http://cyber.mil/cci">CCI-000366</ident><fixtext fixref="F-63392r943571_fix">Configure the EMM system to either disable access to DOD data, IT systems, and user accounts or wipe managed data and apps if it has detected the iOS/iPadOS 17 BYOAD device has known malicious, blocked, or prohibited managed applications or is configured to access nonapproved third-party applications stores for managed apps.

Note: When managed data and apps are wiped, all managed data and files in the Files app must be wiped as well. The exact procedure will depend on the EMM system used at the site.</fixtext><fix id="F-63392r943571_fix" /><check system="C-63485r943570_chk"><check-content-ref href="Apple_iOS-iPadOS_17_BYOAD__STIG.xml" name="M" /><check-content>Verify the EMM system has been configured to either disable access to DOD data, IT systems, and user accounts or wipe managed data and apps if it has detected the iOS/iPadOS 17 BYOAD device has known malicious, blocked, or prohibited managed applications or is configured to access nonapproved third-party applications stores for managed apps.

When the Work profile is wiped, all managed data and files in the Files app must be wiped as well. The exact procedure will depend on the EMM system used at the site.

If the EMM system has not been configured to either disable access to DOD data, IT systems, and user accounts or wipe managed data and apps if it has detected the iOS/iPadOS 17 BYOAD device has known malicious, blocked, or prohibited managed applications or is configured to access nonapproved third-party applications stores for managed apps, this is a finding.</check-content></check></Rule></Group><Group id="V-259750"><title>PP-BYO-000100</title><description>&lt;GroupDescription&gt;&lt;/GroupDescription&gt;</description><Rule id="SV-259750r943575_rule" weight="10.0" severity="medium"><version>AIOS-17-800100</version><title>The iOS/iPadOS 17 BYOAD must be configured so that managed data and apps are removed if the device is no longer receiving security or software updates.</title><description>&lt;VulnDiscussion&gt;When a BYOAD is out of compliance, DOD data and apps must be removed to protect against compromise of sensitive DOD information.

Reference: DOD policy "Use of Non-Government Mobile Devices". 3.b.(1)ii.

SFR ID: FMT_SMF_EXT.1.1 #47&lt;/VulnDiscussion&gt;&lt;FalsePositives&gt;&lt;/FalsePositives&gt;&lt;FalseNegatives&gt;&lt;/FalseNegatives&gt;&lt;Documentable&gt;false&lt;/Documentable&gt;&lt;Mitigations&gt;&lt;/Mitigations&gt;&lt;SeverityOverrideGuidance&gt;&lt;/SeverityOverrideGuidance&gt;&lt;PotentialImpacts&gt;&lt;/PotentialImpacts&gt;&lt;ThirdPartyTools&gt;&lt;/ThirdPartyTools&gt;&lt;MitigationControl&gt;&lt;/MitigationControl&gt;&lt;Responsibility&gt;&lt;/Responsibility&gt;&lt;IAControls&gt;&lt;/IAControls&gt;</description><reference><dc:title>DPMS Target Apple iOS-iPadOS 17 BYOAD </dc:title><dc:publisher>DISA</dc:publisher><dc:type>DPMS Target</dc:type><dc:subject>Apple iOS-iPadOS 17 BYOAD </dc:subject><dc:identifier>5581</dc:identifier></reference><ident system="http://cyber.mil/cci">CCI-000366</ident><fixtext fixref="F-63393r943574_fix">Configure the EMM system so managed data and apps are removed if the iOS/iPadOS 17 BYOAD is no longer receiving security or software updates.

Note: When managed data and apps are wiped, all managed data and files in the Files app must be wiped as well. The exact procedure will depend on the EMM system used at the site.</fixtext><fix id="F-63393r943574_fix" /><check system="C-63486r943573_chk"><check-content-ref href="Apple_iOS-iPadOS_17_BYOAD__STIG.xml" name="M" /><check-content>Verify the EMM system is configured to wipe managed data and apps if the iOS/iPadOS 17 BYOAD is no longer receiving security or software updates.

When managed data and apps are wiped, all managed data and files in the Files app must be wiped as well. The exact procedure will depend on the EMM system used at the site.

If the EMM system is not configured to wipe managed data and apps if the iOS/iPadOS 17 BYOAD is no longer receiving security or software updates, this is a finding.</check-content></check></Rule></Group><Group id="V-259751"><title>PP-BYO-000110</title><description>&lt;GroupDescription&gt;&lt;/GroupDescription&gt;</description><Rule id="SV-259751r943578_rule" weight="10.0" severity="high"><version>AIOS-17-800110</version><title>The BYOAD and DOD enterprise must be configured to limit access to only enterprise IT resources approved by the authorizing official (AO).</title><description>&lt;VulnDiscussion&gt;Note: IT resources includes DOD networks and applications (for example, DOD email).

The system administrator must have the capability to limit access of the BYOAD to DOD networks and DOD IT resources based on mission needs and risk. An adversary could exploit vulnerabilities created by the weaker configuration to compromise DOD sensitive information. The AO should document networks, IT resources, and enterprise applications that BYOAD can access.

Examples of EMM security controls are as follows:
1. Device access restrictions: Restrict or isolate access based on the device's access type (i.e., from the internet), authentication type (e.g., password), credential strength, etc.
2. User and device activity monitoring: Configured to detect anomalous activity, malicious activity, and unauthorized attempts to access DOD information.
3. Device health tracking: Monitor device attestation, health, and agents reporting compromised applications, connections, intrusions, and/or signatures.

Reference: DOD policy "Use of Non-Government Mobile Devices". 3.b.(2)ii.

SFR ID: FMT_SMF_EXT.1.1 #47&lt;/VulnDiscussion&gt;&lt;FalsePositives&gt;&lt;/FalsePositives&gt;&lt;FalseNegatives&gt;&lt;/FalseNegatives&gt;&lt;Documentable&gt;false&lt;/Documentable&gt;&lt;Mitigations&gt;&lt;/Mitigations&gt;&lt;SeverityOverrideGuidance&gt;&lt;/SeverityOverrideGuidance&gt;&lt;PotentialImpacts&gt;&lt;/PotentialImpacts&gt;&lt;ThirdPartyTools&gt;&lt;/ThirdPartyTools&gt;&lt;MitigationControl&gt;&lt;/MitigationControl&gt;&lt;Responsibility&gt;&lt;/Responsibility&gt;&lt;IAControls&gt;&lt;/IAControls&gt;</description><reference><dc:title>DPMS Target Apple iOS-iPadOS 17 BYOAD </dc:title><dc:publisher>DISA</dc:publisher><dc:type>DPMS Target</dc:type><dc:subject>Apple iOS-iPadOS 17 BYOAD </dc:subject><dc:identifier>5581</dc:identifier></reference><ident system="http://cyber.mil/cci">CCI-000213</ident><fixtext fixref="F-63394r943577_fix">Configure the EEM system and DOD enterprise to limit iOS/iPadOS 17 BYOAD access to only AO-approved enterprise IT resources.

The exact procedure will depend on the EMM system used and IT resources at the site.</fixtext><fix id="F-63394r943577_fix" /><check system="C-63487r943576_chk"><check-content-ref href="Apple_iOS-iPadOS_17_BYOAD__STIG.xml" name="M" /><check-content>Verify the EMM system and DOD enterprise have been configured to limit iOS/iPadOS 17 BYOAD access to only AO-approved enterprise IT resources.

The exact procedure will depend on the EMM system used and IT resources at the site.

If the EMM system and DOD enterprise have not been configured to limit iOS/iPadOS 17 BYOAD access to only AO-approved enterprise IT resources, this is a finding.</check-content></check></Rule></Group><Group id="V-259752"><title>PP-BYO-000120</title><description>&lt;GroupDescription&gt;&lt;/GroupDescription&gt;</description><Rule id="SV-259752r943581_rule" weight="10.0" severity="low"><version>AIOS-17-800120</version><title>The iOS/iPadOS 17 BYOAD must be configured to protect users' privacy, personal information, and applications.</title><description>&lt;VulnDiscussion&gt;A key construct of a BYOAD is that user personal information and data are protected from exposure to the enterprise.

Reference: DOD policy "Use of Non-Government Mobile Devices". 3.b.(4), 3.b.(5).

SFR ID: FMT_SMF_EXT.1.1 #47&lt;/VulnDiscussion&gt;&lt;FalsePositives&gt;&lt;/FalsePositives&gt;&lt;FalseNegatives&gt;&lt;/FalseNegatives&gt;&lt;Documentable&gt;false&lt;/Documentable&gt;&lt;Mitigations&gt;&lt;/Mitigations&gt;&lt;SeverityOverrideGuidance&gt;&lt;/SeverityOverrideGuidance&gt;&lt;PotentialImpacts&gt;&lt;/PotentialImpacts&gt;&lt;ThirdPartyTools&gt;&lt;/ThirdPartyTools&gt;&lt;MitigationControl&gt;&lt;/MitigationControl&gt;&lt;Responsibility&gt;&lt;/Responsibility&gt;&lt;IAControls&gt;&lt;/IAControls&gt;</description><reference><dc:title>DPMS Target Apple iOS-iPadOS 17 BYOAD </dc:title><dc:publisher>DISA</dc:publisher><dc:type>DPMS Target</dc:type><dc:subject>Apple iOS-iPadOS 17 BYOAD </dc:subject><dc:identifier>5581</dc:identifier></reference><ident system="http://cyber.mil/cci">CCI-000366</ident><fixtext fixref="F-63395r943580_fix">Configure the EMM system to limit access to unmanaged data and apps on the iOS/iPadOS 17 BYOAD to protect users' privacy, personal information, and applications.

The exact procedure will depend on the EMM system used at the site.</fixtext><fix id="F-63395r943580_fix" /><check system="C-63488r943579_chk"><check-content-ref href="Apple_iOS-iPadOS_17_BYOAD__STIG.xml" name="M" /><check-content>Verify the EMM system has been configured to limit access to unmanaged data and apps on the iOS/iPadOS 17 BYOAD to protect users' privacy, personal information, and applications.

The exact procedure will depend on the EMM system used at the site.

If the BYOAD has not been configured to limit access to unmanaged data and apps on the iOS/iPadOS 17 BYOAD, this is a finding.</check-content></check></Rule></Group><Group id="V-259753"><title>PP-BYO-000130</title><description>&lt;GroupDescription&gt;&lt;/GroupDescription&gt;</description><Rule id="SV-259753r943584_rule" weight="10.0" severity="low"><version>AIOS-17-800130</version><title>The EMM system supporting the iOS/iPadOS 17 BYOAD must be configured to only wipe managed data and apps and not unmanaged data and apps when the user's access is revoked or terminated, the user no longer has the need to access DOD data or IT, or the user reports a registered device as lost, stolen, or showing indicators of compromise.</title><description>&lt;VulnDiscussion&gt;DOD policy requires the protection and privacy of personal data and activities to the maximum extent possible on BYOADs.

Reference: DOD policy "Use of Non-Government Mobile Devices". 3.b.(5).

SFR ID: FMT_SMF_EXT.1.1 #47&lt;/VulnDiscussion&gt;&lt;FalsePositives&gt;&lt;/FalsePositives&gt;&lt;FalseNegatives&gt;&lt;/FalseNegatives&gt;&lt;Documentable&gt;false&lt;/Documentable&gt;&lt;Mitigations&gt;&lt;/Mitigations&gt;&lt;SeverityOverrideGuidance&gt;&lt;/SeverityOverrideGuidance&gt;&lt;PotentialImpacts&gt;&lt;/PotentialImpacts&gt;&lt;ThirdPartyTools&gt;&lt;/ThirdPartyTools&gt;&lt;MitigationControl&gt;&lt;/MitigationControl&gt;&lt;Responsibility&gt;&lt;/Responsibility&gt;&lt;IAControls&gt;&lt;/IAControls&gt;</description><reference><dc:title>DPMS Target Apple iOS-iPadOS 17 BYOAD </dc:title><dc:publisher>DISA</dc:publisher><dc:type>DPMS Target</dc:type><dc:subject>Apple iOS-iPadOS 17 BYOAD </dc:subject><dc:identifier>5581</dc:identifier></reference><ident system="http://cyber.mil/cci">CCI-000366</ident><fixtext fixref="F-63396r943583_fix">Train EMM system administrators supporting the iOS/iPadOS 17 BYOAD to only wipe managed data and apps when the user's access is revoked or terminated, the user no longer has the need to access DOD data or IT, or the user reports a registered device as lost, stolen, or showing indicators of compromise.</fixtext><fix id="F-63396r943583_fix" /><check system="C-63489r943582_chk"><check-content-ref href="Apple_iOS-iPadOS_17_BYOAD__STIG.xml" name="M" /><check-content>Verify the EMM system administrators supporting the iOS/iPadOS 17 BYOAD have been trained to only wipe managed data and apps when the user's access is revoked or terminated, the user no longer has the need to access DOD data or IT, or the user reports a registered device as lost, stolen, or showing indicators of compromise.

If the EMM system administrators supporting the iOS/iPadOS 17 BYOAD have not been trained to only wipe managed data and apps, this is a finding.</check-content></check></Rule></Group><Group id="V-259754"><title>PP-BYO-000150</title><description>&lt;GroupDescription&gt;&lt;/GroupDescription&gt;</description><Rule id="SV-259754r943587_rule" weight="10.0" severity="medium"><version>AIOS-17-800150</version><title>The iOS/iPadOS 17 BYOAD must be deployed in Device Enrollment mode or User Enrollment mode.</title><description>&lt;VulnDiscussion&gt;DOD policy requires BYOAD devices with DOD data be managed by a DOD MDM server, MAM server, or VMI system. This ensures the device can be monitored for compliance with the approved security baseline and the work profile can be removed when the device is out of compliance, which protects DOD data from unauthorized exposure.

Note: Technical limitations prohibit using Apple iOS/iPadOS User Enrollment in most DOD environments.

Reference: DOD policy "Use of Non-Government Mobile Devices". 

SFR ID: FMT_SMF_EXT.1.1 #47&lt;/VulnDiscussion&gt;&lt;FalsePositives&gt;&lt;/FalsePositives&gt;&lt;FalseNegatives&gt;&lt;/FalseNegatives&gt;&lt;Documentable&gt;false&lt;/Documentable&gt;&lt;Mitigations&gt;&lt;/Mitigations&gt;&lt;SeverityOverrideGuidance&gt;&lt;/SeverityOverrideGuidance&gt;&lt;PotentialImpacts&gt;&lt;/PotentialImpacts&gt;&lt;ThirdPartyTools&gt;&lt;/ThirdPartyTools&gt;&lt;MitigationControl&gt;&lt;/MitigationControl&gt;&lt;Responsibility&gt;&lt;/Responsibility&gt;&lt;IAControls&gt;&lt;/IAControls&gt;</description><reference><dc:title>DPMS Target Apple iOS-iPadOS 17 BYOAD </dc:title><dc:publisher>DISA</dc:publisher><dc:type>DPMS Target</dc:type><dc:subject>Apple iOS-iPadOS 17 BYOAD </dc:subject><dc:identifier>5581</dc:identifier></reference><ident system="http://cyber.mil/cci">CCI-000213</ident><fixtext fixref="F-63397r943586_fix">Deploy iOS/iPadOS 17 BYOAD in Device Enrollment mode or User Enrollment mode. 

The exact procedure will depend on the EMM system used at the site.</fixtext><fix id="F-63397r943586_fix" /><check system="C-63490r943585_chk"><check-content-ref href="Apple_iOS-iPadOS_17_BYOAD__STIG.xml" name="M" /><check-content>Verify iOS/iPadOS 17 BYOAD has been deployed in Device Enrollment mode or User Enrollment mode.

This procedure is performed on the iPhone and iPad.

For Device Enrollment:
1. On the device, go to Settings &gt;&gt; General &gt;&gt; VPN &amp; Device Management.
2. Verify a Mobile Device Management profile is installed on the device.

For User Enrollment:
1. On the device, go to Settings &gt;&gt; General &gt;&gt; VPN &amp; Device Management.
2. Verify a Mobile Device Management profile is installed on the device.
3. On the device, go to "Settings" and click on the User icon. 
4. Verify a work AppleID is listed.

If the iOS/iPadOS 17 BYOAD has not been deployed in Device Enrollment mode or User Enrollment mode, this is a finding.</check-content></check></Rule></Group><Group id="V-259755"><title>PP-BYO-000200</title><description>&lt;GroupDescription&gt;&lt;/GroupDescription&gt;</description><Rule id="SV-259755r943590_rule" weight="10.0" severity="high"><version>AIOS-17-800200</version><title>The EMM system supporting the iOS/iPadOS 17 BYOAD must be NIAP validated (included on the NIAP list of compliant products or products in evaluation) unless the DOD CIO has granted an approved Exception to Policy (E2P).</title><description>&lt;VulnDiscussion&gt;Note: For a virtual mobile infrastructure (VMI) solution, both the client and server components must be NIAP compliant.

Nonapproved EMM systems may not include sufficient controls to protect work data, applications, and networks from malware or adversary attack. EMM systems include mobile device management (MDM), mobile application management (MAM), mobile content management (MCM), or VMI.

Components must only approve devices listed on the NIAP product compliant list or products listed in evaluation at the following links respectively:
- https://www.niap-ccevs.org/Product/
- https://www.niap-ccevs.org/Product/PINE.cfm

Reference: DOD policy "Use of Non-Government Mobile Devices". 3.a.(2).

SFR ID: FMT_SMF_EXT.1.1 #47&lt;/VulnDiscussion&gt;&lt;FalsePositives&gt;&lt;/FalsePositives&gt;&lt;FalseNegatives&gt;&lt;/FalseNegatives&gt;&lt;Documentable&gt;false&lt;/Documentable&gt;&lt;Mitigations&gt;&lt;/Mitigations&gt;&lt;SeverityOverrideGuidance&gt;&lt;/SeverityOverrideGuidance&gt;&lt;PotentialImpacts&gt;&lt;/PotentialImpacts&gt;&lt;ThirdPartyTools&gt;&lt;/ThirdPartyTools&gt;&lt;MitigationControl&gt;&lt;/MitigationControl&gt;&lt;Responsibility&gt;&lt;/Responsibility&gt;&lt;IAControls&gt;&lt;/IAControls&gt;</description><reference><dc:title>DPMS Target Apple iOS-iPadOS 17 BYOAD </dc:title><dc:publisher>DISA</dc:publisher><dc:type>DPMS Target</dc:type><dc:subject>Apple iOS-iPadOS 17 BYOAD </dc:subject><dc:identifier>5581</dc:identifier></reference><ident system="http://cyber.mil/cci">CCI-000366</ident><fixtext fixref="F-63398r943589_fix">Only use an EMM system supporting the iOS/iPadOS 17 BYOAD that is NIAP validated (included on the NIAP list of compliant products or products in evaluation) unless the DOD CIO has granted an approved E2P.

Note: For a VMI solution, both the client and server components must be NIAP compliant.</fixtext><fix id="F-63398r943589_fix" /><check system="C-63491r943588_chk"><check-content-ref href="Apple_iOS-iPadOS_17_BYOAD__STIG.xml" name="M" /><check-content>Verify the EMM system supporting the iOS/iPadOS BYOAD is NIAP validated (included on the NIAP list of compliant products or products in evaluation).

If it is not, verify the DOD CIO has granted an approved E2P.

Note: For a VMI solution, both the client and server components must be NIAP compliant.

If the EMM system supporting the iOS/iPadOS BYOAD is not NIAP validated (included on the NIAP list of compliant products or products in evaluation) and the DOD CIO has not granted an approved E2P, this is a finding.</check-content></check></Rule></Group><Group id="V-259756"><title>PP-BYO-000210</title><description>&lt;GroupDescription&gt;&lt;/GroupDescription&gt;</description><Rule id="SV-259756r943593_rule" weight="10.0" severity="low"><version>AIOS-17-800210</version><title>The User Agreement must include a description of what personal data and information is being monitored, collected, or managed by the EMM system or deployed agents or tools.</title><description>&lt;VulnDiscussion&gt;DOD policy states BYOAD owners must sign a user agreement and be made aware of what personal data and activities will be monitored by the enterprise by including this information in the user agreement.

Reference: DOD policy "Use of Non-Government Mobile Devices" 3.a.(3)ii, and 3.c.(4).

SFR ID: FMT_SMF_EXT.1.1 #47&lt;/VulnDiscussion&gt;&lt;FalsePositives&gt;&lt;/FalsePositives&gt;&lt;FalseNegatives&gt;&lt;/FalseNegatives&gt;&lt;Documentable&gt;false&lt;/Documentable&gt;&lt;Mitigations&gt;&lt;/Mitigations&gt;&lt;SeverityOverrideGuidance&gt;&lt;/SeverityOverrideGuidance&gt;&lt;PotentialImpacts&gt;&lt;/PotentialImpacts&gt;&lt;ThirdPartyTools&gt;&lt;/ThirdPartyTools&gt;&lt;MitigationControl&gt;&lt;/MitigationControl&gt;&lt;Responsibility&gt;&lt;/Responsibility&gt;&lt;IAControls&gt;&lt;/IAControls&gt;</description><reference><dc:title>DPMS Target Apple iOS-iPadOS 17 BYOAD </dc:title><dc:publisher>DISA</dc:publisher><dc:type>DPMS Target</dc:type><dc:subject>Apple iOS-iPadOS 17 BYOAD </dc:subject><dc:identifier>5581</dc:identifier></reference><ident system="http://cyber.mil/cci">CCI-000366</ident><fixtext fixref="F-63399r943592_fix">Include a description in the user agreement of what personal data and information is being monitored, collected, or managed by the EMM system or deployed agents or tools.</fixtext><fix id="F-63399r943592_fix" /><check system="C-63492r943591_chk"><check-content-ref href="Apple_iOS-iPadOS_17_BYOAD__STIG.xml" name="M" /><check-content>Verify the user agreement includes a description of what personal data and information is being monitored, collected, or managed by the EMM system or deployed agents or tools.

If the user agreement does not include a description of what personal data and information is being monitored, collected, or managed by the EMM system or deployed agents or tools, this is a finding.</check-content></check></Rule></Group><Group id="V-259757"><title>PP-BYO-000220</title><description>&lt;GroupDescription&gt;&lt;/GroupDescription&gt;</description><Rule id="SV-259757r943596_rule" weight="10.0" severity="medium"><version>AIOS-17-800220</version><title>The DOD Mobile Service Provider must not allow BYOADs in facilities where personally owned mobile devices are prohibited.</title><description>&lt;VulnDiscussion&gt;DOD policy requires BYOAD devices with DOD data be managed by a DOD MDM server, MAM server, or VMI system. This ensures the device can be monitored for compliance with the approved security baseline and managed data and apps can be removed when the device is out of compliance, which protects DOD data from unauthorized exposure. 

Follow local physical security procedures regarding allowing or prohibiting personally owned mobile devices in a DOD facility. If BYOAD devices are brought into facilities where the authorizing official (AO) has determined the risk of using personal devices is unacceptable, this could lead to the exposure of sensitive DOD data.

SFR ID: FMT_SMF_EXT.1.1 #47&lt;/VulnDiscussion&gt;&lt;FalsePositives&gt;&lt;/FalsePositives&gt;&lt;FalseNegatives&gt;&lt;/FalseNegatives&gt;&lt;Documentable&gt;false&lt;/Documentable&gt;&lt;Mitigations&gt;&lt;/Mitigations&gt;&lt;SeverityOverrideGuidance&gt;&lt;/SeverityOverrideGuidance&gt;&lt;PotentialImpacts&gt;&lt;/PotentialImpacts&gt;&lt;ThirdPartyTools&gt;&lt;/ThirdPartyTools&gt;&lt;MitigationControl&gt;&lt;/MitigationControl&gt;&lt;Responsibility&gt;&lt;/Responsibility&gt;&lt;IAControls&gt;&lt;/IAControls&gt;</description><reference><dc:title>DPMS Target Apple iOS-iPadOS 17 BYOAD </dc:title><dc:publisher>DISA</dc:publisher><dc:type>DPMS Target</dc:type><dc:subject>Apple iOS-iPadOS 17 BYOAD </dc:subject><dc:identifier>5581</dc:identifier></reference><ident system="http://cyber.mil/cci">CCI-000382</ident><fixtext fixref="F-63400r943595_fix">Do not allow BYOADs in facilities where personally owned mobile devices are prohibited.</fixtext><fix id="F-63400r943595_fix" /><check system="C-63493r943594_chk"><check-content-ref href="Apple_iOS-iPadOS_17_BYOAD__STIG.xml" name="M" /><check-content>Verify the DOD Mobile Service Provider or information system security officer (ISSO)/information system security manager (ISSM) do not allow BYOADs in facilities where personally owned mobile devices are prohibited.

If the DOD Mobile Service Provider or ISSO/ISSM allows BYOADs in facilities where personally owned mobile devices are prohibited, this is a finding.</check-content></check></Rule></Group><Group id="V-259758"><title>PP-BYO-000230</title><description>&lt;GroupDescription&gt;&lt;/GroupDescription&gt;</description><Rule id="SV-259758r943599_rule" weight="10.0" severity="medium"><version>AIOS-17-800230</version><title>The iOS/iPadOS 17 BYOAD must be configured to disable device cameras and/or microphones when brought into DOD facilities where mobile phone cameras and/or microphones are prohibited.</title><description>&lt;VulnDiscussion&gt;In some DOD operational environments, the use of the mobile device camera or microphone could lead to a security incident or compromise of DOD information. The system administrator must have the capability to disable the mobile device camera and/or microphone based on mission needs. Alternatively, mobile devices with cameras or microphones that cannot be disabled must be prohibited from the facility by the information system security officer (ISSO)/information system security manager (ISSM).

If BYOAD devices are brought into facilities where the authorizing official (AO) has determined the risk of using mobile device cameras or microphones is unacceptable, this could lead to the exposure of sensitive DOD data.

SFR ID: FMT_SMF_EXT.1.1 #47&lt;/VulnDiscussion&gt;&lt;FalsePositives&gt;&lt;/FalsePositives&gt;&lt;FalseNegatives&gt;&lt;/FalseNegatives&gt;&lt;Documentable&gt;false&lt;/Documentable&gt;&lt;Mitigations&gt;&lt;/Mitigations&gt;&lt;SeverityOverrideGuidance&gt;&lt;/SeverityOverrideGuidance&gt;&lt;PotentialImpacts&gt;&lt;/PotentialImpacts&gt;&lt;ThirdPartyTools&gt;&lt;/ThirdPartyTools&gt;&lt;MitigationControl&gt;&lt;/MitigationControl&gt;&lt;Responsibility&gt;&lt;/Responsibility&gt;&lt;IAControls&gt;&lt;/IAControls&gt;</description><reference><dc:title>DPMS Target Apple iOS-iPadOS 17 BYOAD </dc:title><dc:publisher>DISA</dc:publisher><dc:type>DPMS Target</dc:type><dc:subject>Apple iOS-iPadOS 17 BYOAD </dc:subject><dc:identifier>5581</dc:identifier></reference><ident system="http://cyber.mil/cci">CCI-000382</ident><fixtext fixref="F-63401r943598_fix">Do not allow iOS iPadOS 17 BYOADs in DOD facilities where mobile phone cameras and/or microphones are prohibited.

Refer to the site Facility Security SOP to determine site requirements.</fixtext><fix id="F-63401r943598_fix" /><check system="C-63494r943597_chk"><check-content-ref href="Apple_iOS-iPadOS_17_BYOAD__STIG.xml" name="M" /><check-content>Determine if iOS/iPadOS 17 BYOADs are prohibited in DOD facilities that prohibit mobile devices with cameras and microphones.

Refer to the site Facility Security Standard Operating Procedure (SOP) to determine site requirements.

If for DOD sites that prohibit mobile devices with cameras and microphones, the ISSO/ISSM has not prohibited iOS/iPadOS 17 BYOADs from the facility, this is a finding.</check-content></check></Rule></Group><Group id="V-259759"><title>PP-BYO-000200</title><description>&lt;GroupDescription&gt;&lt;/GroupDescription&gt;</description><Rule id="SV-259759r943602_rule" weight="10.0" severity="high"><version>AIOS-17-800280</version><title>The mobile device used for BYOAD must be NIAP validated.</title><description>&lt;VulnDiscussion&gt;Note: For a virtual mobile infrastructure (VMI) solution, both the client and server components must be NIAP compliant.

Nonapproved mobile devices may not include sufficient controls to protect work data, applications, and networks from malware or adversary attack.

Components must only approve devices listed on the NIAP product compliant list or products listed in evaluation at the following links respectively:
- https://www.niap-ccevs.org/Product/
- https://www.niap-ccevs.org/Product/PINE.cfm

Reference: DOD policy "Use of Non-Government Mobile Devices". 3.b.(1)i.

SFR ID: FMT_SMF_EXT.1.1 #47&lt;/VulnDiscussion&gt;&lt;FalsePositives&gt;&lt;/FalsePositives&gt;&lt;FalseNegatives&gt;&lt;/FalseNegatives&gt;&lt;Documentable&gt;false&lt;/Documentable&gt;&lt;Mitigations&gt;&lt;/Mitigations&gt;&lt;SeverityOverrideGuidance&gt;&lt;/SeverityOverrideGuidance&gt;&lt;PotentialImpacts&gt;&lt;/PotentialImpacts&gt;&lt;ThirdPartyTools&gt;&lt;/ThirdPartyTools&gt;&lt;MitigationControl&gt;&lt;/MitigationControl&gt;&lt;Responsibility&gt;&lt;/Responsibility&gt;&lt;IAControls&gt;&lt;/IAControls&gt;</description><reference><dc:title>DPMS Target Apple iOS-iPadOS 17 BYOAD </dc:title><dc:publisher>DISA</dc:publisher><dc:type>DPMS Target</dc:type><dc:subject>Apple iOS-iPadOS 17 BYOAD </dc:subject><dc:identifier>5581</dc:identifier></reference><ident system="http://cyber.mil/cci">CCI-000366</ident><fixtext fixref="F-63402r943601_fix">Use only mobile devices for BYOAD that are NIAP validated (included on the NIAP list of compliant products or products in evaluation).</fixtext><fix id="F-63402r943601_fix" /><check system="C-63495r943600_chk"><check-content-ref href="Apple_iOS-iPadOS_17_BYOAD__STIG.xml" name="M" /><check-content>Verify the mobile device used for BYOAD is NIAP validated (included on the NIAP list of compliant products or products in evaluation).

If the mobile device used for BYOAD is not NIAP validated (included on the NIAP list of compliant products or products in evaluation), this is a finding.</check-content></check></Rule></Group></Benchmark>